,imgPath,label
0,archive/GarbageClassification\cardboard\cardboard177.jpg,cardboard
1,archive/GarbageClassification\paper\paper125.jpg,paper
2,archive/GarbageClassification\paper\paper79.jpg,paper
3,archive/GarbageClassification\plastic\plastic272.jpg,plastic
4,archive/GarbageClassification\cardboard\cardboard215.jpg,cardboard
5,archive/GarbageClassification\paper\paper259.jpg,paper
6,archive/GarbageClassification\paper\paper140.jpg,paper
7,archive/GarbageClassification\paper\paper75.jpg,paper
8,archive/GarbageClassification\metal\metal343.jpg,metal
9,archive/GarbageClassification\trash\trash26.jpg,trash
10,archive/GarbageClassification\metal\metal89.jpg,metal
11,archive/GarbageClassification\plastic\plastic461.jpg,plastic
12,archive/GarbageClassification\cardboard\cardboard133.jpg,cardboard
13,archive/GarbageClassification\metal\metal137.jpg,metal
14,archive/GarbageClassification\metal\metal223.jpg,metal
15,archive/GarbageClassification\plastic\plastic376.jpg,plastic
16,archive/GarbageClassification\plastic\plastic432.jpg,plastic
17,archive/GarbageClassification\cardboard\cardboard137.jpg,cardboard
18,archive/GarbageClassification\metal\metal410.jpg,metal
19,archive/GarbageClassification\plastic\plastic69.jpg,plastic
20,archive/GarbageClassification\plastic\plastic24.jpg,plastic
21,archive/GarbageClassification\cardboard\cardboard276.jpg,cardboard
22,archive/GarbageClassification\cardboard\cardboard230.jpg,cardboard
23,archive/GarbageClassification\glass\glass143.jpg,glass
24,archive/GarbageClassification\trash\trash44.jpg,trash
25,archive/GarbageClassification\metal\metal124.jpg,metal
26,archive/GarbageClassification\metal\metal295.jpg,metal
27,archive/GarbageClassification\glass\glass379.jpg,glass
28,archive/GarbageClassification\plastic\plastic411.jpg,plastic
29,archive/GarbageClassification\cardboard\cardboard366.jpg,cardboard
30,archive/GarbageClassification\paper\paper426.jpg,paper
31,archive/GarbageClassification\cardboard\cardboard103.jpg,cardboard
32,archive/GarbageClassification\cardboard\cardboard38.jpg,cardboard
33,archive/GarbageClassification\paper\paper251.jpg,paper
34,archive/GarbageClassification\paper\paper568.jpg,paper
35,archive/GarbageClassification\plastic\plastic194.jpg,plastic
36,archive/GarbageClassification\glass\glass18.jpg,glass
37,archive/GarbageClassification\plastic\plastic45.jpg,plastic
38,archive/GarbageClassification\glass\glass161.jpg,glass
39,archive/GarbageClassification\glass\glass61.jpg,glass
40,archive/GarbageClassification\plastic\plastic138.jpg,plastic
41,archive/GarbageClassification\glass\glass450.jpg,glass
42,archive/GarbageClassification\glass\glass188.jpg,glass
43,archive/GarbageClassification\metal\metal283.jpg,metal
44,archive/GarbageClassification\metal\metal246.jpg,metal
45,archive/GarbageClassification\glass\glass97.jpg,glass
46,archive/GarbageClassification\cardboard\cardboard58.jpg,cardboard
47,archive/GarbageClassification\paper\paper176.jpg,paper
48,archive/GarbageClassification\cardboard\cardboard194.jpg,cardboard
49,archive/GarbageClassification\metal\metal24.jpg,metal
50,archive/GarbageClassification\paper\paper566.jpg,paper
51,archive/GarbageClassification\cardboard\cardboard332.jpg,cardboard
52,archive/GarbageClassification\cardboard\cardboard95.jpg,cardboard
53,archive/GarbageClassification\glass\glass422.jpg,glass
54,archive/GarbageClassification\metal\metal324.jpg,metal
55,archive/GarbageClassification\metal\metal339.jpg,metal
56,archive/GarbageClassification\glass\glass47.jpg,glass
57,archive/GarbageClassification\plastic\plastic338.jpg,plastic
58,archive/GarbageClassification\metal\metal13.jpg,metal
59,archive/GarbageClassification\paper\paper418.jpg,paper
60,archive/GarbageClassification\paper\paper16.jpg,paper
61,archive/GarbageClassification\trash\trash48.jpg,trash
62,archive/GarbageClassification\cardboard\cardboard216.jpg,cardboard
63,archive/GarbageClassification\plastic\plastic340.jpg,plastic
64,archive/GarbageClassification\plastic\plastic445.jpg,plastic
65,archive/GarbageClassification\paper\paper316.jpg,paper
66,archive/GarbageClassification\paper\paper544.jpg,paper
67,archive/GarbageClassification\metal\metal212.jpg,metal
68,archive/GarbageClassification\cardboard\cardboard146.jpg,cardboard
69,archive/GarbageClassification\paper\paper113.jpg,paper
70,archive/GarbageClassification\glass\glass372.jpg,glass
71,archive/GarbageClassification\glass\glass104.jpg,glass
72,archive/GarbageClassification\glass\glass277.jpg,glass
73,archive/GarbageClassification\glass\glass90.jpg,glass
74,archive/GarbageClassification\glass\glass113.jpg,glass
75,archive/GarbageClassification\metal\metal281.jpg,metal
76,archive/GarbageClassification\cardboard\cardboard305.jpg,cardboard
77,archive/GarbageClassification\paper\paper46.jpg,paper
78,archive/GarbageClassification\metal\metal326.jpg,metal
79,archive/GarbageClassification\paper\paper51.jpg,paper
80,archive/GarbageClassification\glass\glass219.jpg,glass
81,archive/GarbageClassification\glass\glass346.jpg,glass
82,archive/GarbageClassification\glass\glass155.jpg,glass
83,archive/GarbageClassification\paper\paper63.jpg,paper
84,archive/GarbageClassification\paper\paper391.jpg,paper
85,archive/GarbageClassification\metal\metal376.jpg,metal
86,archive/GarbageClassification\cardboard\cardboard283.jpg,cardboard
87,archive/GarbageClassification\cardboard\cardboard42.jpg,cardboard
88,archive/GarbageClassification\plastic\plastic236.jpg,plastic
89,archive/GarbageClassification\glass\glass475.jpg,glass
90,archive/GarbageClassification\plastic\plastic163.jpg,plastic
91,archive/GarbageClassification\paper\paper486.jpg,paper
92,archive/GarbageClassification\paper\paper351.jpg,paper
93,archive/GarbageClassification\paper\paper335.jpg,paper
94,archive/GarbageClassification\glass\glass114.jpg,glass
95,archive/GarbageClassification\cardboard\cardboard347.jpg,cardboard
96,archive/GarbageClassification\paper\paper377.jpg,paper
97,archive/GarbageClassification\paper\paper561.jpg,paper
98,archive/GarbageClassification\glass\glass164.jpg,glass
99,archive/GarbageClassification\glass\glass439.jpg,glass
100,archive/GarbageClassification\glass\glass359.jpg,glass
101,archive/GarbageClassification\plastic\plastic360.jpg,plastic
102,archive/GarbageClassification\glass\glass250.jpg,glass
103,archive/GarbageClassification\paper\paper295.jpg,paper
104,archive/GarbageClassification\cardboard\cardboard130.jpg,cardboard
105,archive/GarbageClassification\metal\metal175.jpg,metal
106,archive/GarbageClassification\paper\paper73.jpg,paper
107,archive/GarbageClassification\plastic\plastic178.jpg,plastic
108,archive/GarbageClassification\cardboard\cardboard240.jpg,cardboard
109,archive/GarbageClassification\paper\paper584.jpg,paper
110,archive/GarbageClassification\plastic\plastic311.jpg,plastic
111,archive/GarbageClassification\metal\metal353.jpg,metal
112,archive/GarbageClassification\plastic\plastic154.jpg,plastic
113,archive/GarbageClassification\plastic\plastic473.jpg,plastic
114,archive/GarbageClassification\glass\glass335.jpg,glass
115,archive/GarbageClassification\plastic\plastic279.jpg,plastic
116,archive/GarbageClassification\plastic\plastic435.jpg,plastic
117,archive/GarbageClassification\paper\paper105.jpg,paper
118,archive/GarbageClassification\glass\glass393.jpg,glass
119,archive/GarbageClassification\cardboard\cardboard197.jpg,cardboard
120,archive/GarbageClassification\metal\metal303.jpg,metal
121,archive/GarbageClassification\plastic\plastic148.jpg,plastic
122,archive/GarbageClassification\metal\metal93.jpg,metal
123,archive/GarbageClassification\cardboard\cardboard250.jpg,cardboard
124,archive/GarbageClassification\cardboard\cardboard116.jpg,cardboard
125,archive/GarbageClassification\plastic\plastic391.jpg,plastic
126,archive/GarbageClassification\glass\glass480.jpg,glass
127,archive/GarbageClassification\glass\glass209.jpg,glass
128,archive/GarbageClassification\paper\paper443.jpg,paper
129,archive/GarbageClassification\paper\paper290.jpg,paper
130,archive/GarbageClassification\paper\paper361.jpg,paper
131,archive/GarbageClassification\paper\paper245.jpg,paper
132,archive/GarbageClassification\plastic\plastic394.jpg,plastic
133,archive/GarbageClassification\paper\paper33.jpg,paper
134,archive/GarbageClassification\glass\glass427.jpg,glass
135,archive/GarbageClassification\paper\paper123.jpg,paper
136,archive/GarbageClassification\plastic\plastic314.jpg,plastic
137,archive/GarbageClassification\glass\glass275.jpg,glass
138,archive/GarbageClassification\plastic\plastic70.jpg,plastic
139,archive/GarbageClassification\glass\glass218.jpg,glass
140,archive/GarbageClassification\trash\trash133.jpg,trash
141,archive/GarbageClassification\cardboard\cardboard217.jpg,cardboard
142,archive/GarbageClassification\glass\glass181.jpg,glass
143,archive/GarbageClassification\plastic\plastic407.jpg,plastic
144,archive/GarbageClassification\plastic\plastic140.jpg,plastic
145,archive/GarbageClassification\cardboard\cardboard138.jpg,cardboard
146,archive/GarbageClassification\cardboard\cardboard128.jpg,cardboard
147,archive/GarbageClassification\glass\glass324.jpg,glass
148,archive/GarbageClassification\plastic\plastic465.jpg,plastic
149,archive/GarbageClassification\metal\metal34.jpg,metal
150,archive/GarbageClassification\glass\glass453.jpg,glass
151,archive/GarbageClassification\plastic\plastic231.jpg,plastic
152,archive/GarbageClassification\plastic\plastic53.jpg,plastic
153,archive/GarbageClassification\plastic\plastic112.jpg,plastic
154,archive/GarbageClassification\cardboard\cardboard233.jpg,cardboard
155,archive/GarbageClassification\metal\metal335.jpg,metal
156,archive/GarbageClassification\glass\glass196.jpg,glass
157,archive/GarbageClassification\plastic\plastic233.jpg,plastic
158,archive/GarbageClassification\cardboard\cardboard96.jpg,cardboard
159,archive/GarbageClassification\glass\glass243.jpg,glass
160,archive/GarbageClassification\glass\glass300.jpg,glass
161,archive/GarbageClassification\paper\paper375.jpg,paper
162,archive/GarbageClassification\plastic\plastic367.jpg,plastic
163,archive/GarbageClassification\paper\paper154.jpg,paper
164,archive/GarbageClassification\cardboard\cardboard277.jpg,cardboard
165,archive/GarbageClassification\paper\paper563.jpg,paper
166,archive/GarbageClassification\plastic\plastic20.jpg,plastic
167,archive/GarbageClassification\glass\glass309.jpg,glass
168,archive/GarbageClassification\paper\paper241.jpg,paper
169,archive/GarbageClassification\paper\paper489.jpg,paper
170,archive/GarbageClassification\paper\paper149.jpg,paper
171,archive/GarbageClassification\plastic\plastic60.jpg,plastic
172,archive/GarbageClassification\trash\trash58.jpg,trash
173,archive/GarbageClassification\cardboard\cardboard293.jpg,cardboard
174,archive/GarbageClassification\trash\trash34.jpg,trash
175,archive/GarbageClassification\cardboard\cardboard131.jpg,cardboard
176,archive/GarbageClassification\metal\metal168.jpg,metal
177,archive/GarbageClassification\paper\paper358.jpg,paper
178,archive/GarbageClassification\plastic\plastic84.jpg,plastic
179,archive/GarbageClassification\cardboard\cardboard173.jpg,cardboard
180,archive/GarbageClassification\cardboard\cardboard327.jpg,cardboard
181,archive/GarbageClassification\glass\glass412.jpg,glass
182,archive/GarbageClassification\glass\glass249.jpg,glass
183,archive/GarbageClassification\plastic\plastic434.jpg,plastic
184,archive/GarbageClassification\paper\paper359.jpg,paper
185,archive/GarbageClassification\metal\metal373.jpg,metal
186,archive/GarbageClassification\glass\glass347.jpg,glass
187,archive/GarbageClassification\plastic\plastic437.jpg,plastic
188,archive/GarbageClassification\metal\metal361.jpg,metal
189,archive/GarbageClassification\paper\paper62.jpg,paper
190,archive/GarbageClassification\paper\paper275.jpg,paper
191,archive/GarbageClassification\paper\paper524.jpg,paper
192,archive/GarbageClassification\paper\paper114.jpg,paper
193,archive/GarbageClassification\glass\glass15.jpg,glass
194,archive/GarbageClassification\cardboard\cardboard69.jpg,cardboard
195,archive/GarbageClassification\metal\metal99.jpg,metal
196,archive/GarbageClassification\paper\paper434.jpg,paper
197,archive/GarbageClassification\glass\glass87.jpg,glass
198,archive/GarbageClassification\trash\trash93.jpg,trash
199,archive/GarbageClassification\plastic\plastic479.jpg,plastic
200,archive/GarbageClassification\plastic\plastic221.jpg,plastic
201,archive/GarbageClassification\glass\glass382.jpg,glass
202,archive/GarbageClassification\metal\metal216.jpg,metal
203,archive/GarbageClassification\glass\glass285.jpg,glass
204,archive/GarbageClassification\plastic\plastic342.jpg,plastic
205,archive/GarbageClassification\glass\glass492.jpg,glass
206,archive/GarbageClassification\paper\paper297.jpg,paper
207,archive/GarbageClassification\plastic\plastic354.jpg,plastic
208,archive/GarbageClassification\plastic\plastic405.jpg,plastic
209,archive/GarbageClassification\glass\glass141.jpg,glass
210,archive/GarbageClassification\paper\paper291.jpg,paper
211,archive/GarbageClassification\paper\paper48.jpg,paper
212,archive/GarbageClassification\paper\paper527.jpg,paper
213,archive/GarbageClassification\metal\metal300.jpg,metal
214,archive/GarbageClassification\paper\paper494.jpg,paper
215,archive/GarbageClassification\glass\glass385.jpg,glass
216,archive/GarbageClassification\paper\paper42.jpg,paper
217,archive/GarbageClassification\metal\metal1.jpg,metal
218,archive/GarbageClassification\glass\glass25.jpg,glass
219,archive/GarbageClassification\glass\glass478.jpg,glass
220,archive/GarbageClassification\glass\glass192.jpg,glass
221,archive/GarbageClassification\plastic\plastic8.jpg,plastic
222,archive/GarbageClassification\metal\metal15.jpg,metal
223,archive/GarbageClassification\glass\glass19.jpg,glass
224,archive/GarbageClassification\cardboard\cardboard252.jpg,cardboard
225,archive/GarbageClassification\plastic\plastic274.jpg,plastic
226,archive/GarbageClassification\cardboard\cardboard64.jpg,cardboard
227,archive/GarbageClassification\plastic\plastic481.jpg,plastic
228,archive/GarbageClassification\glass\glass315.jpg,glass
229,archive/GarbageClassification\trash\trash112.jpg,trash
230,archive/GarbageClassification\paper\paper410.jpg,paper
231,archive/GarbageClassification\plastic\plastic208.jpg,plastic
232,archive/GarbageClassification\metal\metal187.jpg,metal
233,archive/GarbageClassification\paper\paper302.jpg,paper
234,archive/GarbageClassification\plastic\plastic322.jpg,plastic
235,archive/GarbageClassification\glass\glass89.jpg,glass
236,archive/GarbageClassification\trash\trash95.jpg,trash
237,archive/GarbageClassification\glass\glass226.jpg,glass
238,archive/GarbageClassification\trash\trash117.jpg,trash
239,archive/GarbageClassification\metal\metal262.jpg,metal
240,archive/GarbageClassification\paper\paper175.jpg,paper
241,archive/GarbageClassification\metal\metal57.jpg,metal
242,archive/GarbageClassification\paper\paper262.jpg,paper
243,archive/GarbageClassification\trash\trash111.jpg,trash
244,archive/GarbageClassification\glass\glass463.jpg,glass
245,archive/GarbageClassification\cardboard\cardboard319.jpg,cardboard
246,archive/GarbageClassification\trash\trash16.jpg,trash
247,archive/GarbageClassification\paper\paper310.jpg,paper
248,archive/GarbageClassification\glass\glass459.jpg,glass
249,archive/GarbageClassification\metal\metal390.jpg,metal
250,archive/GarbageClassification\metal\metal198.jpg,metal
251,archive/GarbageClassification\paper\paper518.jpg,paper
252,archive/GarbageClassification\paper\paper352.jpg,paper
253,archive/GarbageClassification\plastic\plastic81.jpg,plastic
254,archive/GarbageClassification\glass\glass457.jpg,glass
255,archive/GarbageClassification\plastic\plastic80.jpg,plastic
256,archive/GarbageClassification\glass\glass102.jpg,glass
257,archive/GarbageClassification\paper\paper84.jpg,paper
258,archive/GarbageClassification\plastic\plastic43.jpg,plastic
259,archive/GarbageClassification\glass\glass460.jpg,glass
260,archive/GarbageClassification\cardboard\cardboard185.jpg,cardboard
261,archive/GarbageClassification\glass\glass392.jpg,glass
262,archive/GarbageClassification\paper\paper258.jpg,paper
263,archive/GarbageClassification\plastic\plastic157.jpg,plastic
264,archive/GarbageClassification\metal\metal114.jpg,metal
265,archive/GarbageClassification\paper\paper239.jpg,paper
266,archive/GarbageClassification\metal\metal97.jpg,metal
267,archive/GarbageClassification\glass\glass488.jpg,glass
268,archive/GarbageClassification\trash\trash80.jpg,trash
269,archive/GarbageClassification\plastic\plastic77.jpg,plastic
270,archive/GarbageClassification\metal\metal192.jpg,metal
271,archive/GarbageClassification\glass\glass485.jpg,glass
272,archive/GarbageClassification\cardboard\cardboard349.jpg,cardboard
273,archive/GarbageClassification\metal\metal199.jpg,metal
274,archive/GarbageClassification\paper\paper472.jpg,paper
275,archive/GarbageClassification\paper\paper244.jpg,paper
276,archive/GarbageClassification\paper\paper284.jpg,paper
277,archive/GarbageClassification\trash\trash15.jpg,trash
278,archive/GarbageClassification\glass\glass375.jpg,glass
279,archive/GarbageClassification\metal\metal160.jpg,metal
280,archive/GarbageClassification\paper\paper481.jpg,paper
281,archive/GarbageClassification\trash\trash47.jpg,trash
282,archive/GarbageClassification\cardboard\cardboard342.jpg,cardboard
283,archive/GarbageClassification\paper\paper438.jpg,paper
284,archive/GarbageClassification\trash\trash82.jpg,trash
285,archive/GarbageClassification\paper\paper283.jpg,paper
286,archive/GarbageClassification\cardboard\cardboard13.jpg,cardboard
287,archive/GarbageClassification\glass\glass414.jpg,glass
288,archive/GarbageClassification\glass\glass437.jpg,glass
289,archive/GarbageClassification\glass\glass147.jpg,glass
290,archive/GarbageClassification\cardboard\cardboard312.jpg,cardboard
291,archive/GarbageClassification\metal\metal243.jpg,metal
292,archive/GarbageClassification\plastic\plastic57.jpg,plastic
293,archive/GarbageClassification\trash\trash103.jpg,trash
294,archive/GarbageClassification\glass\glass290.jpg,glass
295,archive/GarbageClassification\paper\paper21.jpg,paper
296,archive/GarbageClassification\glass\glass246.jpg,glass
297,archive/GarbageClassification\paper\paper250.jpg,paper
298,archive/GarbageClassification\glass\glass57.jpg,glass
299,archive/GarbageClassification\metal\metal305.jpg,metal
300,archive/GarbageClassification\metal\metal105.jpg,metal
301,archive/GarbageClassification\paper\paper141.jpg,paper
302,archive/GarbageClassification\glass\glass280.jpg,glass
303,archive/GarbageClassification\trash\trash1.jpg,trash
304,archive/GarbageClassification\trash\trash62.jpg,trash
305,archive/GarbageClassification\plastic\plastic108.jpg,plastic
306,archive/GarbageClassification\glass\glass244.jpg,glass
307,archive/GarbageClassification\glass\glass331.jpg,glass
308,archive/GarbageClassification\cardboard\cardboard175.jpg,cardboard
309,archive/GarbageClassification\paper\paper298.jpg,paper
310,archive/GarbageClassification\paper\paper413.jpg,paper
311,archive/GarbageClassification\glass\glass33.jpg,glass
312,archive/GarbageClassification\metal\metal152.jpg,metal
313,archive/GarbageClassification\paper\paper474.jpg,paper
314,archive/GarbageClassification\cardboard\cardboard35.jpg,cardboard
315,archive/GarbageClassification\plastic\plastic229.jpg,plastic
316,archive/GarbageClassification\paper\paper490.jpg,paper
317,archive/GarbageClassification\paper\paper309.jpg,paper
318,archive/GarbageClassification\plastic\plastic250.jpg,plastic
319,archive/GarbageClassification\plastic\plastic403.jpg,plastic
320,archive/GarbageClassification\glass\glass284.jpg,glass
321,archive/GarbageClassification\metal\metal220.jpg,metal
322,archive/GarbageClassification\plastic\plastic325.jpg,plastic
323,archive/GarbageClassification\paper\paper50.jpg,paper
324,archive/GarbageClassification\glass\glass2.jpg,glass
325,archive/GarbageClassification\glass\glass479.jpg,glass
326,archive/GarbageClassification\cardboard\cardboard43.jpg,cardboard
327,archive/GarbageClassification\plastic\plastic374.jpg,plastic
328,archive/GarbageClassification\metal\metal389.jpg,metal
329,archive/GarbageClassification\glass\glass56.jpg,glass
330,archive/GarbageClassification\glass\glass153.jpg,glass
331,archive/GarbageClassification\plastic\plastic2.jpg,plastic
332,archive/GarbageClassification\cardboard\cardboard150.jpg,cardboard
333,archive/GarbageClassification\paper\paper156.jpg,paper
334,archive/GarbageClassification\plastic\plastic406.jpg,plastic
335,archive/GarbageClassification\cardboard\cardboard403.jpg,cardboard
336,archive/GarbageClassification\glass\glass163.jpg,glass
337,archive/GarbageClassification\glass\glass240.jpg,glass
338,archive/GarbageClassification\cardboard\cardboard352.jpg,cardboard
339,archive/GarbageClassification\glass\glass302.jpg,glass
340,archive/GarbageClassification\metal\metal325.jpg,metal
341,archive/GarbageClassification\glass\glass34.jpg,glass
342,archive/GarbageClassification\trash\trash57.jpg,trash
343,archive/GarbageClassification\metal\metal197.jpg,metal
344,archive/GarbageClassification\paper\paper332.jpg,paper
345,archive/GarbageClassification\plastic\plastic424.jpg,plastic
346,archive/GarbageClassification\paper\paper232.jpg,paper
347,archive/GarbageClassification\glass\glass98.jpg,glass
348,archive/GarbageClassification\plastic\plastic454.jpg,plastic
349,archive/GarbageClassification\glass\glass78.jpg,glass
350,archive/GarbageClassification\cardboard\cardboard379.jpg,cardboard
351,archive/GarbageClassification\paper\paper173.jpg,paper
352,archive/GarbageClassification\glass\glass258.jpg,glass
353,archive/GarbageClassification\cardboard\cardboard262.jpg,cardboard
354,archive/GarbageClassification\cardboard\cardboard267.jpg,cardboard
355,archive/GarbageClassification\cardboard\cardboard22.jpg,cardboard
356,archive/GarbageClassification\trash\trash56.jpg,trash
357,archive/GarbageClassification\metal\metal58.jpg,metal
358,archive/GarbageClassification\metal\metal166.jpg,metal
359,archive/GarbageClassification\plastic\plastic402.jpg,plastic
360,archive/GarbageClassification\cardboard\cardboard278.jpg,cardboard
361,archive/GarbageClassification\cardboard\cardboard118.jpg,cardboard
362,archive/GarbageClassification\paper\paper446.jpg,paper
363,archive/GarbageClassification\cardboard\cardboard2.jpg,cardboard
364,archive/GarbageClassification\paper\paper260.jpg,paper
365,archive/GarbageClassification\paper\paper390.jpg,paper
366,archive/GarbageClassification\paper\paper129.jpg,paper
367,archive/GarbageClassification\paper\paper553.jpg,paper
368,archive/GarbageClassification\metal\metal142.jpg,metal
369,archive/GarbageClassification\glass\glass80.jpg,glass
370,archive/GarbageClassification\metal\metal302.jpg,metal
371,archive/GarbageClassification\plastic\plastic155.jpg,plastic
372,archive/GarbageClassification\metal\metal254.jpg,metal
373,archive/GarbageClassification\trash\trash70.jpg,trash
374,archive/GarbageClassification\cardboard\cardboard388.jpg,cardboard
375,archive/GarbageClassification\paper\paper523.jpg,paper
376,archive/GarbageClassification\paper\paper222.jpg,paper
377,archive/GarbageClassification\plastic\plastic446.jpg,plastic
378,archive/GarbageClassification\metal\metal179.jpg,metal
379,archive/GarbageClassification\paper\paper224.jpg,paper
380,archive/GarbageClassification\glass\glass242.jpg,glass
381,archive/GarbageClassification\cardboard\cardboard360.jpg,cardboard
382,archive/GarbageClassification\paper\paper157.jpg,paper
383,archive/GarbageClassification\paper\paper424.jpg,paper
384,archive/GarbageClassification\paper\paper457.jpg,paper
385,archive/GarbageClassification\paper\paper387.jpg,paper
386,archive/GarbageClassification\glass\glass448.jpg,glass
387,archive/GarbageClassification\cardboard\cardboard66.jpg,cardboard
388,archive/GarbageClassification\paper\paper17.jpg,paper
389,archive/GarbageClassification\paper\paper499.jpg,paper
390,archive/GarbageClassification\plastic\plastic169.jpg,plastic
391,archive/GarbageClassification\glass\glass31.jpg,glass
392,archive/GarbageClassification\metal\metal36.jpg,metal
393,archive/GarbageClassification\paper\paper268.jpg,paper
394,archive/GarbageClassification\trash\trash115.jpg,trash
395,archive/GarbageClassification\metal\metal22.jpg,metal
396,archive/GarbageClassification\plastic\plastic23.jpg,plastic
397,archive/GarbageClassification\paper\paper190.jpg,paper
398,archive/GarbageClassification\plastic\plastic341.jpg,plastic
399,archive/GarbageClassification\glass\glass100.jpg,glass
400,archive/GarbageClassification\paper\paper328.jpg,paper
401,archive/GarbageClassification\paper\paper28.jpg,paper
402,archive/GarbageClassification\plastic\plastic240.jpg,plastic
403,archive/GarbageClassification\paper\paper248.jpg,paper
404,archive/GarbageClassification\metal\metal291.jpg,metal
405,archive/GarbageClassification\glass\glass101.jpg,glass
406,archive/GarbageClassification\glass\glass189.jpg,glass
407,archive/GarbageClassification\trash\trash50.jpg,trash
408,archive/GarbageClassification\paper\paper19.jpg,paper
409,archive/GarbageClassification\paper\paper39.jpg,paper
410,archive/GarbageClassification\cardboard\cardboard71.jpg,cardboard
411,archive/GarbageClassification\plastic\plastic347.jpg,plastic
412,archive/GarbageClassification\glass\glass1.jpg,glass
413,archive/GarbageClassification\metal\metal307.jpg,metal
414,archive/GarbageClassification\cardboard\cardboard244.jpg,cardboard
415,archive/GarbageClassification\cardboard\cardboard225.jpg,cardboard
416,archive/GarbageClassification\plastic\plastic87.jpg,plastic
417,archive/GarbageClassification\plastic\plastic336.jpg,plastic
418,archive/GarbageClassification\glass\glass468.jpg,glass
419,archive/GarbageClassification\trash\trash2.jpg,trash
420,archive/GarbageClassification\glass\glass39.jpg,glass
421,archive/GarbageClassification\metal\metal367.jpg,metal
422,archive/GarbageClassification\glass\glass108.jpg,glass
423,archive/GarbageClassification\glass\glass477.jpg,glass
424,archive/GarbageClassification\glass\glass52.jpg,glass
425,archive/GarbageClassification\paper\paper514.jpg,paper
426,archive/GarbageClassification\glass\glass248.jpg,glass
427,archive/GarbageClassification\metal\metal400.jpg,metal
428,archive/GarbageClassification\glass\glass435.jpg,glass
429,archive/GarbageClassification\paper\paper229.jpg,paper
430,archive/GarbageClassification\paper\paper189.jpg,paper
431,archive/GarbageClassification\paper\paper214.jpg,paper
432,archive/GarbageClassification\cardboard\cardboard307.jpg,cardboard
433,archive/GarbageClassification\glass\glass72.jpg,glass
434,archive/GarbageClassification\glass\glass237.jpg,glass
435,archive/GarbageClassification\glass\glass426.jpg,glass
436,archive/GarbageClassification\paper\paper496.jpg,paper
437,archive/GarbageClassification\glass\glass195.jpg,glass
438,archive/GarbageClassification\paper\paper545.jpg,paper
439,archive/GarbageClassification\glass\glass318.jpg,glass
440,archive/GarbageClassification\paper\paper171.jpg,paper
441,archive/GarbageClassification\glass\glass167.jpg,glass
442,archive/GarbageClassification\metal\metal214.jpg,metal
443,archive/GarbageClassification\paper\paper143.jpg,paper
444,archive/GarbageClassification\cardboard\cardboard141.jpg,cardboard
445,archive/GarbageClassification\metal\metal98.jpg,metal
446,archive/GarbageClassification\paper\paper365.jpg,paper
447,archive/GarbageClassification\paper\paper57.jpg,paper
448,archive/GarbageClassification\metal\metal86.jpg,metal
449,archive/GarbageClassification\plastic\plastic292.jpg,plastic
450,archive/GarbageClassification\metal\metal225.jpg,metal
451,archive/GarbageClassification\cardboard\cardboard387.jpg,cardboard
452,archive/GarbageClassification\plastic\plastic93.jpg,plastic
453,archive/GarbageClassification\glass\glass130.jpg,glass
454,archive/GarbageClassification\cardboard\cardboard239.jpg,cardboard
455,archive/GarbageClassification\cardboard\cardboard304.jpg,cardboard
456,archive/GarbageClassification\glass\glass231.jpg,glass
457,archive/GarbageClassification\plastic\plastic463.jpg,plastic
458,archive/GarbageClassification\plastic\plastic255.jpg,plastic
459,archive/GarbageClassification\paper\paper522.jpg,paper
460,archive/GarbageClassification\metal\metal218.jpg,metal
461,archive/GarbageClassification\paper\paper45.jpg,paper
462,archive/GarbageClassification\glass\glass159.jpg,glass
463,archive/GarbageClassification\paper\paper37.jpg,paper
464,archive/GarbageClassification\cardboard\cardboard390.jpg,cardboard
465,archive/GarbageClassification\paper\paper463.jpg,paper
466,archive/GarbageClassification\paper\paper465.jpg,paper
467,archive/GarbageClassification\glass\glass259.jpg,glass
468,archive/GarbageClassification\plastic\plastic186.jpg,plastic
469,archive/GarbageClassification\metal\metal270.jpg,metal
470,archive/GarbageClassification\metal\metal17.jpg,metal
471,archive/GarbageClassification\metal\metal249.jpg,metal
472,archive/GarbageClassification\plastic\plastic268.jpg,plastic
473,archive/GarbageClassification\glass\glass441.jpg,glass
474,archive/GarbageClassification\paper\paper43.jpg,paper
475,archive/GarbageClassification\paper\paper536.jpg,paper
476,archive/GarbageClassification\glass\glass376.jpg,glass
477,archive/GarbageClassification\glass\glass429.jpg,glass
478,archive/GarbageClassification\glass\glass282.jpg,glass
479,archive/GarbageClassification\metal\metal268.jpg,metal
480,archive/GarbageClassification\metal\metal288.jpg,metal
481,archive/GarbageClassification\cardboard\cardboard274.jpg,cardboard
482,archive/GarbageClassification\paper\paper34.jpg,paper
483,archive/GarbageClassification\cardboard\cardboard3.jpg,cardboard
484,archive/GarbageClassification\cardboard\cardboard326.jpg,cardboard
485,archive/GarbageClassification\glass\glass222.jpg,glass
486,archive/GarbageClassification\plastic\plastic400.jpg,plastic
487,archive/GarbageClassification\paper\paper557.jpg,paper
488,archive/GarbageClassification\paper\paper192.jpg,paper
489,archive/GarbageClassification\cardboard\cardboard288.jpg,cardboard
490,archive/GarbageClassification\metal\metal208.jpg,metal
491,archive/GarbageClassification\plastic\plastic355.jpg,plastic
492,archive/GarbageClassification\cardboard\cardboard248.jpg,cardboard
493,archive/GarbageClassification\metal\metal29.jpg,metal
494,archive/GarbageClassification\plastic\plastic266.jpg,plastic
495,archive/GarbageClassification\glass\glass185.jpg,glass
496,archive/GarbageClassification\paper\paper549.jpg,paper
497,archive/GarbageClassification\metal\metal279.jpg,metal
498,archive/GarbageClassification\glass\glass281.jpg,glass
499,archive/GarbageClassification\glass\glass41.jpg,glass
500,archive/GarbageClassification\plastic\plastic139.jpg,plastic
501,archive/GarbageClassification\metal\metal374.jpg,metal
502,archive/GarbageClassification\paper\paper554.jpg,paper
503,archive/GarbageClassification\paper\paper389.jpg,paper
504,archive/GarbageClassification\metal\metal125.jpg,metal
505,archive/GarbageClassification\glass\glass133.jpg,glass
506,archive/GarbageClassification\plastic\plastic359.jpg,plastic
507,archive/GarbageClassification\metal\metal273.jpg,metal
508,archive/GarbageClassification\glass\glass483.jpg,glass
509,archive/GarbageClassification\paper\paper296.jpg,paper
510,archive/GarbageClassification\cardboard\cardboard106.jpg,cardboard
511,archive/GarbageClassification\metal\metal370.jpg,metal
512,archive/GarbageClassification\metal\metal32.jpg,metal
513,archive/GarbageClassification\plastic\plastic404.jpg,plastic
514,archive/GarbageClassification\glass\glass215.jpg,glass
515,archive/GarbageClassification\paper\paper225.jpg,paper
516,archive/GarbageClassification\metal\metal241.jpg,metal
517,archive/GarbageClassification\plastic\plastic98.jpg,plastic
518,archive/GarbageClassification\paper\paper565.jpg,paper
519,archive/GarbageClassification\plastic\plastic52.jpg,plastic
520,archive/GarbageClassification\trash\trash137.jpg,trash
521,archive/GarbageClassification\cardboard\cardboard143.jpg,cardboard
522,archive/GarbageClassification\glass\glass287.jpg,glass
523,archive/GarbageClassification\paper\paper580.jpg,paper
524,archive/GarbageClassification\glass\glass289.jpg,glass
525,archive/GarbageClassification\plastic\plastic152.jpg,plastic
526,archive/GarbageClassification\paper\paper159.jpg,paper
527,archive/GarbageClassification\cardboard\cardboard245.jpg,cardboard
528,archive/GarbageClassification\cardboard\cardboard335.jpg,cardboard
529,archive/GarbageClassification\glass\glass145.jpg,glass
530,archive/GarbageClassification\cardboard\cardboard163.jpg,cardboard
531,archive/GarbageClassification\plastic\plastic263.jpg,plastic
532,archive/GarbageClassification\metal\metal69.jpg,metal
533,archive/GarbageClassification\paper\paper188.jpg,paper
534,archive/GarbageClassification\cardboard\cardboard132.jpg,cardboard
535,archive/GarbageClassification\plastic\plastic130.jpg,plastic
536,archive/GarbageClassification\paper\paper593.jpg,paper
537,archive/GarbageClassification\paper\paper450.jpg,paper
538,archive/GarbageClassification\plastic\plastic171.jpg,plastic
539,archive/GarbageClassification\trash\trash102.jpg,trash
540,archive/GarbageClassification\glass\glass365.jpg,glass
541,archive/GarbageClassification\metal\metal123.jpg,metal
542,archive/GarbageClassification\plastic\plastic422.jpg,plastic
543,archive/GarbageClassification\plastic\plastic5.jpg,plastic
544,archive/GarbageClassification\paper\paper577.jpg,paper
545,archive/GarbageClassification\paper\paper448.jpg,paper
546,archive/GarbageClassification\paper\paper85.jpg,paper
547,archive/GarbageClassification\paper\paper133.jpg,paper
548,archive/GarbageClassification\metal\metal107.jpg,metal
549,archive/GarbageClassification\paper\paper473.jpg,paper
550,archive/GarbageClassification\glass\glass411.jpg,glass
551,archive/GarbageClassification\cardboard\cardboard206.jpg,cardboard
552,archive/GarbageClassification\glass\glass121.jpg,glass
553,archive/GarbageClassification\metal\metal31.jpg,metal
554,archive/GarbageClassification\paper\paper529.jpg,paper
555,archive/GarbageClassification\glass\glass337.jpg,glass
556,archive/GarbageClassification\metal\metal169.jpg,metal
557,archive/GarbageClassification\plastic\plastic4.jpg,plastic
558,archive/GarbageClassification\paper\paper300.jpg,paper
559,archive/GarbageClassification\cardboard\cardboard309.jpg,cardboard
560,archive/GarbageClassification\plastic\plastic315.jpg,plastic
561,archive/GarbageClassification\plastic\plastic196.jpg,plastic
562,archive/GarbageClassification\plastic\plastic363.jpg,plastic
563,archive/GarbageClassification\metal\metal133.jpg,metal
564,archive/GarbageClassification\cardboard\cardboard299.jpg,cardboard
565,archive/GarbageClassification\metal\metal67.jpg,metal
566,archive/GarbageClassification\trash\trash35.jpg,trash
567,archive/GarbageClassification\cardboard\cardboard220.jpg,cardboard
568,archive/GarbageClassification\metal\metal378.jpg,metal
569,archive/GarbageClassification\plastic\plastic380.jpg,plastic
570,archive/GarbageClassification\paper\paper134.jpg,paper
571,archive/GarbageClassification\glass\glass307.jpg,glass
572,archive/GarbageClassification\glass\glass116.jpg,glass
573,archive/GarbageClassification\cardboard\cardboard280.jpg,cardboard
574,archive/GarbageClassification\trash\trash113.jpg,trash
575,archive/GarbageClassification\metal\metal113.jpg,metal
576,archive/GarbageClassification\plastic\plastic371.jpg,plastic
577,archive/GarbageClassification\paper\paper445.jpg,paper
578,archive/GarbageClassification\metal\metal299.jpg,metal
579,archive/GarbageClassification\paper\paper88.jpg,paper
580,archive/GarbageClassification\plastic\plastic442.jpg,plastic
581,archive/GarbageClassification\cardboard\cardboard48.jpg,cardboard
582,archive/GarbageClassification\trash\trash124.jpg,trash
583,archive/GarbageClassification\paper\paper160.jpg,paper
584,archive/GarbageClassification\glass\glass357.jpg,glass
585,archive/GarbageClassification\glass\glass213.jpg,glass
586,archive/GarbageClassification\cardboard\cardboard140.jpg,cardboard
587,archive/GarbageClassification\trash\trash94.jpg,trash
588,archive/GarbageClassification\cardboard\cardboard371.jpg,cardboard
589,archive/GarbageClassification\paper\paper180.jpg,paper
590,archive/GarbageClassification\glass\glass160.jpg,glass
591,archive/GarbageClassification\cardboard\cardboard164.jpg,cardboard
592,archive/GarbageClassification\cardboard\cardboard348.jpg,cardboard
593,archive/GarbageClassification\glass\glass330.jpg,glass
594,archive/GarbageClassification\metal\metal321.jpg,metal
595,archive/GarbageClassification\glass\glass70.jpg,glass
596,archive/GarbageClassification\paper\paper184.jpg,paper
597,archive/GarbageClassification\plastic\plastic395.jpg,plastic
598,archive/GarbageClassification\trash\trash22.jpg,trash
599,archive/GarbageClassification\metal\metal109.jpg,metal
600,archive/GarbageClassification\paper\paper519.jpg,paper
601,archive/GarbageClassification\paper\paper542.jpg,paper
602,archive/GarbageClassification\plastic\plastic264.jpg,plastic
603,archive/GarbageClassification\glass\glass10.jpg,glass
604,archive/GarbageClassification\metal\metal92.jpg,metal
605,archive/GarbageClassification\metal\metal211.jpg,metal
606,archive/GarbageClassification\metal\metal368.jpg,metal
607,archive/GarbageClassification\plastic\plastic136.jpg,plastic
608,archive/GarbageClassification\glass\glass461.jpg,glass
609,archive/GarbageClassification\glass\glass256.jpg,glass
610,archive/GarbageClassification\cardboard\cardboard221.jpg,cardboard
611,archive/GarbageClassification\paper\paper169.jpg,paper
612,archive/GarbageClassification\metal\metal236.jpg,metal
613,archive/GarbageClassification\glass\glass127.jpg,glass
614,archive/GarbageClassification\glass\glass269.jpg,glass
615,archive/GarbageClassification\glass\glass124.jpg,glass
616,archive/GarbageClassification\trash\trash36.jpg,trash
617,archive/GarbageClassification\glass\glass366.jpg,glass
618,archive/GarbageClassification\paper\paper590.jpg,paper
619,archive/GarbageClassification\plastic\plastic122.jpg,plastic
620,archive/GarbageClassification\metal\metal30.jpg,metal
621,archive/GarbageClassification\cardboard\cardboard104.jpg,cardboard
622,archive/GarbageClassification\metal\metal405.jpg,metal
623,archive/GarbageClassification\metal\metal392.jpg,metal
624,archive/GarbageClassification\metal\metal173.jpg,metal
625,archive/GarbageClassification\paper\paper582.jpg,paper
626,archive/GarbageClassification\cardboard\cardboard294.jpg,cardboard
627,archive/GarbageClassification\cardboard\cardboard341.jpg,cardboard
628,archive/GarbageClassification\cardboard\cardboard401.jpg,cardboard
629,archive/GarbageClassification\cardboard\cardboard363.jpg,cardboard
630,archive/GarbageClassification\trash\trash91.jpg,trash
631,archive/GarbageClassification\metal\metal407.jpg,metal
632,archive/GarbageClassification\plastic\plastic353.jpg,plastic
633,archive/GarbageClassification\glass\glass36.jpg,glass
634,archive/GarbageClassification\paper\paper585.jpg,paper
635,archive/GarbageClassification\plastic\plastic251.jpg,plastic
636,archive/GarbageClassification\glass\glass71.jpg,glass
637,archive/GarbageClassification\plastic\plastic181.jpg,plastic
638,archive/GarbageClassification\metal\metal55.jpg,metal
639,archive/GarbageClassification\glass\glass489.jpg,glass
640,archive/GarbageClassification\trash\trash108.jpg,trash
641,archive/GarbageClassification\metal\metal350.jpg,metal
642,archive/GarbageClassification\paper\paper427.jpg,paper
643,archive/GarbageClassification\cardboard\cardboard34.jpg,cardboard
644,archive/GarbageClassification\cardboard\cardboard112.jpg,cardboard
645,archive/GarbageClassification\trash\trash89.jpg,trash
646,archive/GarbageClassification\plastic\plastic295.jpg,plastic
647,archive/GarbageClassification\plastic\plastic448.jpg,plastic
648,archive/GarbageClassification\glass\glass129.jpg,glass
649,archive/GarbageClassification\glass\glass223.jpg,glass
650,archive/GarbageClassification\trash\trash131.jpg,trash
651,archive/GarbageClassification\paper\paper478.jpg,paper
652,archive/GarbageClassification\metal\metal158.jpg,metal
653,archive/GarbageClassification\plastic\plastic162.jpg,plastic
654,archive/GarbageClassification\metal\metal201.jpg,metal
655,archive/GarbageClassification\paper\paper102.jpg,paper
656,archive/GarbageClassification\cardboard\cardboard32.jpg,cardboard
657,archive/GarbageClassification\plastic\plastic118.jpg,plastic
658,archive/GarbageClassification\plastic\plastic230.jpg,plastic
659,archive/GarbageClassification\plastic\plastic298.jpg,plastic
660,archive/GarbageClassification\cardboard\cardboard85.jpg,cardboard
661,archive/GarbageClassification\glass\glass115.jpg,glass
662,archive/GarbageClassification\metal\metal170.jpg,metal
663,archive/GarbageClassification\paper\paper1.jpg,paper
664,archive/GarbageClassification\glass\glass22.jpg,glass
665,archive/GarbageClassification\paper\paper336.jpg,paper
666,archive/GarbageClassification\plastic\plastic293.jpg,plastic
667,archive/GarbageClassification\metal\metal14.jpg,metal
668,archive/GarbageClassification\cardboard\cardboard203.jpg,cardboard
669,archive/GarbageClassification\cardboard\cardboard191.jpg,cardboard
670,archive/GarbageClassification\glass\glass40.jpg,glass
671,archive/GarbageClassification\glass\glass274.jpg,glass
672,archive/GarbageClassification\paper\paper353.jpg,paper
673,archive/GarbageClassification\paper\paper252.jpg,paper
674,archive/GarbageClassification\cardboard\cardboard380.jpg,cardboard
675,archive/GarbageClassification\cardboard\cardboard17.jpg,cardboard
676,archive/GarbageClassification\metal\metal51.jpg,metal
677,archive/GarbageClassification\paper\paper573.jpg,paper
678,archive/GarbageClassification\trash\trash135.jpg,trash
679,archive/GarbageClassification\cardboard\cardboard39.jpg,cardboard
680,archive/GarbageClassification\cardboard\cardboard249.jpg,cardboard
681,archive/GarbageClassification\metal\metal73.jpg,metal
682,archive/GarbageClassification\plastic\plastic384.jpg,plastic
683,archive/GarbageClassification\glass\glass395.jpg,glass
684,archive/GarbageClassification\plastic\plastic128.jpg,plastic
685,archive/GarbageClassification\paper\paper38.jpg,paper
686,archive/GarbageClassification\glass\glass273.jpg,glass
687,archive/GarbageClassification\paper\paper345.jpg,paper
688,archive/GarbageClassification\plastic\plastic326.jpg,plastic
689,archive/GarbageClassification\plastic\plastic73.jpg,plastic
690,archive/GarbageClassification\metal\metal60.jpg,metal
691,archive/GarbageClassification\cardboard\cardboard159.jpg,cardboard
692,archive/GarbageClassification\paper\paper167.jpg,paper
693,archive/GarbageClassification\paper\paper425.jpg,paper
694,archive/GarbageClassification\plastic\plastic436.jpg,plastic
695,archive/GarbageClassification\cardboard\cardboard121.jpg,cardboard
696,archive/GarbageClassification\trash\trash4.jpg,trash
697,archive/GarbageClassification\paper\paper552.jpg,paper
698,archive/GarbageClassification\paper\paper417.jpg,paper
699,archive/GarbageClassification\paper\paper204.jpg,paper
700,archive/GarbageClassification\plastic\plastic344.jpg,plastic
701,archive/GarbageClassification\plastic\plastic416.jpg,plastic
702,archive/GarbageClassification\trash\trash38.jpg,trash
703,archive/GarbageClassification\trash\trash114.jpg,trash
704,archive/GarbageClassification\cardboard\cardboard145.jpg,cardboard
705,archive/GarbageClassification\metal\metal155.jpg,metal
706,archive/GarbageClassification\cardboard\cardboard254.jpg,cardboard
707,archive/GarbageClassification\metal\metal151.jpg,metal
708,archive/GarbageClassification\glass\glass179.jpg,glass
709,archive/GarbageClassification\paper\paper257.jpg,paper
710,archive/GarbageClassification\paper\paper350.jpg,paper
711,archive/GarbageClassification\plastic\plastic164.jpg,plastic
712,archive/GarbageClassification\glass\glass69.jpg,glass
713,archive/GarbageClassification\glass\glass486.jpg,glass
714,archive/GarbageClassification\paper\paper186.jpg,paper
715,archive/GarbageClassification\paper\paper380.jpg,paper
716,archive/GarbageClassification\glass\glass117.jpg,glass
717,archive/GarbageClassification\glass\glass303.jpg,glass
718,archive/GarbageClassification\plastic\plastic56.jpg,plastic
719,archive/GarbageClassification\glass\glass484.jpg,glass
720,archive/GarbageClassification\glass\glass420.jpg,glass
721,archive/GarbageClassification\paper\paper2.jpg,paper
722,archive/GarbageClassification\metal\metal23.jpg,metal
723,archive/GarbageClassification\cardboard\cardboard323.jpg,cardboard
724,archive/GarbageClassification\plastic\plastic177.jpg,plastic
725,archive/GarbageClassification\metal\metal399.jpg,metal
726,archive/GarbageClassification\trash\trash129.jpg,trash
727,archive/GarbageClassification\cardboard\cardboard127.jpg,cardboard
728,archive/GarbageClassification\paper\paper500.jpg,paper
729,archive/GarbageClassification\plastic\plastic451.jpg,plastic
730,archive/GarbageClassification\cardboard\cardboard295.jpg,cardboard
731,archive/GarbageClassification\cardboard\cardboard74.jpg,cardboard
732,archive/GarbageClassification\plastic\plastic306.jpg,plastic
733,archive/GarbageClassification\paper\paper208.jpg,paper
734,archive/GarbageClassification\paper\paper374.jpg,paper
735,archive/GarbageClassification\paper\paper240.jpg,paper
736,archive/GarbageClassification\cardboard\cardboard195.jpg,cardboard
737,archive/GarbageClassification\cardboard\cardboard25.jpg,cardboard
738,archive/GarbageClassification\glass\glass319.jpg,glass
739,archive/GarbageClassification\glass\glass216.jpg,glass
740,archive/GarbageClassification\metal\metal182.jpg,metal
741,archive/GarbageClassification\paper\paper194.jpg,paper
742,archive/GarbageClassification\plastic\plastic365.jpg,plastic
743,archive/GarbageClassification\metal\metal207.jpg,metal
744,archive/GarbageClassification\glass\glass51.jpg,glass
745,archive/GarbageClassification\paper\paper588.jpg,paper
746,archive/GarbageClassification\paper\paper59.jpg,paper
747,archive/GarbageClassification\metal\metal297.jpg,metal
748,archive/GarbageClassification\metal\metal110.jpg,metal
749,archive/GarbageClassification\glass\glass42.jpg,glass
750,archive/GarbageClassification\paper\paper213.jpg,paper
751,archive/GarbageClassification\paper\paper468.jpg,paper
752,archive/GarbageClassification\paper\paper94.jpg,paper
753,archive/GarbageClassification\paper\paper324.jpg,paper
754,archive/GarbageClassification\trash\trash132.jpg,trash
755,archive/GarbageClassification\plastic\plastic258.jpg,plastic
756,archive/GarbageClassification\paper\paper223.jpg,paper
757,archive/GarbageClassification\plastic\plastic212.jpg,plastic
758,archive/GarbageClassification\glass\glass367.jpg,glass
759,archive/GarbageClassification\paper\paper273.jpg,paper
760,archive/GarbageClassification\glass\glass162.jpg,glass
761,archive/GarbageClassification\glass\glass83.jpg,glass
762,archive/GarbageClassification\plastic\plastic346.jpg,plastic
763,archive/GarbageClassification\glass\glass151.jpg,glass
764,archive/GarbageClassification\cardboard\cardboard374.jpg,cardboard
765,archive/GarbageClassification\plastic\plastic385.jpg,plastic
766,archive/GarbageClassification\plastic\plastic123.jpg,plastic
767,archive/GarbageClassification\glass\glass186.jpg,glass
768,archive/GarbageClassification\metal\metal341.jpg,metal
769,archive/GarbageClassification\plastic\plastic76.jpg,plastic
770,archive/GarbageClassification\metal\metal377.jpg,metal
771,archive/GarbageClassification\paper\paper145.jpg,paper
772,archive/GarbageClassification\metal\metal258.jpg,metal
773,archive/GarbageClassification\glass\glass291.jpg,glass
774,archive/GarbageClassification\trash\trash69.jpg,trash
775,archive/GarbageClassification\glass\glass157.jpg,glass
776,archive/GarbageClassification\plastic\plastic13.jpg,plastic
777,archive/GarbageClassification\glass\glass131.jpg,glass
778,archive/GarbageClassification\glass\glass239.jpg,glass
779,archive/GarbageClassification\trash\trash109.jpg,trash
780,archive/GarbageClassification\paper\paper96.jpg,paper
781,archive/GarbageClassification\metal\metal313.jpg,metal
782,archive/GarbageClassification\plastic\plastic401.jpg,plastic
783,archive/GarbageClassification\paper\paper326.jpg,paper
784,archive/GarbageClassification\plastic\plastic316.jpg,plastic
785,archive/GarbageClassification\paper\paper497.jpg,paper
786,archive/GarbageClassification\cardboard\cardboard101.jpg,cardboard
787,archive/GarbageClassification\plastic\plastic72.jpg,plastic
788,archive/GarbageClassification\paper\paper506.jpg,paper
789,archive/GarbageClassification\cardboard\cardboard1.jpg,cardboard
790,archive/GarbageClassification\glass\glass403.jpg,glass
791,archive/GarbageClassification\metal\metal255.jpg,metal
792,archive/GarbageClassification\cardboard\cardboard201.jpg,cardboard
793,archive/GarbageClassification\paper\paper551.jpg,paper
794,archive/GarbageClassification\plastic\plastic114.jpg,plastic
795,archive/GarbageClassification\plastic\plastic329.jpg,plastic
796,archive/GarbageClassification\plastic\plastic11.jpg,plastic
797,archive/GarbageClassification\glass\glass85.jpg,glass
798,archive/GarbageClassification\trash\trash55.jpg,trash
799,archive/GarbageClassification\glass\glass340.jpg,glass
800,archive/GarbageClassification\metal\metal44.jpg,metal
801,archive/GarbageClassification\paper\paper435.jpg,paper
802,archive/GarbageClassification\plastic\plastic64.jpg,plastic
803,archive/GarbageClassification\paper\paper196.jpg,paper
804,archive/GarbageClassification\metal\metal280.jpg,metal
805,archive/GarbageClassification\paper\paper60.jpg,paper
806,archive/GarbageClassification\cardboard\cardboard264.jpg,cardboard
807,archive/GarbageClassification\paper\paper265.jpg,paper
808,archive/GarbageClassification\metal\metal63.jpg,metal
809,archive/GarbageClassification\metal\metal402.jpg,metal
810,archive/GarbageClassification\glass\glass260.jpg,glass
811,archive/GarbageClassification\cardboard\cardboard193.jpg,cardboard
812,archive/GarbageClassification\plastic\plastic349.jpg,plastic
813,archive/GarbageClassification\trash\trash19.jpg,trash
814,archive/GarbageClassification\paper\paper533.jpg,paper
815,archive/GarbageClassification\metal\metal340.jpg,metal
816,archive/GarbageClassification\cardboard\cardboard190.jpg,cardboard
817,archive/GarbageClassification\metal\metal54.jpg,metal
818,archive/GarbageClassification\cardboard\cardboard114.jpg,cardboard
819,archive/GarbageClassification\plastic\plastic388.jpg,plastic
820,archive/GarbageClassification\cardboard\cardboard105.jpg,cardboard
821,archive/GarbageClassification\paper\paper288.jpg,paper
822,archive/GarbageClassification\cardboard\cardboard354.jpg,cardboard
823,archive/GarbageClassification\cardboard\cardboard186.jpg,cardboard
824,archive/GarbageClassification\metal\metal186.jpg,metal
825,archive/GarbageClassification\plastic\plastic397.jpg,plastic
826,archive/GarbageClassification\paper\paper93.jpg,paper
827,archive/GarbageClassification\cardboard\cardboard179.jpg,cardboard
828,archive/GarbageClassification\paper\paper493.jpg,paper
829,archive/GarbageClassification\trash\trash21.jpg,trash
830,archive/GarbageClassification\plastic\plastic223.jpg,plastic
831,archive/GarbageClassification\cardboard\cardboard373.jpg,cardboard
832,archive/GarbageClassification\cardboard\cardboard9.jpg,cardboard
833,archive/GarbageClassification\paper\paper528.jpg,paper
834,archive/GarbageClassification\paper\paper570.jpg,paper
835,archive/GarbageClassification\paper\paper41.jpg,paper
836,archive/GarbageClassification\paper\paper137.jpg,paper
837,archive/GarbageClassification\plastic\plastic480.jpg,plastic
838,archive/GarbageClassification\paper\paper531.jpg,paper
839,archive/GarbageClassification\cardboard\cardboard172.jpg,cardboard
840,archive/GarbageClassification\plastic\plastic271.jpg,plastic
841,archive/GarbageClassification\glass\glass132.jpg,glass
842,archive/GarbageClassification\metal\metal284.jpg,metal
843,archive/GarbageClassification\paper\paper541.jpg,paper
844,archive/GarbageClassification\metal\metal49.jpg,metal
845,archive/GarbageClassification\plastic\plastic366.jpg,plastic
846,archive/GarbageClassification\paper\paper203.jpg,paper
847,archive/GarbageClassification\paper\paper459.jpg,paper
848,archive/GarbageClassification\glass\glass428.jpg,glass
849,archive/GarbageClassification\cardboard\cardboard210.jpg,cardboard
850,archive/GarbageClassification\paper\paper367.jpg,paper
851,archive/GarbageClassification\cardboard\cardboard88.jpg,cardboard
852,archive/GarbageClassification\plastic\plastic17.jpg,plastic
853,archive/GarbageClassification\glass\glass433.jpg,glass
854,archive/GarbageClassification\glass\glass252.jpg,glass
855,archive/GarbageClassification\glass\glass278.jpg,glass
856,archive/GarbageClassification\metal\metal234.jpg,metal
857,archive/GarbageClassification\paper\paper507.jpg,paper
858,archive/GarbageClassification\plastic\plastic427.jpg,plastic
859,archive/GarbageClassification\paper\paper135.jpg,paper
860,archive/GarbageClassification\cardboard\cardboard19.jpg,cardboard
861,archive/GarbageClassification\cardboard\cardboard316.jpg,cardboard
862,archive/GarbageClassification\paper\paper286.jpg,paper
863,archive/GarbageClassification\glass\glass397.jpg,glass
864,archive/GarbageClassification\paper\paper469.jpg,paper
865,archive/GarbageClassification\glass\glass449.jpg,glass
866,archive/GarbageClassification\plastic\plastic377.jpg,plastic
867,archive/GarbageClassification\metal\metal375.jpg,metal
868,archive/GarbageClassification\plastic\plastic239.jpg,plastic
869,archive/GarbageClassification\paper\paper331.jpg,paper
870,archive/GarbageClassification\cardboard\cardboard261.jpg,cardboard
871,archive/GarbageClassification\metal\metal76.jpg,metal
872,archive/GarbageClassification\glass\glass105.jpg,glass
873,archive/GarbageClassification\paper\paper348.jpg,paper
874,archive/GarbageClassification\paper\paper197.jpg,paper
875,archive/GarbageClassification\cardboard\cardboard192.jpg,cardboard
876,archive/GarbageClassification\plastic\plastic216.jpg,plastic
877,archive/GarbageClassification\cardboard\cardboard241.jpg,cardboard
878,archive/GarbageClassification\cardboard\cardboard122.jpg,cardboard
879,archive/GarbageClassification\cardboard\cardboard113.jpg,cardboard
880,archive/GarbageClassification\plastic\plastic350.jpg,plastic
881,archive/GarbageClassification\metal\metal354.jpg,metal
882,archive/GarbageClassification\metal\metal206.jpg,metal
883,archive/GarbageClassification\plastic\plastic287.jpg,plastic
884,archive/GarbageClassification\plastic\plastic307.jpg,plastic
885,archive/GarbageClassification\cardboard\cardboard219.jpg,cardboard
886,archive/GarbageClassification\cardboard\cardboard296.jpg,cardboard
887,archive/GarbageClassification\paper\paper572.jpg,paper
888,archive/GarbageClassification\cardboard\cardboard300.jpg,cardboard
889,archive/GarbageClassification\cardboard\cardboard115.jpg,cardboard
890,archive/GarbageClassification\paper\paper293.jpg,paper
891,archive/GarbageClassification\paper\paper592.jpg,paper
892,archive/GarbageClassification\glass\glass467.jpg,glass
893,archive/GarbageClassification\plastic\plastic18.jpg,plastic
894,archive/GarbageClassification\cardboard\cardboard325.jpg,cardboard
895,archive/GarbageClassification\glass\glass355.jpg,glass
896,archive/GarbageClassification\paper\paper333.jpg,paper
897,archive/GarbageClassification\plastic\plastic71.jpg,plastic
898,archive/GarbageClassification\glass\glass380.jpg,glass
899,archive/GarbageClassification\plastic\plastic68.jpg,plastic
900,archive/GarbageClassification\cardboard\cardboard31.jpg,cardboard
901,archive/GarbageClassification\metal\metal230.jpg,metal
902,archive/GarbageClassification\paper\paper321.jpg,paper
903,archive/GarbageClassification\metal\metal338.jpg,metal
904,archive/GarbageClassification\metal\metal259.jpg,metal
905,archive/GarbageClassification\metal\metal184.jpg,metal
906,archive/GarbageClassification\metal\metal336.jpg,metal
907,archive/GarbageClassification\glass\glass490.jpg,glass
908,archive/GarbageClassification\glass\glass416.jpg,glass
909,archive/GarbageClassification\metal\metal3.jpg,metal
910,archive/GarbageClassification\plastic\plastic7.jpg,plastic
911,archive/GarbageClassification\metal\metal308.jpg,metal
912,archive/GarbageClassification\glass\glass182.jpg,glass
913,archive/GarbageClassification\metal\metal289.jpg,metal
914,archive/GarbageClassification\paper\paper253.jpg,paper
915,archive/GarbageClassification\metal\metal240.jpg,metal
916,archive/GarbageClassification\paper\paper235.jpg,paper
917,archive/GarbageClassification\cardboard\cardboard93.jpg,cardboard
918,archive/GarbageClassification\cardboard\cardboard87.jpg,cardboard
919,archive/GarbageClassification\trash\trash3.jpg,trash
920,archive/GarbageClassification\plastic\plastic261.jpg,plastic
921,archive/GarbageClassification\cardboard\cardboard24.jpg,cardboard
922,archive/GarbageClassification\trash\trash99.jpg,trash
923,archive/GarbageClassification\glass\glass255.jpg,glass
924,archive/GarbageClassification\metal\metal337.jpg,metal
925,archive/GarbageClassification\cardboard\cardboard297.jpg,cardboard
926,archive/GarbageClassification\paper\paper164.jpg,paper
927,archive/GarbageClassification\paper\paper384.jpg,paper
928,archive/GarbageClassification\paper\paper101.jpg,paper
929,archive/GarbageClassification\paper\paper594.jpg,paper
930,archive/GarbageClassification\metal\metal64.jpg,metal
931,archive/GarbageClassification\plastic\plastic199.jpg,plastic
932,archive/GarbageClassification\paper\paper378.jpg,paper
933,archive/GarbageClassification\paper\paper9.jpg,paper
934,archive/GarbageClassification\paper\paper289.jpg,paper
935,archive/GarbageClassification\trash\trash23.jpg,trash
936,archive/GarbageClassification\paper\paper537.jpg,paper
937,archive/GarbageClassification\paper\paper498.jpg,paper
938,archive/GarbageClassification\paper\paper364.jpg,paper
939,archive/GarbageClassification\plastic\plastic357.jpg,plastic
940,archive/GarbageClassification\glass\glass184.jpg,glass
941,archive/GarbageClassification\plastic\plastic297.jpg,plastic
942,archive/GarbageClassification\plastic\plastic253.jpg,plastic
943,archive/GarbageClassification\paper\paper76.jpg,paper
944,archive/GarbageClassification\glass\glass296.jpg,glass
945,archive/GarbageClassification\metal\metal78.jpg,metal
946,archive/GarbageClassification\cardboard\cardboard246.jpg,cardboard
947,archive/GarbageClassification\plastic\plastic46.jpg,plastic
948,archive/GarbageClassification\metal\metal136.jpg,metal
949,archive/GarbageClassification\glass\glass200.jpg,glass
950,archive/GarbageClassification\paper\paper65.jpg,paper
951,archive/GarbageClassification\glass\glass283.jpg,glass
952,archive/GarbageClassification\plastic\plastic260.jpg,plastic
953,archive/GarbageClassification\trash\trash97.jpg,trash
954,archive/GarbageClassification\trash\trash6.jpg,trash
955,archive/GarbageClassification\metal\metal277.jpg,metal
956,archive/GarbageClassification\cardboard\cardboard40.jpg,cardboard
957,archive/GarbageClassification\plastic\plastic469.jpg,plastic
958,archive/GarbageClassification\paper\paper578.jpg,paper
959,archive/GarbageClassification\paper\paper579.jpg,paper
960,archive/GarbageClassification\plastic\plastic358.jpg,plastic
961,archive/GarbageClassification\plastic\plastic277.jpg,plastic
962,archive/GarbageClassification\trash\trash46.jpg,trash
963,archive/GarbageClassification\paper\paper440.jpg,paper
964,archive/GarbageClassification\metal\metal347.jpg,metal
965,archive/GarbageClassification\glass\glass176.jpg,glass
966,archive/GarbageClassification\cardboard\cardboard232.jpg,cardboard
967,archive/GarbageClassification\paper\paper98.jpg,paper
968,archive/GarbageClassification\metal\metal304.jpg,metal
969,archive/GarbageClassification\glass\glass298.jpg,glass
970,archive/GarbageClassification\cardboard\cardboard372.jpg,cardboard
971,archive/GarbageClassification\paper\paper401.jpg,paper
972,archive/GarbageClassification\glass\glass5.jpg,glass
973,archive/GarbageClassification\plastic\plastic280.jpg,plastic
974,archive/GarbageClassification\paper\paper423.jpg,paper
975,archive/GarbageClassification\glass\glass451.jpg,glass
976,archive/GarbageClassification\plastic\plastic142.jpg,plastic
977,archive/GarbageClassification\metal\metal4.jpg,metal
978,archive/GarbageClassification\paper\paper535.jpg,paper
979,archive/GarbageClassification\paper\paper231.jpg,paper
980,archive/GarbageClassification\glass\glass434.jpg,glass
981,archive/GarbageClassification\paper\paper107.jpg,paper
982,archive/GarbageClassification\paper\paper246.jpg,paper
983,archive/GarbageClassification\paper\paper32.jpg,paper
984,archive/GarbageClassification\plastic\plastic305.jpg,plastic
985,archive/GarbageClassification\paper\paper546.jpg,paper
986,archive/GarbageClassification\cardboard\cardboard148.jpg,cardboard
987,archive/GarbageClassification\plastic\plastic211.jpg,plastic
988,archive/GarbageClassification\glass\glass334.jpg,glass
989,archive/GarbageClassification\glass\glass60.jpg,glass
990,archive/GarbageClassification\metal\metal183.jpg,metal
991,archive/GarbageClassification\cardboard\cardboard153.jpg,cardboard
992,archive/GarbageClassification\cardboard\cardboard72.jpg,cardboard
993,archive/GarbageClassification\plastic\plastic246.jpg,plastic
994,archive/GarbageClassification\cardboard\cardboard65.jpg,cardboard
995,archive/GarbageClassification\paper\paper238.jpg,paper
996,archive/GarbageClassification\metal\metal38.jpg,metal
997,archive/GarbageClassification\glass\glass430.jpg,glass
998,archive/GarbageClassification\plastic\plastic156.jpg,plastic
999,archive/GarbageClassification\glass\glass323.jpg,glass
1000,archive/GarbageClassification\glass\glass389.jpg,glass
1001,archive/GarbageClassification\glass\glass208.jpg,glass
1002,archive/GarbageClassification\metal\metal250.jpg,metal
1003,archive/GarbageClassification\cardboard\cardboard268.jpg,cardboard
1004,archive/GarbageClassification\metal\metal248.jpg,metal
1005,archive/GarbageClassification\trash\trash12.jpg,trash
1006,archive/GarbageClassification\glass\glass378.jpg,glass
1007,archive/GarbageClassification\paper\paper132.jpg,paper
1008,archive/GarbageClassification\paper\paper454.jpg,paper
1009,archive/GarbageClassification\metal\metal332.jpg,metal
1010,archive/GarbageClassification\trash\trash119.jpg,trash
1011,archive/GarbageClassification\paper\paper131.jpg,paper
1012,archive/GarbageClassification\metal\metal311.jpg,metal
1013,archive/GarbageClassification\metal\metal364.jpg,metal
1014,archive/GarbageClassification\glass\glass142.jpg,glass
1015,archive/GarbageClassification\glass\glass322.jpg,glass
1016,archive/GarbageClassification\glass\glass264.jpg,glass
1017,archive/GarbageClassification\paper\paper406.jpg,paper
1018,archive/GarbageClassification\plastic\plastic1.jpg,plastic
1019,archive/GarbageClassification\glass\glass21.jpg,glass
1020,archive/GarbageClassification\paper\paper408.jpg,paper
1021,archive/GarbageClassification\plastic\plastic466.jpg,plastic
1022,archive/GarbageClassification\plastic\plastic190.jpg,plastic
1023,archive/GarbageClassification\paper\paper172.jpg,paper
1024,archive/GarbageClassification\cardboard\cardboard234.jpg,cardboard
1025,archive/GarbageClassification\cardboard\cardboard142.jpg,cardboard
1026,archive/GarbageClassification\metal\metal205.jpg,metal
1027,archive/GarbageClassification\metal\metal50.jpg,metal
1028,archive/GarbageClassification\paper\paper373.jpg,paper
1029,archive/GarbageClassification\cardboard\cardboard328.jpg,cardboard
1030,archive/GarbageClassification\plastic\plastic410.jpg,plastic
1031,archive/GarbageClassification\cardboard\cardboard301.jpg,cardboard
1032,archive/GarbageClassification\paper\paper198.jpg,paper
1033,archive/GarbageClassification\paper\paper322.jpg,paper
1034,archive/GarbageClassification\plastic\plastic430.jpg,plastic
1035,archive/GarbageClassification\plastic\plastic426.jpg,plastic
1036,archive/GarbageClassification\trash\trash24.jpg,trash
1037,archive/GarbageClassification\metal\metal342.jpg,metal
1038,archive/GarbageClassification\glass\glass336.jpg,glass
1039,archive/GarbageClassification\cardboard\cardboard169.jpg,cardboard
1040,archive/GarbageClassification\cardboard\cardboard367.jpg,cardboard
1041,archive/GarbageClassification\metal\metal215.jpg,metal
1042,archive/GarbageClassification\metal\metal45.jpg,metal
1043,archive/GarbageClassification\paper\paper591.jpg,paper
1044,archive/GarbageClassification\paper\paper219.jpg,paper
1045,archive/GarbageClassification\paper\paper511.jpg,paper
1046,archive/GarbageClassification\cardboard\cardboard109.jpg,cardboard
1047,archive/GarbageClassification\paper\paper269.jpg,paper
1048,archive/GarbageClassification\glass\glass354.jpg,glass
1049,archive/GarbageClassification\paper\paper556.jpg,paper
1050,archive/GarbageClassification\metal\metal292.jpg,metal
1051,archive/GarbageClassification\metal\metal103.jpg,metal
1052,archive/GarbageClassification\glass\glass81.jpg,glass
1053,archive/GarbageClassification\plastic\plastic438.jpg,plastic
1054,archive/GarbageClassification\glass\glass400.jpg,glass
1055,archive/GarbageClassification\paper\paper6.jpg,paper
1056,archive/GarbageClassification\metal\metal16.jpg,metal
1057,archive/GarbageClassification\metal\metal42.jpg,metal
1058,archive/GarbageClassification\trash\trash29.jpg,trash
1059,archive/GarbageClassification\glass\glass482.jpg,glass
1060,archive/GarbageClassification\plastic\plastic179.jpg,plastic
1061,archive/GarbageClassification\plastic\plastic132.jpg,plastic
1062,archive/GarbageClassification\plastic\plastic460.jpg,plastic
1063,archive/GarbageClassification\trash\trash32.jpg,trash
1064,archive/GarbageClassification\paper\paper29.jpg,paper
1065,archive/GarbageClassification\paper\paper341.jpg,paper
1066,archive/GarbageClassification\plastic\plastic159.jpg,plastic
1067,archive/GarbageClassification\trash\trash96.jpg,trash
1068,archive/GarbageClassification\glass\glass212.jpg,glass
1069,archive/GarbageClassification\plastic\plastic187.jpg,plastic
1070,archive/GarbageClassification\glass\glass137.jpg,glass
1071,archive/GarbageClassification\trash\trash10.jpg,trash
1072,archive/GarbageClassification\plastic\plastic104.jpg,plastic
1073,archive/GarbageClassification\plastic\plastic110.jpg,plastic
1074,archive/GarbageClassification\glass\glass374.jpg,glass
1075,archive/GarbageClassification\metal\metal178.jpg,metal
1076,archive/GarbageClassification\cardboard\cardboard247.jpg,cardboard
1077,archive/GarbageClassification\glass\glass474.jpg,glass
1078,archive/GarbageClassification\glass\glass224.jpg,glass
1079,archive/GarbageClassification\paper\paper230.jpg,paper
1080,archive/GarbageClassification\paper\paper153.jpg,paper
1081,archive/GarbageClassification\paper\paper202.jpg,paper
1082,archive/GarbageClassification\paper\paper182.jpg,paper
1083,archive/GarbageClassification\cardboard\cardboard166.jpg,cardboard
1084,archive/GarbageClassification\paper\paper421.jpg,paper
1085,archive/GarbageClassification\glass\glass361.jpg,glass
1086,archive/GarbageClassification\glass\glass325.jpg,glass
1087,archive/GarbageClassification\paper\paper422.jpg,paper
1088,archive/GarbageClassification\glass\glass469.jpg,glass
1089,archive/GarbageClassification\plastic\plastic117.jpg,plastic
1090,archive/GarbageClassification\glass\glass204.jpg,glass
1091,archive/GarbageClassification\cardboard\cardboard33.jpg,cardboard
1092,archive/GarbageClassification\metal\metal101.jpg,metal
1093,archive/GarbageClassification\glass\glass43.jpg,glass
1094,archive/GarbageClassification\cardboard\cardboard98.jpg,cardboard
1095,archive/GarbageClassification\trash\trash45.jpg,trash
1096,archive/GarbageClassification\metal\metal68.jpg,metal
1097,archive/GarbageClassification\trash\trash27.jpg,trash
1098,archive/GarbageClassification\paper\paper344.jpg,paper
1099,archive/GarbageClassification\cardboard\cardboard251.jpg,cardboard
1100,archive/GarbageClassification\glass\glass54.jpg,glass
1101,archive/GarbageClassification\plastic\plastic245.jpg,plastic
1102,archive/GarbageClassification\glass\glass199.jpg,glass
1103,archive/GarbageClassification\metal\metal252.jpg,metal
1104,archive/GarbageClassification\cardboard\cardboard75.jpg,cardboard
1105,archive/GarbageClassification\cardboard\cardboard15.jpg,cardboard
1106,archive/GarbageClassification\plastic\plastic210.jpg,plastic
1107,archive/GarbageClassification\glass\glass308.jpg,glass
1108,archive/GarbageClassification\paper\paper69.jpg,paper
1109,archive/GarbageClassification\paper\paper271.jpg,paper
1110,archive/GarbageClassification\trash\trash65.jpg,trash
1111,archive/GarbageClassification\glass\glass11.jpg,glass
1112,archive/GarbageClassification\trash\trash25.jpg,trash
1113,archive/GarbageClassification\plastic\plastic173.jpg,plastic
1114,archive/GarbageClassification\metal\metal312.jpg,metal
1115,archive/GarbageClassification\cardboard\cardboard10.jpg,cardboard
1116,archive/GarbageClassification\cardboard\cardboard231.jpg,cardboard
1117,archive/GarbageClassification\cardboard\cardboard209.jpg,cardboard
1118,archive/GarbageClassification\cardboard\cardboard310.jpg,cardboard
1119,archive/GarbageClassification\metal\metal104.jpg,metal
1120,archive/GarbageClassification\paper\paper112.jpg,paper
1121,archive/GarbageClassification\paper\paper428.jpg,paper
1122,archive/GarbageClassification\metal\metal52.jpg,metal
1123,archive/GarbageClassification\plastic\plastic247.jpg,plastic
1124,archive/GarbageClassification\metal\metal309.jpg,metal
1125,archive/GarbageClassification\paper\paper155.jpg,paper
1126,archive/GarbageClassification\glass\glass58.jpg,glass
1127,archive/GarbageClassification\paper\paper370.jpg,paper
1128,archive/GarbageClassification\plastic\plastic203.jpg,plastic
1129,archive/GarbageClassification\cardboard\cardboard162.jpg,cardboard
1130,archive/GarbageClassification\plastic\plastic180.jpg,plastic
1131,archive/GarbageClassification\metal\metal388.jpg,metal
1132,archive/GarbageClassification\plastic\plastic441.jpg,plastic
1133,archive/GarbageClassification\paper\paper144.jpg,paper
1134,archive/GarbageClassification\glass\glass110.jpg,glass
1135,archive/GarbageClassification\paper\paper356.jpg,paper
1136,archive/GarbageClassification\glass\glass353.jpg,glass
1137,archive/GarbageClassification\paper\paper87.jpg,paper
1138,archive/GarbageClassification\plastic\plastic3.jpg,plastic
1139,archive/GarbageClassification\metal\metal75.jpg,metal
1140,archive/GarbageClassification\cardboard\cardboard235.jpg,cardboard
1141,archive/GarbageClassification\glass\glass499.jpg,glass
1142,archive/GarbageClassification\glass\glass424.jpg,glass
1143,archive/GarbageClassification\paper\paper91.jpg,paper
1144,archive/GarbageClassification\paper\paper179.jpg,paper
1145,archive/GarbageClassification\cardboard\cardboard78.jpg,cardboard
1146,archive/GarbageClassification\metal\metal269.jpg,metal
1147,archive/GarbageClassification\paper\paper3.jpg,paper
1148,archive/GarbageClassification\cardboard\cardboard135.jpg,cardboard
1149,archive/GarbageClassification\cardboard\cardboard386.jpg,cardboard
1150,archive/GarbageClassification\plastic\plastic387.jpg,plastic
1151,archive/GarbageClassification\paper\paper227.jpg,paper
1152,archive/GarbageClassification\plastic\plastic281.jpg,plastic
1153,archive/GarbageClassification\glass\glass24.jpg,glass
1154,archive/GarbageClassification\glass\glass288.jpg,glass
1155,archive/GarbageClassification\metal\metal316.jpg,metal
1156,archive/GarbageClassification\cardboard\cardboard57.jpg,cardboard
1157,archive/GarbageClassification\glass\glass417.jpg,glass
1158,archive/GarbageClassification\cardboard\cardboard358.jpg,cardboard
1159,archive/GarbageClassification\paper\paper106.jpg,paper
1160,archive/GarbageClassification\plastic\plastic192.jpg,plastic
1161,archive/GarbageClassification\cardboard\cardboard331.jpg,cardboard
1162,archive/GarbageClassification\glass\glass166.jpg,glass
1163,archive/GarbageClassification\cardboard\cardboard161.jpg,cardboard
1164,archive/GarbageClassification\glass\glass135.jpg,glass
1165,archive/GarbageClassification\trash\trash118.jpg,trash
1166,archive/GarbageClassification\glass\glass3.jpg,glass
1167,archive/GarbageClassification\glass\glass384.jpg,glass
1168,archive/GarbageClassification\metal\metal21.jpg,metal
1169,archive/GarbageClassification\trash\trash11.jpg,trash
1170,archive/GarbageClassification\paper\paper20.jpg,paper
1171,archive/GarbageClassification\glass\glass201.jpg,glass
1172,archive/GarbageClassification\glass\glass391.jpg,glass
1173,archive/GarbageClassification\metal\metal85.jpg,metal
1174,archive/GarbageClassification\cardboard\cardboard136.jpg,cardboard
1175,archive/GarbageClassification\paper\paper354.jpg,paper
1176,archive/GarbageClassification\paper\paper264.jpg,paper
1177,archive/GarbageClassification\plastic\plastic115.jpg,plastic
1178,archive/GarbageClassification\paper\paper70.jpg,paper
1179,archive/GarbageClassification\glass\glass419.jpg,glass
1180,archive/GarbageClassification\paper\paper516.jpg,paper
1181,archive/GarbageClassification\glass\glass17.jpg,glass
1182,archive/GarbageClassification\plastic\plastic269.jpg,plastic
1183,archive/GarbageClassification\cardboard\cardboard397.jpg,cardboard
1184,archive/GarbageClassification\glass\glass183.jpg,glass
1185,archive/GarbageClassification\glass\glass232.jpg,glass
1186,archive/GarbageClassification\paper\paper357.jpg,paper
1187,archive/GarbageClassification\glass\glass175.jpg,glass
1188,archive/GarbageClassification\glass\glass267.jpg,glass
1189,archive/GarbageClassification\glass\glass107.jpg,glass
1190,archive/GarbageClassification\paper\paper237.jpg,paper
1191,archive/GarbageClassification\cardboard\cardboard399.jpg,cardboard
1192,archive/GarbageClassification\cardboard\cardboard227.jpg,cardboard
1193,archive/GarbageClassification\glass\glass368.jpg,glass
1194,archive/GarbageClassification\glass\glass387.jpg,glass
1195,archive/GarbageClassification\glass\glass345.jpg,glass
1196,archive/GarbageClassification\glass\glass206.jpg,glass
1197,archive/GarbageClassification\glass\glass418.jpg,glass
1198,archive/GarbageClassification\cardboard\cardboard6.jpg,cardboard
1199,archive/GarbageClassification\glass\glass265.jpg,glass
1200,archive/GarbageClassification\paper\paper567.jpg,paper
1201,archive/GarbageClassification\cardboard\cardboard62.jpg,cardboard
1202,archive/GarbageClassification\glass\glass442.jpg,glass
1203,archive/GarbageClassification\glass\glass350.jpg,glass
1204,archive/GarbageClassification\metal\metal129.jpg,metal
1205,archive/GarbageClassification\metal\metal333.jpg,metal
1206,archive/GarbageClassification\metal\metal365.jpg,metal
1207,archive/GarbageClassification\metal\metal172.jpg,metal
1208,archive/GarbageClassification\plastic\plastic418.jpg,plastic
1209,archive/GarbageClassification\plastic\plastic22.jpg,plastic
1210,archive/GarbageClassification\trash\trash122.jpg,trash
1211,archive/GarbageClassification\paper\paper460.jpg,paper
1212,archive/GarbageClassification\paper\paper508.jpg,paper
1213,archive/GarbageClassification\paper\paper415.jpg,paper
1214,archive/GarbageClassification\cardboard\cardboard4.jpg,cardboard
1215,archive/GarbageClassification\cardboard\cardboard272.jpg,cardboard
1216,archive/GarbageClassification\cardboard\cardboard394.jpg,cardboard
1217,archive/GarbageClassification\metal\metal96.jpg,metal
1218,archive/GarbageClassification\cardboard\cardboard214.jpg,cardboard
1219,archive/GarbageClassification\cardboard\cardboard391.jpg,cardboard
1220,archive/GarbageClassification\metal\metal276.jpg,metal
1221,archive/GarbageClassification\plastic\plastic50.jpg,plastic
1222,archive/GarbageClassification\paper\paper158.jpg,paper
1223,archive/GarbageClassification\cardboard\cardboard223.jpg,cardboard
1224,archive/GarbageClassification\cardboard\cardboard37.jpg,cardboard
1225,archive/GarbageClassification\cardboard\cardboard97.jpg,cardboard
1226,archive/GarbageClassification\cardboard\cardboard364.jpg,cardboard
1227,archive/GarbageClassification\paper\paper339.jpg,paper
1228,archive/GarbageClassification\glass\glass46.jpg,glass
1229,archive/GarbageClassification\plastic\plastic31.jpg,plastic
1230,archive/GarbageClassification\paper\paper363.jpg,paper
1231,archive/GarbageClassification\paper\paper436.jpg,paper
1232,archive/GarbageClassification\glass\glass170.jpg,glass
1233,archive/GarbageClassification\trash\trash90.jpg,trash
1234,archive/GarbageClassification\trash\trash66.jpg,trash
1235,archive/GarbageClassification\glass\glass261.jpg,glass
1236,archive/GarbageClassification\metal\metal317.jpg,metal
1237,archive/GarbageClassification\glass\glass253.jpg,glass
1238,archive/GarbageClassification\paper\paper442.jpg,paper
1239,archive/GarbageClassification\trash\trash101.jpg,trash
1240,archive/GarbageClassification\cardboard\cardboard199.jpg,cardboard
1241,archive/GarbageClassification\metal\metal126.jpg,metal
1242,archive/GarbageClassification\plastic\plastic482.jpg,plastic
1243,archive/GarbageClassification\plastic\plastic369.jpg,plastic
1244,archive/GarbageClassification\glass\glass263.jpg,glass
1245,archive/GarbageClassification\trash\trash67.jpg,trash
1246,archive/GarbageClassification\cardboard\cardboard218.jpg,cardboard
1247,archive/GarbageClassification\paper\paper521.jpg,paper
1248,archive/GarbageClassification\glass\glass436.jpg,glass
1249,archive/GarbageClassification\plastic\plastic351.jpg,plastic
1250,archive/GarbageClassification\paper\paper205.jpg,paper
1251,archive/GarbageClassification\metal\metal25.jpg,metal
1252,archive/GarbageClassification\glass\glass150.jpg,glass
1253,archive/GarbageClassification\glass\glass270.jpg,glass
1254,archive/GarbageClassification\metal\metal6.jpg,metal
1255,archive/GarbageClassification\cardboard\cardboard376.jpg,cardboard
1256,archive/GarbageClassification\glass\glass178.jpg,glass
1257,archive/GarbageClassification\plastic\plastic66.jpg,plastic
1258,archive/GarbageClassification\glass\glass377.jpg,glass
1259,archive/GarbageClassification\paper\paper543.jpg,paper
1260,archive/GarbageClassification\glass\glass410.jpg,glass
1261,archive/GarbageClassification\plastic\plastic135.jpg,plastic
1262,archive/GarbageClassification\plastic\plastic464.jpg,plastic
1263,archive/GarbageClassification\trash\trash74.jpg,trash
1264,archive/GarbageClassification\cardboard\cardboard184.jpg,cardboard
1265,archive/GarbageClassification\plastic\plastic390.jpg,plastic
1266,archive/GarbageClassification\metal\metal371.jpg,metal
1267,archive/GarbageClassification\paper\paper174.jpg,paper
1268,archive/GarbageClassification\glass\glass425.jpg,glass
1269,archive/GarbageClassification\glass\glass12.jpg,glass
1270,archive/GarbageClassification\cardboard\cardboard222.jpg,cardboard
1271,archive/GarbageClassification\paper\paper126.jpg,paper
1272,archive/GarbageClassification\metal\metal263.jpg,metal
1273,archive/GarbageClassification\glass\glass138.jpg,glass
1274,archive/GarbageClassification\cardboard\cardboard46.jpg,cardboard
1275,archive/GarbageClassification\paper\paper195.jpg,paper
1276,archive/GarbageClassification\paper\paper569.jpg,paper
1277,archive/GarbageClassification\cardboard\cardboard266.jpg,cardboard
1278,archive/GarbageClassification\plastic\plastic265.jpg,plastic
1279,archive/GarbageClassification\metal\metal382.jpg,metal
1280,archive/GarbageClassification\cardboard\cardboard111.jpg,cardboard
1281,archive/GarbageClassification\metal\metal330.jpg,metal
1282,archive/GarbageClassification\metal\metal87.jpg,metal
1283,archive/GarbageClassification\metal\metal244.jpg,metal
1284,archive/GarbageClassification\cardboard\cardboard286.jpg,cardboard
1285,archive/GarbageClassification\glass\glass341.jpg,glass
1286,archive/GarbageClassification\plastic\plastic209.jpg,plastic
1287,archive/GarbageClassification\cardboard\cardboard338.jpg,cardboard
1288,archive/GarbageClassification\paper\paper150.jpg,paper
1289,archive/GarbageClassification\plastic\plastic19.jpg,plastic
1290,archive/GarbageClassification\plastic\plastic26.jpg,plastic
1291,archive/GarbageClassification\cardboard\cardboard81.jpg,cardboard
1292,archive/GarbageClassification\glass\glass431.jpg,glass
1293,archive/GarbageClassification\cardboard\cardboard102.jpg,cardboard
1294,archive/GarbageClassification\paper\paper439.jpg,paper
1295,archive/GarbageClassification\glass\glass465.jpg,glass
1296,archive/GarbageClassification\plastic\plastic478.jpg,plastic
1297,archive/GarbageClassification\paper\paper558.jpg,paper
1298,archive/GarbageClassification\paper\paper317.jpg,paper
1299,archive/GarbageClassification\metal\metal381.jpg,metal
1300,archive/GarbageClassification\paper\paper267.jpg,paper
1301,archive/GarbageClassification\glass\glass221.jpg,glass
1302,archive/GarbageClassification\cardboard\cardboard8.jpg,cardboard
1303,archive/GarbageClassification\paper\paper170.jpg,paper
1304,archive/GarbageClassification\metal\metal165.jpg,metal
1305,archive/GarbageClassification\plastic\plastic129.jpg,plastic
1306,archive/GarbageClassification\plastic\plastic58.jpg,plastic
1307,archive/GarbageClassification\metal\metal176.jpg,metal
1308,archive/GarbageClassification\paper\paper61.jpg,paper
1309,archive/GarbageClassification\glass\glass446.jpg,glass
1310,archive/GarbageClassification\cardboard\cardboard77.jpg,cardboard
1311,archive/GarbageClassification\cardboard\cardboard224.jpg,cardboard
1312,archive/GarbageClassification\plastic\plastic467.jpg,plastic
1313,archive/GarbageClassification\plastic\plastic471.jpg,plastic
1314,archive/GarbageClassification\trash\trash8.jpg,trash
1315,archive/GarbageClassification\trash\trash78.jpg,trash
1316,archive/GarbageClassification\paper\paper404.jpg,paper
1317,archive/GarbageClassification\plastic\plastic457.jpg,plastic
1318,archive/GarbageClassification\paper\paper395.jpg,paper
1319,archive/GarbageClassification\glass\glass317.jpg,glass
1320,archive/GarbageClassification\metal\metal150.jpg,metal
1321,archive/GarbageClassification\glass\glass415.jpg,glass
1322,archive/GarbageClassification\glass\glass48.jpg,glass
1323,archive/GarbageClassification\trash\trash98.jpg,trash
1324,archive/GarbageClassification\plastic\plastic222.jpg,plastic
1325,archive/GarbageClassification\metal\metal116.jpg,metal
1326,archive/GarbageClassification\paper\paper151.jpg,paper
1327,archive/GarbageClassification\glass\glass236.jpg,glass
1328,archive/GarbageClassification\plastic\plastic120.jpg,plastic
1329,archive/GarbageClassification\paper\paper243.jpg,paper
1330,archive/GarbageClassification\metal\metal71.jpg,metal
1331,archive/GarbageClassification\metal\metal61.jpg,metal
1332,archive/GarbageClassification\cardboard\cardboard149.jpg,cardboard
1333,archive/GarbageClassification\trash\trash127.jpg,trash
1334,archive/GarbageClassification\cardboard\cardboard258.jpg,cardboard
1335,archive/GarbageClassification\plastic\plastic133.jpg,plastic
1336,archive/GarbageClassification\metal\metal331.jpg,metal
1337,archive/GarbageClassification\glass\glass193.jpg,glass
1338,archive/GarbageClassification\plastic\plastic158.jpg,plastic
1339,archive/GarbageClassification\glass\glass73.jpg,glass
1340,archive/GarbageClassification\plastic\plastic244.jpg,plastic
1341,archive/GarbageClassification\metal\metal349.jpg,metal
1342,archive/GarbageClassification\metal\metal232.jpg,metal
1343,archive/GarbageClassification\cardboard\cardboard237.jpg,cardboard
1344,archive/GarbageClassification\metal\metal91.jpg,metal
1345,archive/GarbageClassification\paper\paper398.jpg,paper
1346,archive/GarbageClassification\paper\paper122.jpg,paper
1347,archive/GarbageClassification\trash\trash107.jpg,trash
1348,archive/GarbageClassification\glass\glass158.jpg,glass
1349,archive/GarbageClassification\metal\metal362.jpg,metal
1350,archive/GarbageClassification\glass\glass227.jpg,glass
1351,archive/GarbageClassification\glass\glass326.jpg,glass
1352,archive/GarbageClassification\paper\paper581.jpg,paper
1353,archive/GarbageClassification\plastic\plastic25.jpg,plastic
1354,archive/GarbageClassification\paper\paper274.jpg,paper
1355,archive/GarbageClassification\paper\paper200.jpg,paper
1356,archive/GarbageClassification\metal\metal180.jpg,metal
1357,archive/GarbageClassification\glass\glass49.jpg,glass
1358,archive/GarbageClassification\glass\glass373.jpg,glass
1359,archive/GarbageClassification\cardboard\cardboard317.jpg,cardboard
1360,archive/GarbageClassification\paper\paper504.jpg,paper
1361,archive/GarbageClassification\plastic\plastic309.jpg,plastic
1362,archive/GarbageClassification\plastic\plastic109.jpg,plastic
1363,archive/GarbageClassification\glass\glass286.jpg,glass
1364,archive/GarbageClassification\paper\paper411.jpg,paper
1365,archive/GarbageClassification\paper\paper399.jpg,paper
1366,archive/GarbageClassification\metal\metal233.jpg,metal
1367,archive/GarbageClassification\metal\metal20.jpg,metal
1368,archive/GarbageClassification\cardboard\cardboard383.jpg,cardboard
1369,archive/GarbageClassification\cardboard\cardboard23.jpg,cardboard
1370,archive/GarbageClassification\paper\paper307.jpg,paper
1371,archive/GarbageClassification\paper\paper449.jpg,paper
1372,archive/GarbageClassification\glass\glass233.jpg,glass
1373,archive/GarbageClassification\metal\metal278.jpg,metal
1374,archive/GarbageClassification\paper\paper40.jpg,paper
1375,archive/GarbageClassification\metal\metal290.jpg,metal
1376,archive/GarbageClassification\metal\metal134.jpg,metal
1377,archive/GarbageClassification\metal\metal181.jpg,metal
1378,archive/GarbageClassification\plastic\plastic144.jpg,plastic
1379,archive/GarbageClassification\paper\paper277.jpg,paper
1380,archive/GarbageClassification\glass\glass344.jpg,glass
1381,archive/GarbageClassification\glass\glass466.jpg,glass
1382,archive/GarbageClassification\plastic\plastic124.jpg,plastic
1383,archive/GarbageClassification\plastic\plastic193.jpg,plastic
1384,archive/GarbageClassification\paper\paper100.jpg,paper
1385,archive/GarbageClassification\paper\paper193.jpg,paper
1386,archive/GarbageClassification\glass\glass481.jpg,glass
1387,archive/GarbageClassification\glass\glass68.jpg,glass
1388,archive/GarbageClassification\plastic\plastic283.jpg,plastic
1389,archive/GarbageClassification\paper\paper334.jpg,paper
1390,archive/GarbageClassification\trash\trash136.jpg,trash
1391,archive/GarbageClassification\trash\trash120.jpg,trash
1392,archive/GarbageClassification\plastic\plastic37.jpg,plastic
1393,archive/GarbageClassification\plastic\plastic197.jpg,plastic
1394,archive/GarbageClassification\metal\metal195.jpg,metal
1395,archive/GarbageClassification\plastic\plastic345.jpg,plastic
1396,archive/GarbageClassification\glass\glass266.jpg,glass
1397,archive/GarbageClassification\paper\paper476.jpg,paper
1398,archive/GarbageClassification\paper\paper4.jpg,paper
1399,archive/GarbageClassification\metal\metal356.jpg,metal
1400,archive/GarbageClassification\plastic\plastic321.jpg,plastic
1401,archive/GarbageClassification\glass\glass136.jpg,glass
1402,archive/GarbageClassification\glass\glass45.jpg,glass
1403,archive/GarbageClassification\glass\glass140.jpg,glass
1404,archive/GarbageClassification\glass\glass356.jpg,glass
1405,archive/GarbageClassification\plastic\plastic475.jpg,plastic
1406,archive/GarbageClassification\paper\paper215.jpg,paper
1407,archive/GarbageClassification\plastic\plastic9.jpg,plastic
1408,archive/GarbageClassification\cardboard\cardboard333.jpg,cardboard
1409,archive/GarbageClassification\plastic\plastic444.jpg,plastic
1410,archive/GarbageClassification\metal\metal213.jpg,metal
1411,archive/GarbageClassification\glass\glass390.jpg,glass
1412,archive/GarbageClassification\trash\trash128.jpg,trash
1413,archive/GarbageClassification\plastic\plastic383.jpg,plastic
1414,archive/GarbageClassification\trash\trash86.jpg,trash
1415,archive/GarbageClassification\cardboard\cardboard14.jpg,cardboard
1416,archive/GarbageClassification\paper\paper72.jpg,paper
1417,archive/GarbageClassification\paper\paper281.jpg,paper
1418,archive/GarbageClassification\paper\paper13.jpg,paper
1419,archive/GarbageClassification\cardboard\cardboard318.jpg,cardboard
1420,archive/GarbageClassification\metal\metal265.jpg,metal
1421,archive/GarbageClassification\glass\glass217.jpg,glass
1422,archive/GarbageClassification\cardboard\cardboard129.jpg,cardboard
1423,archive/GarbageClassification\metal\metal2.jpg,metal
1424,archive/GarbageClassification\cardboard\cardboard174.jpg,cardboard
1425,archive/GarbageClassification\plastic\plastic285.jpg,plastic
1426,archive/GarbageClassification\paper\paper191.jpg,paper
1427,archive/GarbageClassification\glass\glass364.jpg,glass
1428,archive/GarbageClassification\paper\paper228.jpg,paper
1429,archive/GarbageClassification\paper\paper249.jpg,paper
1430,archive/GarbageClassification\glass\glass271.jpg,glass
1431,archive/GarbageClassification\plastic\plastic386.jpg,plastic
1432,archive/GarbageClassification\cardboard\cardboard29.jpg,cardboard
1433,archive/GarbageClassification\plastic\plastic224.jpg,plastic
1434,archive/GarbageClassification\paper\paper462.jpg,paper
1435,archive/GarbageClassification\paper\paper574.jpg,paper
1436,archive/GarbageClassification\plastic\plastic290.jpg,plastic
1437,archive/GarbageClassification\glass\glass316.jpg,glass
1438,archive/GarbageClassification\trash\trash61.jpg,trash
1439,archive/GarbageClassification\paper\paper23.jpg,paper
1440,archive/GarbageClassification\glass\glass476.jpg,glass
1441,archive/GarbageClassification\trash\trash92.jpg,trash
1442,archive/GarbageClassification\plastic\plastic447.jpg,plastic
1443,archive/GarbageClassification\metal\metal37.jpg,metal
1444,archive/GarbageClassification\trash\trash72.jpg,trash
1445,archive/GarbageClassification\paper\paper520.jpg,paper
1446,archive/GarbageClassification\cardboard\cardboard321.jpg,cardboard
1447,archive/GarbageClassification\cardboard\cardboard73.jpg,cardboard
1448,archive/GarbageClassification\plastic\plastic453.jpg,plastic
1449,archive/GarbageClassification\plastic\plastic103.jpg,plastic
1450,archive/GarbageClassification\trash\trash83.jpg,trash
1451,archive/GarbageClassification\plastic\plastic241.jpg,plastic
1452,archive/GarbageClassification\plastic\plastic361.jpg,plastic
1453,archive/GarbageClassification\paper\paper313.jpg,paper
1454,archive/GarbageClassification\plastic\plastic41.jpg,plastic
1455,archive/GarbageClassification\plastic\plastic207.jpg,plastic
1456,archive/GarbageClassification\paper\paper314.jpg,paper
1457,archive/GarbageClassification\plastic\plastic82.jpg,plastic
1458,archive/GarbageClassification\paper\paper308.jpg,paper
1459,archive/GarbageClassification\metal\metal70.jpg,metal
1460,archive/GarbageClassification\plastic\plastic217.jpg,plastic
1461,archive/GarbageClassification\metal\metal145.jpg,metal
1462,archive/GarbageClassification\cardboard\cardboard369.jpg,cardboard
1463,archive/GarbageClassification\glass\glass498.jpg,glass
1464,archive/GarbageClassification\trash\trash28.jpg,trash
1465,archive/GarbageClassification\paper\paper456.jpg,paper
1466,archive/GarbageClassification\glass\glass292.jpg,glass
1467,archive/GarbageClassification\plastic\plastic238.jpg,plastic
1468,archive/GarbageClassification\paper\paper119.jpg,paper
1469,archive/GarbageClassification\metal\metal141.jpg,metal
1470,archive/GarbageClassification\paper\paper495.jpg,paper
1471,archive/GarbageClassification\glass\glass272.jpg,glass
1472,archive/GarbageClassification\plastic\plastic168.jpg,plastic
1473,archive/GarbageClassification\plastic\plastic220.jpg,plastic
1474,archive/GarbageClassification\glass\glass96.jpg,glass
1475,archive/GarbageClassification\metal\metal190.jpg,metal
1476,archive/GarbageClassification\plastic\plastic15.jpg,plastic
1477,archive/GarbageClassification\plastic\plastic237.jpg,plastic
1478,archive/GarbageClassification\glass\glass67.jpg,glass
1479,archive/GarbageClassification\metal\metal118.jpg,metal
1480,archive/GarbageClassification\metal\metal94.jpg,metal
1481,archive/GarbageClassification\metal\metal204.jpg,metal
1482,archive/GarbageClassification\metal\metal189.jpg,metal
1483,archive/GarbageClassification\paper\paper71.jpg,paper
1484,archive/GarbageClassification\metal\metal264.jpg,metal
1485,archive/GarbageClassification\cardboard\cardboard256.jpg,cardboard
1486,archive/GarbageClassification\glass\glass257.jpg,glass
1487,archive/GarbageClassification\glass\glass493.jpg,glass
1488,archive/GarbageClassification\plastic\plastic149.jpg,plastic
1489,archive/GarbageClassification\paper\paper366.jpg,paper
1490,archive/GarbageClassification\cardboard\cardboard260.jpg,cardboard
1491,archive/GarbageClassification\metal\metal222.jpg,metal
1492,archive/GarbageClassification\paper\paper420.jpg,paper
1493,archive/GarbageClassification\paper\paper487.jpg,paper
1494,archive/GarbageClassification\glass\glass471.jpg,glass
1495,archive/GarbageClassification\paper\paper419.jpg,paper
1496,archive/GarbageClassification\plastic\plastic299.jpg,plastic
1497,archive/GarbageClassification\glass\glass190.jpg,glass
1498,archive/GarbageClassification\trash\trash110.jpg,trash
1499,archive/GarbageClassification\metal\metal345.jpg,metal
1500,archive/GarbageClassification\paper\paper587.jpg,paper
1501,archive/GarbageClassification\paper\paper66.jpg,paper
1502,archive/GarbageClassification\cardboard\cardboard52.jpg,cardboard
1503,archive/GarbageClassification\plastic\plastic392.jpg,plastic
1504,archive/GarbageClassification\plastic\plastic195.jpg,plastic
1505,archive/GarbageClassification\glass\glass399.jpg,glass
1506,archive/GarbageClassification\trash\trash52.jpg,trash
1507,archive/GarbageClassification\paper\paper216.jpg,paper
1508,archive/GarbageClassification\paper\paper110.jpg,paper
1509,archive/GarbageClassification\glass\glass413.jpg,glass
1510,archive/GarbageClassification\plastic\plastic412.jpg,plastic
1511,archive/GarbageClassification\glass\glass299.jpg,glass
1512,archive/GarbageClassification\plastic\plastic278.jpg,plastic
1513,archive/GarbageClassification\glass\glass462.jpg,glass
1514,archive/GarbageClassification\cardboard\cardboard398.jpg,cardboard
1515,archive/GarbageClassification\paper\paper492.jpg,paper
1516,archive/GarbageClassification\cardboard\cardboard382.jpg,cardboard
1517,archive/GarbageClassification\trash\trash100.jpg,trash
1518,archive/GarbageClassification\paper\paper311.jpg,paper
1519,archive/GarbageClassification\cardboard\cardboard389.jpg,cardboard
1520,archive/GarbageClassification\plastic\plastic29.jpg,plastic
1521,archive/GarbageClassification\plastic\plastic456.jpg,plastic
1522,archive/GarbageClassification\metal\metal163.jpg,metal
1523,archive/GarbageClassification\cardboard\cardboard329.jpg,cardboard
1524,archive/GarbageClassification\metal\metal393.jpg,metal
1525,archive/GarbageClassification\metal\metal391.jpg,metal
1526,archive/GarbageClassification\paper\paper461.jpg,paper
1527,archive/GarbageClassification\glass\glass454.jpg,glass
1528,archive/GarbageClassification\plastic\plastic476.jpg,plastic
1529,archive/GarbageClassification\paper\paper47.jpg,paper
1530,archive/GarbageClassification\plastic\plastic96.jpg,plastic
1531,archive/GarbageClassification\plastic\plastic381.jpg,plastic
1532,archive/GarbageClassification\plastic\plastic198.jpg,plastic
1533,archive/GarbageClassification\plastic\plastic99.jpg,plastic
1534,archive/GarbageClassification\plastic\plastic313.jpg,plastic
1535,archive/GarbageClassification\metal\metal84.jpg,metal
1536,archive/GarbageClassification\metal\metal209.jpg,metal
1537,archive/GarbageClassification\paper\paper81.jpg,paper
1538,archive/GarbageClassification\paper\paper315.jpg,paper
1539,archive/GarbageClassification\glass\glass91.jpg,glass
1540,archive/GarbageClassification\metal\metal132.jpg,metal
1541,archive/GarbageClassification\metal\metal397.jpg,metal
1542,archive/GarbageClassification\plastic\plastic415.jpg,plastic
1543,archive/GarbageClassification\cardboard\cardboard27.jpg,cardboard
1544,archive/GarbageClassification\paper\paper571.jpg,paper
1545,archive/GarbageClassification\glass\glass197.jpg,glass
1546,archive/GarbageClassification\paper\paper10.jpg,paper
1547,archive/GarbageClassification\metal\metal35.jpg,metal
1548,archive/GarbageClassification\glass\glass13.jpg,glass
1549,archive/GarbageClassification\metal\metal146.jpg,metal
1550,archive/GarbageClassification\paper\paper86.jpg,paper
1551,archive/GarbageClassification\paper\paper292.jpg,paper
1552,archive/GarbageClassification\glass\glass62.jpg,glass
1553,archive/GarbageClassification\metal\metal346.jpg,metal
1554,archive/GarbageClassification\plastic\plastic83.jpg,plastic
1555,archive/GarbageClassification\metal\metal366.jpg,metal
1556,archive/GarbageClassification\plastic\plastic116.jpg,plastic
1557,archive/GarbageClassification\cardboard\cardboard178.jpg,cardboard
1558,archive/GarbageClassification\paper\paper242.jpg,paper
1559,archive/GarbageClassification\glass\glass396.jpg,glass
1560,archive/GarbageClassification\glass\glass247.jpg,glass
1561,archive/GarbageClassification\plastic\plastic213.jpg,plastic
1562,archive/GarbageClassification\paper\paper392.jpg,paper
1563,archive/GarbageClassification\paper\paper432.jpg,paper
1564,archive/GarbageClassification\cardboard\cardboard334.jpg,cardboard
1565,archive/GarbageClassification\plastic\plastic78.jpg,plastic
1566,archive/GarbageClassification\glass\glass120.jpg,glass
1567,archive/GarbageClassification\paper\paper539.jpg,paper
1568,archive/GarbageClassification\trash\trash130.jpg,trash
1569,archive/GarbageClassification\cardboard\cardboard108.jpg,cardboard
1570,archive/GarbageClassification\metal\metal156.jpg,metal
1571,archive/GarbageClassification\cardboard\cardboard275.jpg,cardboard
1572,archive/GarbageClassification\glass\glass327.jpg,glass
1573,archive/GarbageClassification\paper\paper589.jpg,paper
1574,archive/GarbageClassification\metal\metal102.jpg,metal
1575,archive/GarbageClassification\glass\glass79.jpg,glass
1576,archive/GarbageClassification\metal\metal174.jpg,metal
1577,archive/GarbageClassification\plastic\plastic449.jpg,plastic
1578,archive/GarbageClassification\metal\metal27.jpg,metal
1579,archive/GarbageClassification\paper\paper22.jpg,paper
1580,archive/GarbageClassification\metal\metal121.jpg,metal
1581,archive/GarbageClassification\glass\glass401.jpg,glass
1582,archive/GarbageClassification\glass\glass470.jpg,glass
1583,archive/GarbageClassification\paper\paper80.jpg,paper
1584,archive/GarbageClassification\plastic\plastic119.jpg,plastic
1585,archive/GarbageClassification\trash\trash59.jpg,trash
1586,archive/GarbageClassification\paper\paper479.jpg,paper
1587,archive/GarbageClassification\cardboard\cardboard21.jpg,cardboard
1588,archive/GarbageClassification\cardboard\cardboard263.jpg,cardboard
1589,archive/GarbageClassification\glass\glass92.jpg,glass
1590,archive/GarbageClassification\paper\paper221.jpg,paper
1591,archive/GarbageClassification\paper\paper52.jpg,paper
1592,archive/GarbageClassification\glass\glass211.jpg,glass
1593,archive/GarbageClassification\paper\paper285.jpg,paper
1594,archive/GarbageClassification\cardboard\cardboard311.jpg,cardboard
1595,archive/GarbageClassification\plastic\plastic256.jpg,plastic
1596,archive/GarbageClassification\trash\trash77.jpg,trash
1597,archive/GarbageClassification\glass\glass360.jpg,glass
1598,archive/GarbageClassification\metal\metal315.jpg,metal
1599,archive/GarbageClassification\metal\metal194.jpg,metal
1600,archive/GarbageClassification\cardboard\cardboard70.jpg,cardboard
1601,archive/GarbageClassification\paper\paper279.jpg,paper
1602,archive/GarbageClassification\trash\trash85.jpg,trash
1603,archive/GarbageClassification\plastic\plastic393.jpg,plastic
1604,archive/GarbageClassification\glass\glass235.jpg,glass
1605,archive/GarbageClassification\cardboard\cardboard151.jpg,cardboard
1606,archive/GarbageClassification\metal\metal403.jpg,metal
1607,archive/GarbageClassification\paper\paper562.jpg,paper
1608,archive/GarbageClassification\metal\metal162.jpg,metal
1609,archive/GarbageClassification\metal\metal228.jpg,metal
1610,archive/GarbageClassification\glass\glass313.jpg,glass
1611,archive/GarbageClassification\paper\paper142.jpg,paper
1612,archive/GarbageClassification\plastic\plastic51.jpg,plastic
1613,archive/GarbageClassification\plastic\plastic182.jpg,plastic
1614,archive/GarbageClassification\plastic\plastic47.jpg,plastic
1615,archive/GarbageClassification\glass\glass187.jpg,glass
1616,archive/GarbageClassification\paper\paper117.jpg,paper
1617,archive/GarbageClassification\paper\paper139.jpg,paper
1618,archive/GarbageClassification\glass\glass198.jpg,glass
1619,archive/GarbageClassification\paper\paper403.jpg,paper
1620,archive/GarbageClassification\cardboard\cardboard344.jpg,cardboard
1621,archive/GarbageClassification\glass\glass23.jpg,glass
1622,archive/GarbageClassification\glass\glass37.jpg,glass
1623,archive/GarbageClassification\plastic\plastic235.jpg,plastic
1624,archive/GarbageClassification\metal\metal112.jpg,metal
1625,archive/GarbageClassification\metal\metal202.jpg,metal
1626,archive/GarbageClassification\metal\metal237.jpg,metal
1627,archive/GarbageClassification\metal\metal79.jpg,metal
1628,archive/GarbageClassification\plastic\plastic334.jpg,plastic
1629,archive/GarbageClassification\plastic\plastic167.jpg,plastic
1630,archive/GarbageClassification\metal\metal127.jpg,metal
1631,archive/GarbageClassification\paper\paper54.jpg,paper
1632,archive/GarbageClassification\glass\glass343.jpg,glass
1633,archive/GarbageClassification\cardboard\cardboard378.jpg,cardboard
1634,archive/GarbageClassification\plastic\plastic243.jpg,plastic
1635,archive/GarbageClassification\cardboard\cardboard180.jpg,cardboard
1636,archive/GarbageClassification\metal\metal77.jpg,metal
1637,archive/GarbageClassification\cardboard\cardboard228.jpg,cardboard
1638,archive/GarbageClassification\cardboard\cardboard202.jpg,cardboard
1639,archive/GarbageClassification\paper\paper452.jpg,paper
1640,archive/GarbageClassification\paper\paper396.jpg,paper
1641,archive/GarbageClassification\paper\paper371.jpg,paper
1642,archive/GarbageClassification\glass\glass86.jpg,glass
1643,archive/GarbageClassification\plastic\plastic36.jpg,plastic
1644,archive/GarbageClassification\plastic\plastic396.jpg,plastic
1645,archive/GarbageClassification\metal\metal355.jpg,metal
1646,archive/GarbageClassification\plastic\plastic267.jpg,plastic
1647,archive/GarbageClassification\metal\metal12.jpg,metal
1648,archive/GarbageClassification\paper\paper301.jpg,paper
1649,archive/GarbageClassification\glass\glass77.jpg,glass
1650,archive/GarbageClassification\glass\glass75.jpg,glass
1651,archive/GarbageClassification\metal\metal395.jpg,metal
1652,archive/GarbageClassification\cardboard\cardboard155.jpg,cardboard
1653,archive/GarbageClassification\glass\glass154.jpg,glass
1654,archive/GarbageClassification\metal\metal153.jpg,metal
1655,archive/GarbageClassification\paper\paper218.jpg,paper
1656,archive/GarbageClassification\cardboard\cardboard205.jpg,cardboard
1657,archive/GarbageClassification\metal\metal193.jpg,metal
1658,archive/GarbageClassification\paper\paper583.jpg,paper
1659,archive/GarbageClassification\plastic\plastic134.jpg,plastic
1660,archive/GarbageClassification\plastic\plastic301.jpg,plastic
1661,archive/GarbageClassification\cardboard\cardboard392.jpg,cardboard
1662,archive/GarbageClassification\paper\paper270.jpg,paper
1663,archive/GarbageClassification\metal\metal398.jpg,metal
1664,archive/GarbageClassification\glass\glass333.jpg,glass
1665,archive/GarbageClassification\paper\paper118.jpg,paper
1666,archive/GarbageClassification\paper\paper49.jpg,paper
1667,archive/GarbageClassification\metal\metal46.jpg,metal
1668,archive/GarbageClassification\cardboard\cardboard393.jpg,cardboard
1669,archive/GarbageClassification\paper\paper510.jpg,paper
1670,archive/GarbageClassification\glass\glass452.jpg,glass
1671,archive/GarbageClassification\paper\paper532.jpg,paper
1672,archive/GarbageClassification\trash\trash49.jpg,trash
1673,archive/GarbageClassification\metal\metal272.jpg,metal
1674,archive/GarbageClassification\cardboard\cardboard61.jpg,cardboard
1675,archive/GarbageClassification\paper\paper325.jpg,paper
1676,archive/GarbageClassification\glass\glass320.jpg,glass
1677,archive/GarbageClassification\cardboard\cardboard339.jpg,cardboard
1678,archive/GarbageClassification\glass\glass93.jpg,glass
1679,archive/GarbageClassification\trash\trash123.jpg,trash
1680,archive/GarbageClassification\plastic\plastic79.jpg,plastic
1681,archive/GarbageClassification\paper\paper162.jpg,paper
1682,archive/GarbageClassification\glass\glass4.jpg,glass
1683,archive/GarbageClassification\plastic\plastic379.jpg,plastic
1684,archive/GarbageClassification\paper\paper282.jpg,paper
1685,archive/GarbageClassification\paper\paper547.jpg,paper
1686,archive/GarbageClassification\plastic\plastic219.jpg,plastic
1687,archive/GarbageClassification\trash\trash40.jpg,trash
1688,archive/GarbageClassification\glass\glass173.jpg,glass
1689,archive/GarbageClassification\plastic\plastic337.jpg,plastic
1690,archive/GarbageClassification\glass\glass169.jpg,glass
1691,archive/GarbageClassification\cardboard\cardboard213.jpg,cardboard
1692,archive/GarbageClassification\cardboard\cardboard12.jpg,cardboard
1693,archive/GarbageClassification\metal\metal117.jpg,metal
1694,archive/GarbageClassification\glass\glass358.jpg,glass
1695,archive/GarbageClassification\paper\paper89.jpg,paper
1696,archive/GarbageClassification\cardboard\cardboard242.jpg,cardboard
1697,archive/GarbageClassification\glass\glass445.jpg,glass
1698,archive/GarbageClassification\glass\glass99.jpg,glass
1699,archive/GarbageClassification\paper\paper299.jpg,paper
1700,archive/GarbageClassification\plastic\plastic153.jpg,plastic
1701,archive/GarbageClassification\metal\metal294.jpg,metal
1702,archive/GarbageClassification\cardboard\cardboard45.jpg,cardboard
1703,archive/GarbageClassification\paper\paper206.jpg,paper
1704,archive/GarbageClassification\plastic\plastic143.jpg,plastic
1705,archive/GarbageClassification\paper\paper548.jpg,paper
1706,archive/GarbageClassification\plastic\plastic413.jpg,plastic
1707,archive/GarbageClassification\paper\paper397.jpg,paper
1708,archive/GarbageClassification\glass\glass165.jpg,glass
1709,archive/GarbageClassification\paper\paper44.jpg,paper
1710,archive/GarbageClassification\paper\paper35.jpg,paper
1711,archive/GarbageClassification\cardboard\cardboard361.jpg,cardboard
1712,archive/GarbageClassification\metal\metal154.jpg,metal
1713,archive/GarbageClassification\plastic\plastic398.jpg,plastic
1714,archive/GarbageClassification\glass\glass191.jpg,glass
1715,archive/GarbageClassification\trash\trash104.jpg,trash
1716,archive/GarbageClassification\plastic\plastic200.jpg,plastic
1717,archive/GarbageClassification\paper\paper360.jpg,paper
1718,archive/GarbageClassification\plastic\plastic40.jpg,plastic
1719,archive/GarbageClassification\paper\paper409.jpg,paper
1720,archive/GarbageClassification\cardboard\cardboard67.jpg,cardboard
1721,archive/GarbageClassification\metal\metal227.jpg,metal
1722,archive/GarbageClassification\metal\metal348.jpg,metal
1723,archive/GarbageClassification\glass\glass383.jpg,glass
1724,archive/GarbageClassification\cardboard\cardboard53.jpg,cardboard
1725,archive/GarbageClassification\metal\metal352.jpg,metal
1726,archive/GarbageClassification\glass\glass455.jpg,glass
1727,archive/GarbageClassification\metal\metal62.jpg,metal
1728,archive/GarbageClassification\cardboard\cardboard11.jpg,cardboard
1729,archive/GarbageClassification\paper\paper177.jpg,paper
1730,archive/GarbageClassification\paper\paper136.jpg,paper
1731,archive/GarbageClassification\glass\glass194.jpg,glass
1732,archive/GarbageClassification\metal\metal286.jpg,metal
1733,archive/GarbageClassification\glass\glass487.jpg,glass
1734,archive/GarbageClassification\metal\metal329.jpg,metal
1735,archive/GarbageClassification\metal\metal122.jpg,metal
1736,archive/GarbageClassification\trash\trash81.jpg,trash
1737,archive/GarbageClassification\cardboard\cardboard196.jpg,cardboard
1738,archive/GarbageClassification\glass\glass174.jpg,glass
1739,archive/GarbageClassification\trash\trash5.jpg,trash
1740,archive/GarbageClassification\trash\trash37.jpg,trash
1741,archive/GarbageClassification\paper\paper146.jpg,paper
1742,archive/GarbageClassification\metal\metal275.jpg,metal
1743,archive/GarbageClassification\glass\glass144.jpg,glass
1744,archive/GarbageClassification\paper\paper99.jpg,paper
1745,archive/GarbageClassification\plastic\plastic317.jpg,plastic
1746,archive/GarbageClassification\cardboard\cardboard381.jpg,cardboard
1747,archive/GarbageClassification\paper\paper318.jpg,paper
1748,archive/GarbageClassification\glass\glass405.jpg,glass
1749,archive/GarbageClassification\cardboard\cardboard229.jpg,cardboard
1750,archive/GarbageClassification\glass\glass491.jpg,glass
1751,archive/GarbageClassification\paper\paper491.jpg,paper
1752,archive/GarbageClassification\paper\paper168.jpg,paper
1753,archive/GarbageClassification\paper\paper5.jpg,paper
1754,archive/GarbageClassification\cardboard\cardboard117.jpg,cardboard
1755,archive/GarbageClassification\paper\paper586.jpg,paper
1756,archive/GarbageClassification\glass\glass74.jpg,glass
1757,archive/GarbageClassification\glass\glass203.jpg,glass
1758,archive/GarbageClassification\plastic\plastic375.jpg,plastic
1759,archive/GarbageClassification\glass\glass268.jpg,glass
1760,archive/GarbageClassification\glass\glass443.jpg,glass
1761,archive/GarbageClassification\metal\metal161.jpg,metal
1762,archive/GarbageClassification\plastic\plastic296.jpg,plastic
1763,archive/GarbageClassification\plastic\plastic100.jpg,plastic
1764,archive/GarbageClassification\plastic\plastic218.jpg,plastic
1765,archive/GarbageClassification\paper\paper24.jpg,paper
1766,archive/GarbageClassification\paper\paper564.jpg,paper
1767,archive/GarbageClassification\glass\glass394.jpg,glass
1768,archive/GarbageClassification\paper\paper178.jpg,paper
1769,archive/GarbageClassification\glass\glass146.jpg,glass
1770,archive/GarbageClassification\plastic\plastic431.jpg,plastic
1771,archive/GarbageClassification\plastic\plastic327.jpg,plastic
1772,archive/GarbageClassification\glass\glass381.jpg,glass
1773,archive/GarbageClassification\cardboard\cardboard54.jpg,cardboard
1774,archive/GarbageClassification\cardboard\cardboard315.jpg,cardboard
1775,archive/GarbageClassification\cardboard\cardboard320.jpg,cardboard
1776,archive/GarbageClassification\paper\paper502.jpg,paper
1777,archive/GarbageClassification\plastic\plastic49.jpg,plastic
1778,archive/GarbageClassification\metal\metal306.jpg,metal
1779,archive/GarbageClassification\plastic\plastic131.jpg,plastic
1780,archive/GarbageClassification\cardboard\cardboard156.jpg,cardboard
1781,archive/GarbageClassification\plastic\plastic419.jpg,plastic
1782,archive/GarbageClassification\cardboard\cardboard157.jpg,cardboard
1783,archive/GarbageClassification\paper\paper382.jpg,paper
1784,archive/GarbageClassification\paper\paper464.jpg,paper
1785,archive/GarbageClassification\plastic\plastic188.jpg,plastic
1786,archive/GarbageClassification\plastic\plastic356.jpg,plastic
1787,archive/GarbageClassification\plastic\plastic273.jpg,plastic
1788,archive/GarbageClassification\plastic\plastic470.jpg,plastic
1789,archive/GarbageClassification\glass\glass297.jpg,glass
1790,archive/GarbageClassification\paper\paper68.jpg,paper
1791,archive/GarbageClassification\paper\paper306.jpg,paper
1792,archive/GarbageClassification\cardboard\cardboard41.jpg,cardboard
1793,archive/GarbageClassification\cardboard\cardboard291.jpg,cardboard
1794,archive/GarbageClassification\cardboard\cardboard368.jpg,cardboard
1795,archive/GarbageClassification\trash\trash54.jpg,trash
1796,archive/GarbageClassification\plastic\plastic372.jpg,plastic
1797,archive/GarbageClassification\paper\paper453.jpg,paper
1798,archive/GarbageClassification\plastic\plastic175.jpg,plastic
1799,archive/GarbageClassification\cardboard\cardboard282.jpg,cardboard
1800,archive/GarbageClassification\paper\paper327.jpg,paper
1801,archive/GarbageClassification\cardboard\cardboard99.jpg,cardboard
1802,archive/GarbageClassification\plastic\plastic320.jpg,plastic
1803,archive/GarbageClassification\paper\paper484.jpg,paper
1804,archive/GarbageClassification\paper\paper83.jpg,paper
1805,archive/GarbageClassification\plastic\plastic85.jpg,plastic
1806,archive/GarbageClassification\glass\glass225.jpg,glass
1807,archive/GarbageClassification\plastic\plastic161.jpg,plastic
1808,archive/GarbageClassification\metal\metal384.jpg,metal
1809,archive/GarbageClassification\paper\paper256.jpg,paper
1810,archive/GarbageClassification\metal\metal318.jpg,metal
1811,archive/GarbageClassification\paper\paper488.jpg,paper
1812,archive/GarbageClassification\plastic\plastic409.jpg,plastic
1813,archive/GarbageClassification\metal\metal147.jpg,metal
1814,archive/GarbageClassification\metal\metal319.jpg,metal
1815,archive/GarbageClassification\glass\glass500.jpg,glass
1816,archive/GarbageClassification\plastic\plastic191.jpg,plastic
1817,archive/GarbageClassification\metal\metal157.jpg,metal
1818,archive/GarbageClassification\plastic\plastic125.jpg,plastic
1819,archive/GarbageClassification\plastic\plastic38.jpg,plastic
1820,archive/GarbageClassification\metal\metal210.jpg,metal
1821,archive/GarbageClassification\metal\metal274.jpg,metal
1822,archive/GarbageClassification\plastic\plastic318.jpg,plastic
1823,archive/GarbageClassification\cardboard\cardboard350.jpg,cardboard
1824,archive/GarbageClassification\paper\paper393.jpg,paper
1825,archive/GarbageClassification\cardboard\cardboard337.jpg,cardboard
1826,archive/GarbageClassification\glass\glass301.jpg,glass
1827,archive/GarbageClassification\trash\trash53.jpg,trash
1828,archive/GarbageClassification\paper\paper166.jpg,paper
1829,archive/GarbageClassification\glass\glass254.jpg,glass
1830,archive/GarbageClassification\paper\paper503.jpg,paper
1831,archive/GarbageClassification\trash\trash88.jpg,trash
1832,archive/GarbageClassification\paper\paper407.jpg,paper
1833,archive/GarbageClassification\glass\glass456.jpg,glass
1834,archive/GarbageClassification\paper\paper412.jpg,paper
1835,archive/GarbageClassification\plastic\plastic228.jpg,plastic
1836,archive/GarbageClassification\metal\metal140.jpg,metal
1837,archive/GarbageClassification\metal\metal239.jpg,metal
1838,archive/GarbageClassification\plastic\plastic189.jpg,plastic
1839,archive/GarbageClassification\metal\metal359.jpg,metal
1840,archive/GarbageClassification\trash\trash30.jpg,trash
1841,archive/GarbageClassification\cardboard\cardboard165.jpg,cardboard
1842,archive/GarbageClassification\paper\paper234.jpg,paper
1843,archive/GarbageClassification\glass\glass30.jpg,glass
1844,archive/GarbageClassification\paper\paper337.jpg,paper
1845,archive/GarbageClassification\glass\glass398.jpg,glass
1846,archive/GarbageClassification\paper\paper103.jpg,paper
1847,archive/GarbageClassification\plastic\plastic89.jpg,plastic
1848,archive/GarbageClassification\paper\paper8.jpg,paper
1849,archive/GarbageClassification\cardboard\cardboard385.jpg,cardboard
1850,archive/GarbageClassification\paper\paper330.jpg,paper
1851,archive/GarbageClassification\metal\metal409.jpg,metal
1852,archive/GarbageClassification\paper\paper211.jpg,paper
1853,archive/GarbageClassification\paper\paper402.jpg,paper
1854,archive/GarbageClassification\plastic\plastic145.jpg,plastic
1855,archive/GarbageClassification\cardboard\cardboard200.jpg,cardboard
1856,archive/GarbageClassification\metal\metal235.jpg,metal
1857,archive/GarbageClassification\paper\paper130.jpg,paper
1858,archive/GarbageClassification\plastic\plastic468.jpg,plastic
1859,archive/GarbageClassification\glass\glass339.jpg,glass
1860,archive/GarbageClassification\paper\paper210.jpg,paper
1861,archive/GarbageClassification\paper\paper501.jpg,paper
1862,archive/GarbageClassification\plastic\plastic364.jpg,plastic
1863,archive/GarbageClassification\metal\metal144.jpg,metal
1864,archive/GarbageClassification\paper\paper447.jpg,paper
1865,archive/GarbageClassification\plastic\plastic174.jpg,plastic
1866,archive/GarbageClassification\paper\paper369.jpg,paper
1867,archive/GarbageClassification\glass\glass64.jpg,glass
1868,archive/GarbageClassification\paper\paper304.jpg,paper
1869,archive/GarbageClassification\cardboard\cardboard120.jpg,cardboard
1870,archive/GarbageClassification\glass\glass262.jpg,glass
1871,archive/GarbageClassification\glass\glass494.jpg,glass
1872,archive/GarbageClassification\metal\metal74.jpg,metal
1873,archive/GarbageClassification\glass\glass348.jpg,glass
1874,archive/GarbageClassification\trash\trash125.jpg,trash
1875,archive/GarbageClassification\paper\paper458.jpg,paper
1876,archive/GarbageClassification\cardboard\cardboard287.jpg,cardboard
1877,archive/GarbageClassification\cardboard\cardboard298.jpg,cardboard
1878,archive/GarbageClassification\cardboard\cardboard269.jpg,cardboard
1879,archive/GarbageClassification\trash\trash18.jpg,trash
1880,archive/GarbageClassification\plastic\plastic370.jpg,plastic
1881,archive/GarbageClassification\plastic\plastic373.jpg,plastic
1882,archive/GarbageClassification\plastic\plastic452.jpg,plastic
1883,archive/GarbageClassification\cardboard\cardboard170.jpg,cardboard
1884,archive/GarbageClassification\cardboard\cardboard281.jpg,cardboard
1885,archive/GarbageClassification\paper\paper261.jpg,paper
1886,archive/GarbageClassification\cardboard\cardboard211.jpg,cardboard
1887,archive/GarbageClassification\glass\glass497.jpg,glass
1888,archive/GarbageClassification\paper\paper31.jpg,paper
1889,archive/GarbageClassification\cardboard\cardboard44.jpg,cardboard
1890,archive/GarbageClassification\paper\paper355.jpg,paper
1891,archive/GarbageClassification\plastic\plastic39.jpg,plastic
1892,archive/GarbageClassification\metal\metal167.jpg,metal
1893,archive/GarbageClassification\glass\glass55.jpg,glass
1894,archive/GarbageClassification\plastic\plastic286.jpg,plastic
1895,archive/GarbageClassification\cardboard\cardboard110.jpg,cardboard
1896,archive/GarbageClassification\cardboard\cardboard126.jpg,cardboard
1897,archive/GarbageClassification\plastic\plastic270.jpg,plastic
1898,archive/GarbageClassification\plastic\plastic67.jpg,plastic
1899,archive/GarbageClassification\cardboard\cardboard270.jpg,cardboard
1900,archive/GarbageClassification\cardboard\cardboard50.jpg,cardboard
1901,archive/GarbageClassification\trash\trash39.jpg,trash
1902,archive/GarbageClassification\plastic\plastic284.jpg,plastic
1903,archive/GarbageClassification\plastic\plastic127.jpg,plastic
1904,archive/GarbageClassification\paper\paper429.jpg,paper
1905,archive/GarbageClassification\plastic\plastic165.jpg,plastic
1906,archive/GarbageClassification\metal\metal221.jpg,metal
1907,archive/GarbageClassification\paper\paper74.jpg,paper
1908,archive/GarbageClassification\metal\metal360.jpg,metal
1909,archive/GarbageClassification\glass\glass168.jpg,glass
1910,archive/GarbageClassification\paper\paper128.jpg,paper
1911,archive/GarbageClassification\plastic\plastic126.jpg,plastic
1912,archive/GarbageClassification\plastic\plastic462.jpg,plastic
1913,archive/GarbageClassification\plastic\plastic472.jpg,plastic
1914,archive/GarbageClassification\cardboard\cardboard313.jpg,cardboard
1915,archive/GarbageClassification\paper\paper381.jpg,paper
1916,archive/GarbageClassification\cardboard\cardboard76.jpg,cardboard
1917,archive/GarbageClassification\cardboard\cardboard322.jpg,cardboard
1918,archive/GarbageClassification\paper\paper254.jpg,paper
1919,archive/GarbageClassification\trash\trash76.jpg,trash
1920,archive/GarbageClassification\glass\glass53.jpg,glass
1921,archive/GarbageClassification\glass\glass128.jpg,glass
1922,archive/GarbageClassification\paper\paper280.jpg,paper
1923,archive/GarbageClassification\plastic\plastic204.jpg,plastic
1924,archive/GarbageClassification\glass\glass421.jpg,glass
1925,archive/GarbageClassification\paper\paper526.jpg,paper
1926,archive/GarbageClassification\plastic\plastic304.jpg,plastic
1927,archive/GarbageClassification\cardboard\cardboard139.jpg,cardboard
1928,archive/GarbageClassification\cardboard\cardboard167.jpg,cardboard
1929,archive/GarbageClassification\paper\paper483.jpg,paper
1930,archive/GarbageClassification\glass\glass126.jpg,glass
1931,archive/GarbageClassification\plastic\plastic92.jpg,plastic
1932,archive/GarbageClassification\plastic\plastic414.jpg,plastic
1933,archive/GarbageClassification\paper\paper475.jpg,paper
1934,archive/GarbageClassification\paper\paper466.jpg,paper
1935,archive/GarbageClassification\plastic\plastic425.jpg,plastic
1936,archive/GarbageClassification\cardboard\cardboard60.jpg,cardboard
1937,archive/GarbageClassification\plastic\plastic27.jpg,plastic
1938,archive/GarbageClassification\paper\paper319.jpg,paper
1939,archive/GarbageClassification\glass\glass156.jpg,glass
1940,archive/GarbageClassification\paper\paper67.jpg,paper
1941,archive/GarbageClassification\plastic\plastic106.jpg,plastic
1942,archive/GarbageClassification\paper\paper18.jpg,paper
1943,archive/GarbageClassification\metal\metal120.jpg,metal
1944,archive/GarbageClassification\paper\paper451.jpg,paper
1945,archive/GarbageClassification\plastic\plastic455.jpg,plastic
1946,archive/GarbageClassification\paper\paper515.jpg,paper
1947,archive/GarbageClassification\plastic\plastic332.jpg,plastic
1948,archive/GarbageClassification\cardboard\cardboard107.jpg,cardboard
1949,archive/GarbageClassification\cardboard\cardboard308.jpg,cardboard
1950,archive/GarbageClassification\plastic\plastic42.jpg,plastic
1951,archive/GarbageClassification\cardboard\cardboard92.jpg,cardboard
1952,archive/GarbageClassification\paper\paper90.jpg,paper
1953,archive/GarbageClassification\plastic\plastic151.jpg,plastic
1954,archive/GarbageClassification\plastic\plastic312.jpg,plastic
1955,archive/GarbageClassification\glass\glass472.jpg,glass
1956,archive/GarbageClassification\cardboard\cardboard91.jpg,cardboard
1957,archive/GarbageClassification\metal\metal385.jpg,metal
1958,archive/GarbageClassification\metal\metal119.jpg,metal
1959,archive/GarbageClassification\paper\paper467.jpg,paper
1960,archive/GarbageClassification\glass\glass409.jpg,glass
1961,archive/GarbageClassification\trash\trash79.jpg,trash
1962,archive/GarbageClassification\metal\metal334.jpg,metal
1963,archive/GarbageClassification\metal\metal251.jpg,metal
1964,archive/GarbageClassification\metal\metal138.jpg,metal
1965,archive/GarbageClassification\plastic\plastic294.jpg,plastic
1966,archive/GarbageClassification\cardboard\cardboard79.jpg,cardboard
1967,archive/GarbageClassification\paper\paper575.jpg,paper
1968,archive/GarbageClassification\paper\paper148.jpg,paper
1969,archive/GarbageClassification\cardboard\cardboard18.jpg,cardboard
1970,archive/GarbageClassification\cardboard\cardboard356.jpg,cardboard
1971,archive/GarbageClassification\metal\metal296.jpg,metal
1972,archive/GarbageClassification\plastic\plastic459.jpg,plastic
1973,archive/GarbageClassification\trash\trash7.jpg,trash
1974,archive/GarbageClassification\metal\metal88.jpg,metal
1975,archive/GarbageClassification\trash\trash9.jpg,trash
1976,archive/GarbageClassification\metal\metal245.jpg,metal
1977,archive/GarbageClassification\plastic\plastic90.jpg,plastic
1978,archive/GarbageClassification\cardboard\cardboard377.jpg,cardboard
1979,archive/GarbageClassification\metal\metal9.jpg,metal
1980,archive/GarbageClassification\cardboard\cardboard271.jpg,cardboard
1981,archive/GarbageClassification\plastic\plastic206.jpg,plastic
1982,archive/GarbageClassification\glass\glass14.jpg,glass
1983,archive/GarbageClassification\glass\glass66.jpg,glass
1984,archive/GarbageClassification\plastic\plastic362.jpg,plastic
1985,archive/GarbageClassification\paper\paper388.jpg,paper
1986,archive/GarbageClassification\plastic\plastic74.jpg,plastic
1987,archive/GarbageClassification\metal\metal217.jpg,metal
1988,archive/GarbageClassification\cardboard\cardboard346.jpg,cardboard
1989,archive/GarbageClassification\plastic\plastic282.jpg,plastic
1990,archive/GarbageClassification\plastic\plastic389.jpg,plastic
1991,archive/GarbageClassification\trash\trash60.jpg,trash
1992,archive/GarbageClassification\metal\metal231.jpg,metal
1993,archive/GarbageClassification\plastic\plastic75.jpg,plastic
1994,archive/GarbageClassification\plastic\plastic121.jpg,plastic
1995,archive/GarbageClassification\glass\glass111.jpg,glass
1996,archive/GarbageClassification\glass\glass148.jpg,glass
1997,archive/GarbageClassification\paper\paper116.jpg,paper
1998,archive/GarbageClassification\metal\metal81.jpg,metal
1999,archive/GarbageClassification\glass\glass16.jpg,glass
2000,archive/GarbageClassification\glass\glass404.jpg,glass
2001,archive/GarbageClassification\metal\metal143.jpg,metal
2002,archive/GarbageClassification\cardboard\cardboard345.jpg,cardboard
2003,archive/GarbageClassification\trash\trash20.jpg,trash
2004,archive/GarbageClassification\cardboard\cardboard355.jpg,cardboard
2005,archive/GarbageClassification\metal\metal11.jpg,metal
2006,archive/GarbageClassification\cardboard\cardboard259.jpg,cardboard
2007,archive/GarbageClassification\cardboard\cardboard47.jpg,cardboard
2008,archive/GarbageClassification\plastic\plastic95.jpg,plastic
2009,archive/GarbageClassification\cardboard\cardboard181.jpg,cardboard
2010,archive/GarbageClassification\glass\glass84.jpg,glass
2011,archive/GarbageClassification\metal\metal28.jpg,metal
2012,archive/GarbageClassification\plastic\plastic34.jpg,plastic
2013,archive/GarbageClassification\glass\glass119.jpg,glass
2014,archive/GarbageClassification\paper\paper255.jpg,paper
2015,archive/GarbageClassification\cardboard\cardboard396.jpg,cardboard
2016,archive/GarbageClassification\plastic\plastic399.jpg,plastic
2017,archive/GarbageClassification\paper\paper263.jpg,paper
2018,archive/GarbageClassification\paper\paper346.jpg,paper
2019,archive/GarbageClassification\glass\glass305.jpg,glass
2020,archive/GarbageClassification\trash\trash42.jpg,trash
2021,archive/GarbageClassification\plastic\plastic303.jpg,plastic
2022,archive/GarbageClassification\cardboard\cardboard68.jpg,cardboard
2023,archive/GarbageClassification\cardboard\cardboard51.jpg,cardboard
2024,archive/GarbageClassification\paper\paper400.jpg,paper
2025,archive/GarbageClassification\paper\paper226.jpg,paper
2026,archive/GarbageClassification\plastic\plastic378.jpg,plastic
2027,archive/GarbageClassification\cardboard\cardboard285.jpg,cardboard
2028,archive/GarbageClassification\glass\glass59.jpg,glass
2029,archive/GarbageClassification\paper\paper305.jpg,paper
2030,archive/GarbageClassification\glass\glass152.jpg,glass
2031,archive/GarbageClassification\cardboard\cardboard353.jpg,cardboard
2032,archive/GarbageClassification\plastic\plastic262.jpg,plastic
2033,archive/GarbageClassification\paper\paper104.jpg,paper
2034,archive/GarbageClassification\plastic\plastic331.jpg,plastic
2035,archive/GarbageClassification\paper\paper121.jpg,paper
2036,archive/GarbageClassification\plastic\plastic408.jpg,plastic
2037,archive/GarbageClassification\plastic\plastic249.jpg,plastic
2038,archive/GarbageClassification\metal\metal261.jpg,metal
2039,archive/GarbageClassification\paper\paper97.jpg,paper
2040,archive/GarbageClassification\paper\paper220.jpg,paper
2041,archive/GarbageClassification\metal\metal18.jpg,metal
2042,archive/GarbageClassification\plastic\plastic458.jpg,plastic
2043,archive/GarbageClassification\paper\paper512.jpg,paper
2044,archive/GarbageClassification\cardboard\cardboard90.jpg,cardboard
2045,archive/GarbageClassification\glass\glass95.jpg,glass
2046,archive/GarbageClassification\glass\glass228.jpg,glass
2047,archive/GarbageClassification\cardboard\cardboard144.jpg,cardboard
2048,archive/GarbageClassification\paper\paper152.jpg,paper
2049,archive/GarbageClassification\trash\trash13.jpg,trash
2050,archive/GarbageClassification\metal\metal298.jpg,metal
2051,archive/GarbageClassification\cardboard\cardboard289.jpg,cardboard
2052,archive/GarbageClassification\metal\metal363.jpg,metal
2053,archive/GarbageClassification\metal\metal357.jpg,metal
2054,archive/GarbageClassification\metal\metal130.jpg,metal
2055,archive/GarbageClassification\cardboard\cardboard189.jpg,cardboard
2056,archive/GarbageClassification\glass\glass82.jpg,glass
2057,archive/GarbageClassification\plastic\plastic423.jpg,plastic
2058,archive/GarbageClassification\metal\metal188.jpg,metal
2059,archive/GarbageClassification\trash\trash87.jpg,trash
2060,archive/GarbageClassification\metal\metal310.jpg,metal
2061,archive/GarbageClassification\metal\metal226.jpg,metal
2062,archive/GarbageClassification\glass\glass171.jpg,glass
2063,archive/GarbageClassification\cardboard\cardboard187.jpg,cardboard
2064,archive/GarbageClassification\plastic\plastic102.jpg,plastic
2065,archive/GarbageClassification\glass\glass103.jpg,glass
2066,archive/GarbageClassification\paper\paper11.jpg,paper
2067,archive/GarbageClassification\metal\metal224.jpg,metal
2068,archive/GarbageClassification\trash\trash75.jpg,trash
2069,archive/GarbageClassification\plastic\plastic62.jpg,plastic
2070,archive/GarbageClassification\paper\paper338.jpg,paper
2071,archive/GarbageClassification\metal\metal287.jpg,metal
2072,archive/GarbageClassification\glass\glass202.jpg,glass
2073,archive/GarbageClassification\plastic\plastic172.jpg,plastic
2074,archive/GarbageClassification\paper\paper53.jpg,paper
2075,archive/GarbageClassification\paper\paper540.jpg,paper
2076,archive/GarbageClassification\metal\metal43.jpg,metal
2077,archive/GarbageClassification\cardboard\cardboard204.jpg,cardboard
2078,archive/GarbageClassification\plastic\plastic111.jpg,plastic
2079,archive/GarbageClassification\paper\paper163.jpg,paper
2080,archive/GarbageClassification\plastic\plastic440.jpg,plastic
2081,archive/GarbageClassification\cardboard\cardboard176.jpg,cardboard
2082,archive/GarbageClassification\plastic\plastic170.jpg,plastic
2083,archive/GarbageClassification\paper\paper379.jpg,paper
2084,archive/GarbageClassification\glass\glass207.jpg,glass
2085,archive/GarbageClassification\paper\paper199.jpg,paper
2086,archive/GarbageClassification\cardboard\cardboard154.jpg,cardboard
2087,archive/GarbageClassification\paper\paper347.jpg,paper
2088,archive/GarbageClassification\metal\metal401.jpg,metal
2089,archive/GarbageClassification\cardboard\cardboard402.jpg,cardboard
2090,archive/GarbageClassification\plastic\plastic201.jpg,plastic
2091,archive/GarbageClassification\plastic\plastic302.jpg,plastic
2092,archive/GarbageClassification\metal\metal203.jpg,metal
2093,archive/GarbageClassification\glass\glass118.jpg,glass
2094,archive/GarbageClassification\glass\glass332.jpg,glass
2095,archive/GarbageClassification\plastic\plastic14.jpg,plastic
2096,archive/GarbageClassification\cardboard\cardboard340.jpg,cardboard
2097,archive/GarbageClassification\glass\glass369.jpg,glass
2098,archive/GarbageClassification\glass\glass44.jpg,glass
2099,archive/GarbageClassification\cardboard\cardboard123.jpg,cardboard
2100,archive/GarbageClassification\metal\metal48.jpg,metal
2101,archive/GarbageClassification\paper\paper482.jpg,paper
2102,archive/GarbageClassification\trash\trash134.jpg,trash
2103,archive/GarbageClassification\trash\trash73.jpg,trash
2104,archive/GarbageClassification\trash\trash121.jpg,trash
2105,archive/GarbageClassification\glass\glass362.jpg,glass
2106,archive/GarbageClassification\cardboard\cardboard188.jpg,cardboard
2107,archive/GarbageClassification\metal\metal5.jpg,metal
2108,archive/GarbageClassification\metal\metal323.jpg,metal
2109,archive/GarbageClassification\glass\glass139.jpg,glass
2110,archive/GarbageClassification\plastic\plastic328.jpg,plastic
2111,archive/GarbageClassification\plastic\plastic433.jpg,plastic
2112,archive/GarbageClassification\cardboard\cardboard357.jpg,cardboard
2113,archive/GarbageClassification\glass\glass94.jpg,glass
2114,archive/GarbageClassification\paper\paper58.jpg,paper
2115,archive/GarbageClassification\plastic\plastic113.jpg,plastic
2116,archive/GarbageClassification\paper\paper108.jpg,paper
2117,archive/GarbageClassification\metal\metal196.jpg,metal
2118,archive/GarbageClassification\plastic\plastic150.jpg,plastic
2119,archive/GarbageClassification\cardboard\cardboard182.jpg,cardboard
2120,archive/GarbageClassification\paper\paper201.jpg,paper
2121,archive/GarbageClassification\paper\paper323.jpg,paper
2122,archive/GarbageClassification\paper\paper12.jpg,paper
2123,archive/GarbageClassification\metal\metal267.jpg,metal
2124,archive/GarbageClassification\plastic\plastic275.jpg,plastic
2125,archive/GarbageClassification\cardboard\cardboard370.jpg,cardboard
2126,archive/GarbageClassification\cardboard\cardboard265.jpg,cardboard
2127,archive/GarbageClassification\plastic\plastic288.jpg,plastic
2128,archive/GarbageClassification\plastic\plastic429.jpg,plastic
2129,archive/GarbageClassification\trash\trash17.jpg,trash
2130,archive/GarbageClassification\paper\paper278.jpg,paper
2131,archive/GarbageClassification\metal\metal10.jpg,metal
2132,archive/GarbageClassification\plastic\plastic202.jpg,plastic
2133,archive/GarbageClassification\paper\paper127.jpg,paper
2134,archive/GarbageClassification\paper\paper138.jpg,paper
2135,archive/GarbageClassification\metal\metal139.jpg,metal
2136,archive/GarbageClassification\cardboard\cardboard89.jpg,cardboard
2137,archive/GarbageClassification\plastic\plastic289.jpg,plastic
2138,archive/GarbageClassification\paper\paper329.jpg,paper
2139,archive/GarbageClassification\cardboard\cardboard94.jpg,cardboard
2140,archive/GarbageClassification\glass\glass423.jpg,glass
2141,archive/GarbageClassification\metal\metal247.jpg,metal
2142,archive/GarbageClassification\glass\glass458.jpg,glass
2143,archive/GarbageClassification\glass\glass338.jpg,glass
2144,archive/GarbageClassification\paper\paper120.jpg,paper
2145,archive/GarbageClassification\glass\glass177.jpg,glass
2146,archive/GarbageClassification\paper\paper92.jpg,paper
2147,archive/GarbageClassification\plastic\plastic65.jpg,plastic
2148,archive/GarbageClassification\paper\paper165.jpg,paper
2149,archive/GarbageClassification\cardboard\cardboard125.jpg,cardboard
2150,archive/GarbageClassification\paper\paper26.jpg,paper
2151,archive/GarbageClassification\paper\paper266.jpg,paper
2152,archive/GarbageClassification\metal\metal380.jpg,metal
2153,archive/GarbageClassification\metal\metal200.jpg,metal
2154,archive/GarbageClassification\plastic\plastic215.jpg,plastic
2155,archive/GarbageClassification\metal\metal282.jpg,metal
2156,archive/GarbageClassification\cardboard\cardboard171.jpg,cardboard
2157,archive/GarbageClassification\glass\glass406.jpg,glass
2158,archive/GarbageClassification\paper\paper441.jpg,paper
2159,archive/GarbageClassification\paper\paper530.jpg,paper
2160,archive/GarbageClassification\metal\metal80.jpg,metal
2161,archive/GarbageClassification\glass\glass293.jpg,glass
2162,archive/GarbageClassification\plastic\plastic257.jpg,plastic
2163,archive/GarbageClassification\metal\metal7.jpg,metal
2164,archive/GarbageClassification\cardboard\cardboard243.jpg,cardboard
2165,archive/GarbageClassification\cardboard\cardboard100.jpg,cardboard
2166,archive/GarbageClassification\trash\trash31.jpg,trash
2167,archive/GarbageClassification\glass\glass172.jpg,glass
2168,archive/GarbageClassification\metal\metal301.jpg,metal
2169,archive/GarbageClassification\glass\glass112.jpg,glass
2170,archive/GarbageClassification\trash\trash63.jpg,trash
2171,archive/GarbageClassification\glass\glass106.jpg,glass
2172,archive/GarbageClassification\plastic\plastic421.jpg,plastic
2173,archive/GarbageClassification\metal\metal406.jpg,metal
2174,archive/GarbageClassification\cardboard\cardboard324.jpg,cardboard
2175,archive/GarbageClassification\paper\paper77.jpg,paper
2176,archive/GarbageClassification\metal\metal40.jpg,metal
2177,archive/GarbageClassification\glass\glass276.jpg,glass
2178,archive/GarbageClassification\metal\metal159.jpg,metal
2179,archive/GarbageClassification\glass\glass304.jpg,glass
2180,archive/GarbageClassification\glass\glass214.jpg,glass
2181,archive/GarbageClassification\paper\paper30.jpg,paper
2182,archive/GarbageClassification\plastic\plastic21.jpg,plastic
2183,archive/GarbageClassification\metal\metal369.jpg,metal
2184,archive/GarbageClassification\glass\glass447.jpg,glass
2185,archive/GarbageClassification\plastic\plastic146.jpg,plastic
2186,archive/GarbageClassification\cardboard\cardboard86.jpg,cardboard
2187,archive/GarbageClassification\paper\paper14.jpg,paper
2188,archive/GarbageClassification\metal\metal65.jpg,metal
2189,archive/GarbageClassification\plastic\plastic33.jpg,plastic
2190,archive/GarbageClassification\metal\metal394.jpg,metal
2191,archive/GarbageClassification\metal\metal191.jpg,metal
2192,archive/GarbageClassification\cardboard\cardboard158.jpg,cardboard
2193,archive/GarbageClassification\paper\paper342.jpg,paper
2194,archive/GarbageClassification\glass\glass329.jpg,glass
2195,archive/GarbageClassification\cardboard\cardboard134.jpg,cardboard
2196,archive/GarbageClassification\paper\paper383.jpg,paper
2197,archive/GarbageClassification\cardboard\cardboard7.jpg,cardboard
2198,archive/GarbageClassification\metal\metal47.jpg,metal
2199,archive/GarbageClassification\paper\paper349.jpg,paper
2200,archive/GarbageClassification\plastic\plastic252.jpg,plastic
2201,archive/GarbageClassification\paper\paper115.jpg,paper
2202,archive/GarbageClassification\paper\paper376.jpg,paper
2203,archive/GarbageClassification\paper\paper25.jpg,paper
2204,archive/GarbageClassification\plastic\plastic141.jpg,plastic
2205,archive/GarbageClassification\glass\glass464.jpg,glass
2206,archive/GarbageClassification\cardboard\cardboard5.jpg,cardboard
2207,archive/GarbageClassification\paper\paper207.jpg,paper
2208,archive/GarbageClassification\paper\paper147.jpg,paper
2209,archive/GarbageClassification\paper\paper95.jpg,paper
2210,archive/GarbageClassification\metal\metal260.jpg,metal
2211,archive/GarbageClassification\plastic\plastic183.jpg,plastic
2212,archive/GarbageClassification\paper\paper320.jpg,paper
2213,archive/GarbageClassification\glass\glass495.jpg,glass
2214,archive/GarbageClassification\metal\metal408.jpg,metal
2215,archive/GarbageClassification\glass\glass65.jpg,glass
2216,archive/GarbageClassification\metal\metal8.jpg,metal
2217,archive/GarbageClassification\cardboard\cardboard279.jpg,cardboard
2218,archive/GarbageClassification\trash\trash41.jpg,trash
2219,archive/GarbageClassification\plastic\plastic276.jpg,plastic
2220,archive/GarbageClassification\cardboard\cardboard26.jpg,cardboard
2221,archive/GarbageClassification\glass\glass501.jpg,glass
2222,archive/GarbageClassification\plastic\plastic28.jpg,plastic
2223,archive/GarbageClassification\plastic\plastic291.jpg,plastic
2224,archive/GarbageClassification\plastic\plastic35.jpg,plastic
2225,archive/GarbageClassification\glass\glass312.jpg,glass
2226,archive/GarbageClassification\paper\paper217.jpg,paper
2227,archive/GarbageClassification\metal\metal83.jpg,metal
2228,archive/GarbageClassification\cardboard\cardboard384.jpg,cardboard
2229,archive/GarbageClassification\glass\glass349.jpg,glass
2230,archive/GarbageClassification\cardboard\cardboard292.jpg,cardboard
2231,archive/GarbageClassification\glass\glass38.jpg,glass
2232,archive/GarbageClassification\plastic\plastic16.jpg,plastic
2233,archive/GarbageClassification\cardboard\cardboard226.jpg,cardboard
2234,archive/GarbageClassification\glass\glass352.jpg,glass
2235,archive/GarbageClassification\plastic\plastic417.jpg,plastic
2236,archive/GarbageClassification\paper\paper538.jpg,paper
2237,archive/GarbageClassification\metal\metal242.jpg,metal
2238,archive/GarbageClassification\paper\paper480.jpg,paper
2239,archive/GarbageClassification\plastic\plastic308.jpg,plastic
2240,archive/GarbageClassification\plastic\plastic310.jpg,plastic
2241,archive/GarbageClassification\paper\paper405.jpg,paper
2242,archive/GarbageClassification\metal\metal387.jpg,metal
2243,archive/GarbageClassification\metal\metal379.jpg,metal
2244,archive/GarbageClassification\plastic\plastic88.jpg,plastic
2245,archive/GarbageClassification\paper\paper312.jpg,paper
2246,archive/GarbageClassification\plastic\plastic339.jpg,plastic
2247,archive/GarbageClassification\paper\paper236.jpg,paper
2248,archive/GarbageClassification\glass\glass29.jpg,glass
2249,archive/GarbageClassification\plastic\plastic6.jpg,plastic
2250,archive/GarbageClassification\paper\paper109.jpg,paper
2251,archive/GarbageClassification\glass\glass27.jpg,glass
2252,archive/GarbageClassification\glass\glass496.jpg,glass
2253,archive/GarbageClassification\plastic\plastic97.jpg,plastic
2254,archive/GarbageClassification\cardboard\cardboard290.jpg,cardboard
2255,archive/GarbageClassification\plastic\plastic214.jpg,plastic
2256,archive/GarbageClassification\cardboard\cardboard30.jpg,cardboard
2257,archive/GarbageClassification\glass\glass32.jpg,glass
2258,archive/GarbageClassification\glass\glass88.jpg,glass
2259,archive/GarbageClassification\cardboard\cardboard395.jpg,cardboard
2260,archive/GarbageClassification\plastic\plastic232.jpg,plastic
2261,archive/GarbageClassification\glass\glass321.jpg,glass
2262,archive/GarbageClassification\paper\paper485.jpg,paper
2263,archive/GarbageClassification\cardboard\cardboard59.jpg,cardboard
2264,archive/GarbageClassification\metal\metal358.jpg,metal
2265,archive/GarbageClassification\metal\metal293.jpg,metal
2266,archive/GarbageClassification\plastic\plastic30.jpg,plastic
2267,archive/GarbageClassification\paper\paper550.jpg,paper
2268,archive/GarbageClassification\plastic\plastic86.jpg,plastic
2269,archive/GarbageClassification\paper\paper124.jpg,paper
2270,archive/GarbageClassification\paper\paper509.jpg,paper
2271,archive/GarbageClassification\metal\metal115.jpg,metal
2272,archive/GarbageClassification\glass\glass234.jpg,glass
2273,archive/GarbageClassification\glass\glass407.jpg,glass
2274,archive/GarbageClassification\metal\metal185.jpg,metal
2275,archive/GarbageClassification\paper\paper576.jpg,paper
2276,archive/GarbageClassification\plastic\plastic368.jpg,plastic
2277,archive/GarbageClassification\glass\glass125.jpg,glass
2278,archive/GarbageClassification\glass\glass342.jpg,glass
2279,archive/GarbageClassification\metal\metal19.jpg,metal
2280,archive/GarbageClassification\glass\glass473.jpg,glass
2281,archive/GarbageClassification\cardboard\cardboard80.jpg,cardboard
2282,archive/GarbageClassification\glass\glass245.jpg,glass
2283,archive/GarbageClassification\paper\paper247.jpg,paper
2284,archive/GarbageClassification\cardboard\cardboard83.jpg,cardboard
2285,archive/GarbageClassification\plastic\plastic443.jpg,plastic
2286,archive/GarbageClassification\metal\metal271.jpg,metal
2287,archive/GarbageClassification\cardboard\cardboard208.jpg,cardboard
2288,archive/GarbageClassification\glass\glass229.jpg,glass
2289,archive/GarbageClassification\paper\paper212.jpg,paper
2290,archive/GarbageClassification\cardboard\cardboard255.jpg,cardboard
2291,archive/GarbageClassification\plastic\plastic382.jpg,plastic
2292,archive/GarbageClassification\cardboard\cardboard306.jpg,cardboard
2293,archive/GarbageClassification\paper\paper343.jpg,paper
2294,archive/GarbageClassification\glass\glass408.jpg,glass
2295,archive/GarbageClassification\paper\paper414.jpg,paper
2296,archive/GarbageClassification\paper\paper233.jpg,paper
2297,archive/GarbageClassification\paper\paper430.jpg,paper
2298,archive/GarbageClassification\paper\paper555.jpg,paper
2299,archive/GarbageClassification\plastic\plastic59.jpg,plastic
2300,archive/GarbageClassification\glass\glass205.jpg,glass
2301,archive/GarbageClassification\plastic\plastic348.jpg,plastic
2302,archive/GarbageClassification\cardboard\cardboard343.jpg,cardboard
2303,archive/GarbageClassification\plastic\plastic450.jpg,plastic
2304,archive/GarbageClassification\glass\glass9.jpg,glass
2305,archive/GarbageClassification\metal\metal229.jpg,metal
2306,archive/GarbageClassification\glass\glass63.jpg,glass
2307,archive/GarbageClassification\plastic\plastic335.jpg,plastic
2308,archive/GarbageClassification\metal\metal238.jpg,metal
2309,archive/GarbageClassification\plastic\plastic234.jpg,plastic
2310,archive/GarbageClassification\glass\glass220.jpg,glass
2311,archive/GarbageClassification\glass\glass238.jpg,glass
2312,archive/GarbageClassification\plastic\plastic107.jpg,plastic
2313,archive/GarbageClassification\cardboard\cardboard273.jpg,cardboard
2314,archive/GarbageClassification\glass\glass386.jpg,glass
2315,archive/GarbageClassification\glass\glass371.jpg,glass
2316,archive/GarbageClassification\paper\paper560.jpg,paper
2317,archive/GarbageClassification\trash\trash116.jpg,trash
2318,archive/GarbageClassification\cardboard\cardboard55.jpg,cardboard
2319,archive/GarbageClassification\plastic\plastic54.jpg,plastic
2320,archive/GarbageClassification\glass\glass26.jpg,glass
2321,archive/GarbageClassification\glass\glass370.jpg,glass
2322,archive/GarbageClassification\paper\paper272.jpg,paper
2323,archive/GarbageClassification\cardboard\cardboard82.jpg,cardboard
2324,archive/GarbageClassification\trash\trash71.jpg,trash
2325,archive/GarbageClassification\metal\metal100.jpg,metal
2326,archive/GarbageClassification\paper\paper559.jpg,paper
2327,archive/GarbageClassification\cardboard\cardboard284.jpg,cardboard
2328,archive/GarbageClassification\paper\paper471.jpg,paper
2329,archive/GarbageClassification\plastic\plastic55.jpg,plastic
2330,archive/GarbageClassification\plastic\plastic420.jpg,plastic
2331,archive/GarbageClassification\glass\glass35.jpg,glass
2332,archive/GarbageClassification\glass\glass310.jpg,glass
2333,archive/GarbageClassification\metal\metal383.jpg,metal
2334,archive/GarbageClassification\glass\glass134.jpg,glass
2335,archive/GarbageClassification\paper\paper181.jpg,paper
2336,archive/GarbageClassification\cardboard\cardboard236.jpg,cardboard
2337,archive/GarbageClassification\metal\metal253.jpg,metal
2338,archive/GarbageClassification\plastic\plastic147.jpg,plastic
2339,archive/GarbageClassification\cardboard\cardboard119.jpg,cardboard
2340,archive/GarbageClassification\plastic\plastic300.jpg,plastic
2341,archive/GarbageClassification\metal\metal171.jpg,metal
2342,archive/GarbageClassification\paper\paper276.jpg,paper
2343,archive/GarbageClassification\plastic\plastic330.jpg,plastic
2344,archive/GarbageClassification\plastic\plastic91.jpg,plastic
2345,archive/GarbageClassification\cardboard\cardboard36.jpg,cardboard
2346,archive/GarbageClassification\metal\metal53.jpg,metal
2347,archive/GarbageClassification\glass\glass210.jpg,glass
2348,archive/GarbageClassification\plastic\plastic205.jpg,plastic
2349,archive/GarbageClassification\glass\glass402.jpg,glass
2350,archive/GarbageClassification\glass\glass328.jpg,glass
2351,archive/GarbageClassification\paper\paper185.jpg,paper
2352,archive/GarbageClassification\glass\glass440.jpg,glass
2353,archive/GarbageClassification\plastic\plastic105.jpg,plastic
2354,archive/GarbageClassification\glass\glass8.jpg,glass
2355,archive/GarbageClassification\plastic\plastic12.jpg,plastic
2356,archive/GarbageClassification\plastic\plastic101.jpg,plastic
2357,archive/GarbageClassification\cardboard\cardboard160.jpg,cardboard
2358,archive/GarbageClassification\metal\metal314.jpg,metal
2359,archive/GarbageClassification\plastic\plastic48.jpg,plastic
2360,archive/GarbageClassification\cardboard\cardboard238.jpg,cardboard
2361,archive/GarbageClassification\metal\metal106.jpg,metal
2362,archive/GarbageClassification\metal\metal148.jpg,metal
2363,archive/GarbageClassification\metal\metal131.jpg,metal
2364,archive/GarbageClassification\plastic\plastic166.jpg,plastic
2365,archive/GarbageClassification\trash\trash68.jpg,trash
2366,archive/GarbageClassification\glass\glass306.jpg,glass
2367,archive/GarbageClassification\cardboard\cardboard20.jpg,cardboard
2368,archive/GarbageClassification\metal\metal328.jpg,metal
2369,archive/GarbageClassification\cardboard\cardboard253.jpg,cardboard
2370,archive/GarbageClassification\metal\metal128.jpg,metal
2371,archive/GarbageClassification\plastic\plastic474.jpg,plastic
2372,archive/GarbageClassification\paper\paper385.jpg,paper
2373,archive/GarbageClassification\cardboard\cardboard152.jpg,cardboard
2374,archive/GarbageClassification\paper\paper513.jpg,paper
2375,archive/GarbageClassification\metal\metal39.jpg,metal
2376,archive/GarbageClassification\metal\metal177.jpg,metal
2377,archive/GarbageClassification\glass\glass180.jpg,glass
2378,archive/GarbageClassification\paper\paper517.jpg,paper
2379,archive/GarbageClassification\cardboard\cardboard365.jpg,cardboard
2380,archive/GarbageClassification\glass\glass444.jpg,glass
2381,archive/GarbageClassification\cardboard\cardboard359.jpg,cardboard
2382,archive/GarbageClassification\cardboard\cardboard56.jpg,cardboard
2383,archive/GarbageClassification\paper\paper36.jpg,paper
2384,archive/GarbageClassification\paper\paper368.jpg,paper
2385,archive/GarbageClassification\plastic\plastic477.jpg,plastic
2386,archive/GarbageClassification\glass\glass6.jpg,glass
2387,archive/GarbageClassification\plastic\plastic226.jpg,plastic
2388,archive/GarbageClassification\cardboard\cardboard362.jpg,cardboard
2389,archive/GarbageClassification\cardboard\cardboard63.jpg,cardboard
2390,archive/GarbageClassification\metal\metal344.jpg,metal
2391,archive/GarbageClassification\paper\paper15.jpg,paper
2392,archive/GarbageClassification\metal\metal372.jpg,metal
2393,archive/GarbageClassification\plastic\plastic185.jpg,plastic
2394,archive/GarbageClassification\paper\paper362.jpg,paper
2395,archive/GarbageClassification\paper\paper161.jpg,paper
2396,archive/GarbageClassification\cardboard\cardboard375.jpg,cardboard
2397,archive/GarbageClassification\paper\paper55.jpg,paper
2398,archive/GarbageClassification\paper\paper183.jpg,paper
2399,archive/GarbageClassification\metal\metal56.jpg,metal
2400,archive/GarbageClassification\cardboard\cardboard351.jpg,cardboard
2401,archive/GarbageClassification\cardboard\cardboard147.jpg,cardboard
2402,archive/GarbageClassification\metal\metal285.jpg,metal
2403,archive/GarbageClassification\paper\paper477.jpg,paper
2404,archive/GarbageClassification\trash\trash84.jpg,trash
2405,archive/GarbageClassification\cardboard\cardboard212.jpg,cardboard
2406,archive/GarbageClassification\paper\paper7.jpg,paper
2407,archive/GarbageClassification\cardboard\cardboard168.jpg,cardboard
2408,archive/GarbageClassification\paper\paper437.jpg,paper
2409,archive/GarbageClassification\cardboard\cardboard314.jpg,cardboard
2410,archive/GarbageClassification\glass\glass314.jpg,glass
2411,archive/GarbageClassification\cardboard\cardboard49.jpg,cardboard
2412,archive/GarbageClassification\cardboard\cardboard198.jpg,cardboard
2413,archive/GarbageClassification\glass\glass76.jpg,glass
2414,archive/GarbageClassification\metal\metal26.jpg,metal
2415,archive/GarbageClassification\plastic\plastic254.jpg,plastic
2416,archive/GarbageClassification\metal\metal95.jpg,metal
2417,archive/GarbageClassification\metal\metal59.jpg,metal
2418,archive/GarbageClassification\plastic\plastic324.jpg,plastic
2419,archive/GarbageClassification\paper\paper187.jpg,paper
2420,archive/GarbageClassification\plastic\plastic248.jpg,plastic
2421,archive/GarbageClassification\metal\metal72.jpg,metal
2422,archive/GarbageClassification\plastic\plastic225.jpg,plastic
2423,archive/GarbageClassification\glass\glass438.jpg,glass
2424,archive/GarbageClassification\metal\metal257.jpg,metal
2425,archive/GarbageClassification\metal\metal41.jpg,metal
2426,archive/GarbageClassification\glass\glass109.jpg,glass
2427,archive/GarbageClassification\trash\trash43.jpg,trash
2428,archive/GarbageClassification\plastic\plastic323.jpg,plastic
2429,archive/GarbageClassification\paper\paper287.jpg,paper
2430,archive/GarbageClassification\plastic\plastic352.jpg,plastic
2431,archive/GarbageClassification\metal\metal82.jpg,metal
2432,archive/GarbageClassification\plastic\plastic94.jpg,plastic
2433,archive/GarbageClassification\glass\glass122.jpg,glass
2434,archive/GarbageClassification\cardboard\cardboard257.jpg,cardboard
2435,archive/GarbageClassification\glass\glass123.jpg,glass
2436,archive/GarbageClassification\cardboard\cardboard400.jpg,cardboard
2437,archive/GarbageClassification\glass\glass294.jpg,glass
2438,archive/GarbageClassification\paper\paper444.jpg,paper
2439,archive/GarbageClassification\plastic\plastic259.jpg,plastic
2440,archive/GarbageClassification\cardboard\cardboard16.jpg,cardboard
2441,archive/GarbageClassification\plastic\plastic63.jpg,plastic
2442,archive/GarbageClassification\cardboard\cardboard207.jpg,cardboard
2443,archive/GarbageClassification\glass\glass50.jpg,glass
2444,archive/GarbageClassification\plastic\plastic160.jpg,plastic
2445,archive/GarbageClassification\metal\metal327.jpg,metal
2446,archive/GarbageClassification\paper\paper534.jpg,paper
2447,archive/GarbageClassification\trash\trash33.jpg,trash
2448,archive/GarbageClassification\metal\metal219.jpg,metal
2449,archive/GarbageClassification\cardboard\cardboard303.jpg,cardboard
2450,archive/GarbageClassification\metal\metal111.jpg,metal
2451,archive/GarbageClassification\glass\glass20.jpg,glass
2452,archive/GarbageClassification\plastic\plastic10.jpg,plastic
2453,archive/GarbageClassification\plastic\plastic439.jpg,plastic
2454,archive/GarbageClassification\metal\metal164.jpg,metal
2455,archive/GarbageClassification\paper\paper209.jpg,paper
2456,archive/GarbageClassification\cardboard\cardboard336.jpg,cardboard
2457,archive/GarbageClassification\paper\paper64.jpg,paper
2458,archive/GarbageClassification\metal\metal266.jpg,metal
2459,archive/GarbageClassification\glass\glass432.jpg,glass
2460,archive/GarbageClassification\cardboard\cardboard302.jpg,cardboard
2461,archive/GarbageClassification\plastic\plastic333.jpg,plastic
2462,archive/GarbageClassification\plastic\plastic61.jpg,plastic
2463,archive/GarbageClassification\metal\metal90.jpg,metal
2464,archive/GarbageClassification\plastic\plastic343.jpg,plastic
2465,archive/GarbageClassification\plastic\plastic176.jpg,plastic
2466,archive/GarbageClassification\cardboard\cardboard124.jpg,cardboard
2467,archive/GarbageClassification\paper\paper470.jpg,paper
2468,archive/GarbageClassification\plastic\plastic184.jpg,plastic
2469,archive/GarbageClassification\glass\glass230.jpg,glass
2470,archive/GarbageClassification\glass\glass295.jpg,glass
2471,archive/GarbageClassification\glass\glass363.jpg,glass
2472,archive/GarbageClassification\plastic\plastic32.jpg,plastic
2473,archive/GarbageClassification\paper\paper294.jpg,paper
2474,archive/GarbageClassification\glass\glass7.jpg,glass
2475,archive/GarbageClassification\metal\metal320.jpg,metal
2476,archive/GarbageClassification\metal\metal108.jpg,metal
2477,archive/GarbageClassification\glass\glass149.jpg,glass
2478,archive/GarbageClassification\cardboard\cardboard84.jpg,cardboard
2479,archive/GarbageClassification\paper\paper505.jpg,paper
2480,archive/GarbageClassification\paper\paper78.jpg,paper
2481,archive/GarbageClassification\metal\metal135.jpg,metal
2482,archive/GarbageClassification\metal\metal322.jpg,metal
2483,archive/GarbageClassification\plastic\plastic242.jpg,plastic
2484,archive/GarbageClassification\plastic\plastic428.jpg,plastic
2485,archive/GarbageClassification\metal\metal33.jpg,metal
2486,archive/GarbageClassification\glass\glass28.jpg,glass
2487,archive/GarbageClassification\paper\paper416.jpg,paper
2488,archive/GarbageClassification\plastic\plastic44.jpg,plastic
2489,archive/GarbageClassification\trash\trash64.jpg,trash
2490,archive/GarbageClassification\paper\paper455.jpg,paper
2491,archive/GarbageClassification\glass\glass241.jpg,glass
2492,archive/GarbageClassification\trash\trash51.jpg,trash
2493,archive/GarbageClassification\paper\paper431.jpg,paper
2494,archive/GarbageClassification\paper\paper386.jpg,paper
2495,archive/GarbageClassification\glass\glass388.jpg,glass
2496,archive/GarbageClassification\metal\metal66.jpg,metal
2497,archive/GarbageClassification\cardboard\cardboard183.jpg,cardboard
2498,archive/GarbageClassification\metal\metal256.jpg,metal
2499,archive/GarbageClassification\trash\trash14.jpg,trash
2500,archive/GarbageClassification\metal\metal351.jpg,metal
2501,archive/GarbageClassification\glass\glass251.jpg,glass
2502,archive/GarbageClassification\glass\glass279.jpg,glass
2503,archive/GarbageClassification\paper\paper340.jpg,paper
2504,archive/GarbageClassification\cardboard\cardboard330.jpg,cardboard
2505,archive/GarbageClassification\metal\metal404.jpg,metal
2506,archive/GarbageClassification\plastic\plastic319.jpg,plastic
2507,archive/GarbageClassification\metal\metal149.jpg,metal
2508,archive/GarbageClassification\plastic\plastic137.jpg,plastic
2509,archive/GarbageClassification\paper\paper27.jpg,paper
2510,archive/GarbageClassification\paper\paper525.jpg,paper
2511,archive/GarbageClassification\paper\paper56.jpg,paper
2512,archive/GarbageClassification\paper\paper303.jpg,paper
2513,archive/GarbageClassification\glass\glass351.jpg,glass
2514,archive/GarbageClassification\trash\trash106.jpg,trash
2515,archive/GarbageClassification\trash\trash126.jpg,trash
2516,archive/GarbageClassification\paper\paper394.jpg,paper
2517,archive/GarbageClassification\glass\glass311.jpg,glass
2518,archive/GarbageClassification\cardboard\cardboard28.jpg,cardboard
2519,archive/GarbageClassification\plastic\plastic227.jpg,plastic
2520,archive/GarbageClassification\trash\trash105.jpg,trash
2521,archive/GarbageClassification\paper\paper372.jpg,paper
2522,archive/GarbageClassification\paper\paper111.jpg,paper
2523,archive/GarbageClassification\paper\paper82.jpg,paper
2524,archive/GarbageClassification\metal\metal386.jpg,metal
2525,archive/GarbageClassification\paper\paper433.jpg,paper
2526,archive/GarbageClassification\metal\metal396.jpg,metal
