imgPath,label
Edge_Detection_Picture\edges_paper214.jpg,paper
Edge_Detection_Picture\edges_cardboard365.jpg,cardboard
Edge_Detection_Picture\edges_paper353.jpg,paper
Edge_Detection_Picture\edges_cardboard219.jpg,cardboard
Edge_Detection_Picture\edges_metal123.jpg,metal
Edge_Detection_Picture\edges_metal401.jpg,metal
Edge_Detection_Picture\edges_paper232.jpg,paper
Edge_Detection_Picture\edges_trash11.jpg,trash
Edge_Detection_Picture\edges_metal271.jpg,metal
Edge_Detection_Picture\edges_glass228.jpg,glass
Edge_Detection_Picture\edges_plastic477.jpg,plastic
Edge_Detection_Picture\edges_glass117.jpg,glass
Edge_Detection_Picture\edges_metal288.jpg,metal
Edge_Detection_Picture\edges_glass348.jpg,glass
Edge_Detection_Picture\edges_plastic310.jpg,plastic
Edge_Detection_Picture\edges_paper440.jpg,paper
Edge_Detection_Picture\edges_plastic20.jpg,plastic
Edge_Detection_Picture\edges_plastic212.jpg,plastic
Edge_Detection_Picture\edges_metal165.jpg,metal
Edge_Detection_Picture\edges_paper72.jpg,paper
Edge_Detection_Picture\edges_plastic392.jpg,plastic
Edge_Detection_Picture\edges_metal258.jpg,metal
Edge_Detection_Picture\edges_metal18.jpg,metal
Edge_Detection_Picture\edges_trash74.jpg,trash
Edge_Detection_Picture\edges_paper447.jpg,paper
Edge_Detection_Picture\edges_paper524.jpg,paper
Edge_Detection_Picture\edges_cardboard276.jpg,cardboard
Edge_Detection_Picture\edges_paper413.jpg,paper
Edge_Detection_Picture\edges_plastic395.jpg,plastic
Edge_Detection_Picture\edges_glass432.jpg,glass
Edge_Detection_Picture\edges_glass26.jpg,glass
Edge_Detection_Picture\edges_glass32.jpg,glass
Edge_Detection_Picture\edges_glass253.jpg,glass
Edge_Detection_Picture\edges_paper344.jpg,paper
Edge_Detection_Picture\edges_glass358.jpg,glass
Edge_Detection_Picture\edges_metal263.jpg,metal
Edge_Detection_Picture\edges_paper448.jpg,paper
Edge_Detection_Picture\edges_plastic229.jpg,plastic
Edge_Detection_Picture\edges_glass177.jpg,glass
Edge_Detection_Picture\edges_cardboard301.jpg,cardboard
Edge_Detection_Picture\edges_paper497.jpg,paper
Edge_Detection_Picture\edges_plastic191.jpg,plastic
Edge_Detection_Picture\edges_cardboard338.jpg,cardboard
Edge_Detection_Picture\edges_paper539.jpg,paper
Edge_Detection_Picture\edges_cardboard325.jpg,cardboard
Edge_Detection_Picture\edges_cardboard315.jpg,cardboard
Edge_Detection_Picture\edges_plastic52.jpg,plastic
Edge_Detection_Picture\edges_metal246.jpg,metal
Edge_Detection_Picture\edges_paper46.jpg,paper
Edge_Detection_Picture\edges_cardboard54.jpg,cardboard
Edge_Detection_Picture\edges_paper76.jpg,paper
Edge_Detection_Picture\edges_glass7.jpg,glass
Edge_Detection_Picture\edges_plastic97.jpg,plastic
Edge_Detection_Picture\edges_plastic346.jpg,plastic
Edge_Detection_Picture\edges_glass169.jpg,glass
Edge_Detection_Picture\edges_glass286.jpg,glass
Edge_Detection_Picture\edges_metal377.jpg,metal
Edge_Detection_Picture\edges_cardboard171.jpg,cardboard
Edge_Detection_Picture\edges_cardboard314.jpg,cardboard
Edge_Detection_Picture\edges_paper208.jpg,paper
Edge_Detection_Picture\edges_glass396.jpg,glass
Edge_Detection_Picture\edges_paper194.jpg,paper
Edge_Detection_Picture\edges_paper345.jpg,paper
Edge_Detection_Picture\edges_plastic60.jpg,plastic
Edge_Detection_Picture\edges_plastic36.jpg,plastic
Edge_Detection_Picture\edges_plastic206.jpg,plastic
Edge_Detection_Picture\edges_glass494.jpg,glass
Edge_Detection_Picture\edges_cardboard5.jpg,cardboard
Edge_Detection_Picture\edges_glass482.jpg,glass
Edge_Detection_Picture\edges_glass497.jpg,glass
Edge_Detection_Picture\edges_paper218.jpg,paper
Edge_Detection_Picture\edges_plastic217.jpg,plastic
Edge_Detection_Picture\edges_metal347.jpg,metal
Edge_Detection_Picture\edges_paper55.jpg,paper
Edge_Detection_Picture\edges_plastic249.jpg,plastic
Edge_Detection_Picture\edges_paper251.jpg,paper
Edge_Detection_Picture\edges_metal62.jpg,metal
Edge_Detection_Picture\edges_metal252.jpg,metal
Edge_Detection_Picture\edges_metal9.jpg,metal
Edge_Detection_Picture\edges_glass477.jpg,glass
Edge_Detection_Picture\edges_glass297.jpg,glass
Edge_Detection_Picture\edges_cardboard109.jpg,cardboard
Edge_Detection_Picture\edges_trash13.jpg,trash
Edge_Detection_Picture\edges_paper125.jpg,paper
Edge_Detection_Picture\edges_plastic268.jpg,plastic
Edge_Detection_Picture\edges_plastic26.jpg,plastic
Edge_Detection_Picture\edges_paper161.jpg,paper
Edge_Detection_Picture\edges_metal28.jpg,metal
Edge_Detection_Picture\edges_plastic117.jpg,plastic
Edge_Detection_Picture\edges_glass232.jpg,glass
Edge_Detection_Picture\edges_cardboard25.jpg,cardboard
Edge_Detection_Picture\edges_paper442.jpg,paper
Edge_Detection_Picture\edges_paper249.jpg,paper
Edge_Detection_Picture\edges_glass389.jpg,glass
Edge_Detection_Picture\edges_glass257.jpg,glass
Edge_Detection_Picture\edges_plastic211.jpg,plastic
Edge_Detection_Picture\edges_plastic213.jpg,plastic
Edge_Detection_Picture\edges_cardboard259.jpg,cardboard
Edge_Detection_Picture\edges_cardboard255.jpg,cardboard
Edge_Detection_Picture\edges_cardboard136.jpg,cardboard
Edge_Detection_Picture\edges_glass498.jpg,glass
Edge_Detection_Picture\edges_plastic424.jpg,plastic
Edge_Detection_Picture\edges_cardboard220.jpg,cardboard
Edge_Detection_Picture\edges_glass50.jpg,glass
Edge_Detection_Picture\edges_cardboard323.jpg,cardboard
Edge_Detection_Picture\edges_cardboard375.jpg,cardboard
Edge_Detection_Picture\edges_paper367.jpg,paper
Edge_Detection_Picture\edges_glass321.jpg,glass
Edge_Detection_Picture\edges_plastic197.jpg,plastic
Edge_Detection_Picture\edges_cardboard193.jpg,cardboard
Edge_Detection_Picture\edges_paper304.jpg,paper
Edge_Detection_Picture\edges_paper179.jpg,paper
Edge_Detection_Picture\edges_metal136.jpg,metal
Edge_Detection_Picture\edges_trash125.jpg,trash
Edge_Detection_Picture\edges_paper141.jpg,paper
Edge_Detection_Picture\edges_metal16.jpg,metal
Edge_Detection_Picture\edges_glass310.jpg,glass
Edge_Detection_Picture\edges_plastic336.jpg,plastic
Edge_Detection_Picture\edges_cardboard310.jpg,cardboard
Edge_Detection_Picture\edges_plastic116.jpg,plastic
Edge_Detection_Picture\edges_glass446.jpg,glass
Edge_Detection_Picture\edges_paper422.jpg,paper
Edge_Detection_Picture\edges_glass245.jpg,glass
Edge_Detection_Picture\edges_cardboard302.jpg,cardboard
Edge_Detection_Picture\edges_plastic261.jpg,plastic
Edge_Detection_Picture\edges_paper39.jpg,paper
Edge_Detection_Picture\edges_glass210.jpg,glass
Edge_Detection_Picture\edges_paper45.jpg,paper
Edge_Detection_Picture\edges_glass226.jpg,glass
Edge_Detection_Picture\edges_paper59.jpg,paper
Edge_Detection_Picture\edges_metal196.jpg,metal
Edge_Detection_Picture\edges_trash128.jpg,trash
Edge_Detection_Picture\edges_paper339.jpg,paper
Edge_Detection_Picture\edges_glass57.jpg,glass
Edge_Detection_Picture\edges_plastic239.jpg,plastic
Edge_Detection_Picture\edges_paper458.jpg,paper
Edge_Detection_Picture\edges_cardboard322.jpg,cardboard
Edge_Detection_Picture\edges_metal225.jpg,metal
Edge_Detection_Picture\edges_metal314.jpg,metal
Edge_Detection_Picture\edges_trash97.jpg,trash
Edge_Detection_Picture\edges_paper14.jpg,paper
Edge_Detection_Picture\edges_cardboard127.jpg,cardboard
Edge_Detection_Picture\edges_plastic72.jpg,plastic
Edge_Detection_Picture\edges_plastic46.jpg,plastic
Edge_Detection_Picture\edges_cardboard1.jpg,cardboard
Edge_Detection_Picture\edges_plastic471.jpg,plastic
Edge_Detection_Picture\edges_glass271.jpg,glass
Edge_Detection_Picture\edges_glass38.jpg,glass
Edge_Detection_Picture\edges_cardboard223.jpg,cardboard
Edge_Detection_Picture\edges_plastic175.jpg,plastic
Edge_Detection_Picture\edges_glass99.jpg,glass
Edge_Detection_Picture\edges_paper352.jpg,paper
Edge_Detection_Picture\edges_plastic388.jpg,plastic
Edge_Detection_Picture\edges_cardboard94.jpg,cardboard
Edge_Detection_Picture\edges_glass405.jpg,glass
Edge_Detection_Picture\edges_plastic202.jpg,plastic
Edge_Detection_Picture\edges_glass427.jpg,glass
Edge_Detection_Picture\edges_paper175.jpg,paper
Edge_Detection_Picture\edges_cardboard203.jpg,cardboard
Edge_Detection_Picture\edges_cardboard392.jpg,cardboard
Edge_Detection_Picture\edges_paper33.jpg,paper
Edge_Detection_Picture\edges_paper310.jpg,paper
Edge_Detection_Picture\edges_cardboard141.jpg,cardboard
Edge_Detection_Picture\edges_metal68.jpg,metal
Edge_Detection_Picture\edges_trash132.jpg,trash
Edge_Detection_Picture\edges_paper333.jpg,paper
Edge_Detection_Picture\edges_plastic405.jpg,plastic
Edge_Detection_Picture\edges_trash73.jpg,trash
Edge_Detection_Picture\edges_metal373.jpg,metal
Edge_Detection_Picture\edges_glass53.jpg,glass
Edge_Detection_Picture\edges_paper108.jpg,paper
Edge_Detection_Picture\edges_paper494.jpg,paper
Edge_Detection_Picture\edges_metal275.jpg,metal
Edge_Detection_Picture\edges_cardboard186.jpg,cardboard
Edge_Detection_Picture\edges_cardboard33.jpg,cardboard
Edge_Detection_Picture\edges_cardboard371.jpg,cardboard
Edge_Detection_Picture\edges_plastic317.jpg,plastic
Edge_Detection_Picture\edges_plastic180.jpg,plastic
Edge_Detection_Picture\edges_cardboard236.jpg,cardboard
Edge_Detection_Picture\edges_plastic118.jpg,plastic
Edge_Detection_Picture\edges_cardboard169.jpg,cardboard
Edge_Detection_Picture\edges_paper574.jpg,paper
Edge_Detection_Picture\edges_plastic61.jpg,plastic
Edge_Detection_Picture\edges_metal112.jpg,metal
Edge_Detection_Picture\edges_metal241.jpg,metal
Edge_Detection_Picture\edges_glass173.jpg,glass
Edge_Detection_Picture\edges_paper335.jpg,paper
Edge_Detection_Picture\edges_plastic426.jpg,plastic
Edge_Detection_Picture\edges_paper477.jpg,paper
Edge_Detection_Picture\edges_cardboard390.jpg,cardboard
Edge_Detection_Picture\edges_metal74.jpg,metal
Edge_Detection_Picture\edges_trash87.jpg,trash
Edge_Detection_Picture\edges_glass426.jpg,glass
Edge_Detection_Picture\edges_paper423.jpg,paper
Edge_Detection_Picture\edges_glass2.jpg,glass
Edge_Detection_Picture\edges_glass336.jpg,glass
Edge_Detection_Picture\edges_cardboard22.jpg,cardboard
Edge_Detection_Picture\edges_paper264.jpg,paper
Edge_Detection_Picture\edges_trash79.jpg,trash
Edge_Detection_Picture\edges_plastic186.jpg,plastic
Edge_Detection_Picture\edges_cardboard152.jpg,cardboard
Edge_Detection_Picture\edges_trash32.jpg,trash
Edge_Detection_Picture\edges_cardboard249.jpg,cardboard
Edge_Detection_Picture\edges_glass166.jpg,glass
Edge_Detection_Picture\edges_paper204.jpg,paper
Edge_Detection_Picture\edges_trash136.jpg,trash
Edge_Detection_Picture\edges_glass81.jpg,glass
Edge_Detection_Picture\edges_paper123.jpg,paper
Edge_Detection_Picture\edges_metal147.jpg,metal
Edge_Detection_Picture\edges_paper50.jpg,paper
Edge_Detection_Picture\edges_glass136.jpg,glass
Edge_Detection_Picture\edges_plastic316.jpg,plastic
Edge_Detection_Picture\edges_plastic218.jpg,plastic
Edge_Detection_Picture\edges_plastic67.jpg,plastic
Edge_Detection_Picture\edges_glass292.jpg,glass
Edge_Detection_Picture\edges_plastic444.jpg,plastic
Edge_Detection_Picture\edges_glass277.jpg,glass
Edge_Detection_Picture\edges_paper387.jpg,paper
Edge_Detection_Picture\edges_plastic38.jpg,plastic
Edge_Detection_Picture\edges_plastic27.jpg,plastic
Edge_Detection_Picture\edges_metal1.jpg,metal
Edge_Detection_Picture\edges_paper259.jpg,paper
Edge_Detection_Picture\edges_cardboard336.jpg,cardboard
Edge_Detection_Picture\edges_metal247.jpg,metal
Edge_Detection_Picture\edges_paper147.jpg,paper
Edge_Detection_Picture\edges_cardboard316.jpg,cardboard
Edge_Detection_Picture\edges_cardboard58.jpg,cardboard
Edge_Detection_Picture\edges_metal131.jpg,metal
Edge_Detection_Picture\edges_paper513.jpg,paper
Edge_Detection_Picture\edges_paper550.jpg,paper
Edge_Detection_Picture\edges_glass464.jpg,glass
Edge_Detection_Picture\edges_cardboard357.jpg,cardboard
Edge_Detection_Picture\edges_paper577.jpg,paper
Edge_Detection_Picture\edges_paper507.jpg,paper
Edge_Detection_Picture\edges_cardboard194.jpg,cardboard
Edge_Detection_Picture\edges_trash52.jpg,trash
Edge_Detection_Picture\edges_paper414.jpg,paper
Edge_Detection_Picture\edges_cardboard12.jpg,cardboard
Edge_Detection_Picture\edges_metal277.jpg,metal
Edge_Detection_Picture\edges_paper15.jpg,paper
Edge_Detection_Picture\edges_metal301.jpg,metal
Edge_Detection_Picture\edges_glass451.jpg,glass
Edge_Detection_Picture\edges_glass248.jpg,glass
Edge_Detection_Picture\edges_paper124.jpg,paper
Edge_Detection_Picture\edges_metal318.jpg,metal
Edge_Detection_Picture\edges_cardboard270.jpg,cardboard
Edge_Detection_Picture\edges_paper112.jpg,paper
Edge_Detection_Picture\edges_plastic4.jpg,plastic
Edge_Detection_Picture\edges_plastic32.jpg,plastic
Edge_Detection_Picture\edges_glass197.jpg,glass
Edge_Detection_Picture\edges_glass167.jpg,glass
Edge_Detection_Picture\edges_paper99.jpg,paper
Edge_Detection_Picture\edges_glass275.jpg,glass
Edge_Detection_Picture\edges_trash107.jpg,trash
Edge_Detection_Picture\edges_metal381.jpg,metal
Edge_Detection_Picture\edges_glass60.jpg,glass
Edge_Detection_Picture\edges_metal366.jpg,metal
Edge_Detection_Picture\edges_metal409.jpg,metal
Edge_Detection_Picture\edges_plastic145.jpg,plastic
Edge_Detection_Picture\edges_cardboard84.jpg,cardboard
Edge_Detection_Picture\edges_trash50.jpg,trash
Edge_Detection_Picture\edges_glass178.jpg,glass
Edge_Detection_Picture\edges_metal244.jpg,metal
Edge_Detection_Picture\edges_paper385.jpg,paper
Edge_Detection_Picture\edges_plastic201.jpg,plastic
Edge_Detection_Picture\edges_plastic435.jpg,plastic
Edge_Detection_Picture\edges_glass435.jpg,glass
Edge_Detection_Picture\edges_metal400.jpg,metal
Edge_Detection_Picture\edges_glass287.jpg,glass
Edge_Detection_Picture\edges_glass441.jpg,glass
Edge_Detection_Picture\edges_plastic226.jpg,plastic
Edge_Detection_Picture\edges_plastic178.jpg,plastic
Edge_Detection_Picture\edges_cardboard123.jpg,cardboard
Edge_Detection_Picture\edges_plastic30.jpg,plastic
Edge_Detection_Picture\edges_glass263.jpg,glass
Edge_Detection_Picture\edges_metal17.jpg,metal
Edge_Detection_Picture\edges_metal307.jpg,metal
Edge_Detection_Picture\edges_plastic440.jpg,plastic
Edge_Detection_Picture\edges_plastic450.jpg,plastic
Edge_Detection_Picture\edges_metal213.jpg,metal
Edge_Detection_Picture\edges_cardboard237.jpg,cardboard
Edge_Detection_Picture\edges_cardboard362.jpg,cardboard
Edge_Detection_Picture\edges_plastic176.jpg,plastic
Edge_Detection_Picture\edges_glass463.jpg,glass
Edge_Detection_Picture\edges_cardboard238.jpg,cardboard
Edge_Detection_Picture\edges_cardboard213.jpg,cardboard
Edge_Detection_Picture\edges_plastic86.jpg,plastic
Edge_Detection_Picture\edges_paper225.jpg,paper
Edge_Detection_Picture\edges_paper425.jpg,paper
Edge_Detection_Picture\edges_paper485.jpg,paper
Edge_Detection_Picture\edges_plastic290.jpg,plastic
Edge_Detection_Picture\edges_glass341.jpg,glass
Edge_Detection_Picture\edges_metal69.jpg,metal
Edge_Detection_Picture\edges_plastic319.jpg,plastic
Edge_Detection_Picture\edges_cardboard286.jpg,cardboard
Edge_Detection_Picture\edges_glass18.jpg,glass
Edge_Detection_Picture\edges_glass193.jpg,glass
Edge_Detection_Picture\edges_glass80.jpg,glass
Edge_Detection_Picture\edges_paper255.jpg,paper
Edge_Detection_Picture\edges_cardboard182.jpg,cardboard
Edge_Detection_Picture\edges_cardboard378.jpg,cardboard
Edge_Detection_Picture\edges_plastic297.jpg,plastic
Edge_Detection_Picture\edges_paper242.jpg,paper
Edge_Detection_Picture\edges_trash111.jpg,trash
Edge_Detection_Picture\edges_metal133.jpg,metal
Edge_Detection_Picture\edges_plastic418.jpg,plastic
Edge_Detection_Picture\edges_paper460.jpg,paper
Edge_Detection_Picture\edges_glass194.jpg,glass
Edge_Detection_Picture\edges_metal64.jpg,metal
Edge_Detection_Picture\edges_glass501.jpg,glass
Edge_Detection_Picture\edges_cardboard349.jpg,cardboard
Edge_Detection_Picture\edges_paper552.jpg,paper
Edge_Detection_Picture\edges_glass109.jpg,glass
Edge_Detection_Picture\edges_glass343.jpg,glass
Edge_Detection_Picture\edges_plastic253.jpg,plastic
Edge_Detection_Picture\edges_trash5.jpg,trash
Edge_Detection_Picture\edges_plastic335.jpg,plastic
Edge_Detection_Picture\edges_plastic12.jpg,plastic
Edge_Detection_Picture\edges_paper405.jpg,paper
Edge_Detection_Picture\edges_plastic475.jpg,plastic
Edge_Detection_Picture\edges_metal63.jpg,metal
Edge_Detection_Picture\edges_paper354.jpg,paper
Edge_Detection_Picture\edges_paper386.jpg,paper
Edge_Detection_Picture\edges_metal182.jpg,metal
Edge_Detection_Picture\edges_glass158.jpg,glass
Edge_Detection_Picture\edges_paper571.jpg,paper
Edge_Detection_Picture\edges_cardboard240.jpg,cardboard
Edge_Detection_Picture\edges_cardboard132.jpg,cardboard
Edge_Detection_Picture\edges_trash1.jpg,trash
Edge_Detection_Picture\edges_metal355.jpg,metal
Edge_Detection_Picture\edges_paper588.jpg,paper
Edge_Detection_Picture\edges_plastic309.jpg,plastic
Edge_Detection_Picture\edges_metal45.jpg,metal
Edge_Detection_Picture\edges_cardboard34.jpg,cardboard
Edge_Detection_Picture\edges_glass280.jpg,glass
Edge_Detection_Picture\edges_trash66.jpg,trash
Edge_Detection_Picture\edges_metal353.jpg,metal
Edge_Detection_Picture\edges_metal286.jpg,metal
Edge_Detection_Picture\edges_cardboard53.jpg,cardboard
Edge_Detection_Picture\edges_plastic425.jpg,plastic
Edge_Detection_Picture\edges_glass203.jpg,glass
Edge_Detection_Picture\edges_paper182.jpg,paper
Edge_Detection_Picture\edges_paper200.jpg,paper
Edge_Detection_Picture\edges_paper174.jpg,paper
Edge_Detection_Picture\edges_paper517.jpg,paper
Edge_Detection_Picture\edges_glass487.jpg,glass
Edge_Detection_Picture\edges_plastic368.jpg,plastic
Edge_Detection_Picture\edges_paper239.jpg,paper
Edge_Detection_Picture\edges_cardboard216.jpg,cardboard
Edge_Detection_Picture\edges_paper542.jpg,paper
Edge_Detection_Picture\edges_metal354.jpg,metal
Edge_Detection_Picture\edges_glass125.jpg,glass
Edge_Detection_Picture\edges_paper464.jpg,paper
Edge_Detection_Picture\edges_paper223.jpg,paper
Edge_Detection_Picture\edges_plastic187.jpg,plastic
Edge_Detection_Picture\edges_glass148.jpg,glass
Edge_Detection_Picture\edges_plastic54.jpg,plastic
Edge_Detection_Picture\edges_plastic73.jpg,plastic
Edge_Detection_Picture\edges_plastic414.jpg,plastic
Edge_Detection_Picture\edges_cardboard241.jpg,cardboard
Edge_Detection_Picture\edges_paper269.jpg,paper
Edge_Detection_Picture\edges_metal26.jpg,metal
Edge_Detection_Picture\edges_metal30.jpg,metal
Edge_Detection_Picture\edges_plastic155.jpg,plastic
Edge_Detection_Picture\edges_glass471.jpg,glass
Edge_Detection_Picture\edges_glass261.jpg,glass
Edge_Detection_Picture\edges_plastic140.jpg,plastic
Edge_Detection_Picture\edges_glass230.jpg,glass
Edge_Detection_Picture\edges_paper31.jpg,paper
Edge_Detection_Picture\edges_paper592.jpg,paper
Edge_Detection_Picture\edges_glass149.jpg,glass
Edge_Detection_Picture\edges_glass107.jpg,glass
Edge_Detection_Picture\edges_plastic380.jpg,plastic
Edge_Detection_Picture\edges_metal158.jpg,metal
Edge_Detection_Picture\edges_cardboard112.jpg,cardboard
Edge_Detection_Picture\edges_plastic79.jpg,plastic
Edge_Detection_Picture\edges_glass214.jpg,glass
Edge_Detection_Picture\edges_plastic248.jpg,plastic
Edge_Detection_Picture\edges_glass465.jpg,glass
Edge_Detection_Picture\edges_paper570.jpg,paper
Edge_Detection_Picture\edges_glass63.jpg,glass
Edge_Detection_Picture\edges_glass146.jpg,glass
Edge_Detection_Picture\edges_plastic198.jpg,plastic
Edge_Detection_Picture\edges_plastic179.jpg,plastic
Edge_Detection_Picture\edges_glass147.jpg,glass
Edge_Detection_Picture\edges_metal371.jpg,metal
Edge_Detection_Picture\edges_trash137.jpg,trash
Edge_Detection_Picture\edges_cardboard280.jpg,cardboard
Edge_Detection_Picture\edges_plastic433.jpg,plastic
Edge_Detection_Picture\edges_cardboard192.jpg,cardboard
Edge_Detection_Picture\edges_plastic6.jpg,plastic
Edge_Detection_Picture\edges_plastic110.jpg,plastic
Edge_Detection_Picture\edges_paper151.jpg,paper
Edge_Detection_Picture\edges_glass27.jpg,glass
Edge_Detection_Picture\edges_metal391.jpg,metal
Edge_Detection_Picture\edges_glass65.jpg,glass
Edge_Detection_Picture\edges_glass115.jpg,glass
Edge_Detection_Picture\edges_metal183.jpg,metal
Edge_Detection_Picture\edges_paper47.jpg,paper
Edge_Detection_Picture\edges_plastic143.jpg,plastic
Edge_Detection_Picture\edges_paper451.jpg,paper
Edge_Detection_Picture\edges_glass121.jpg,glass
Edge_Detection_Picture\edges_plastic313.jpg,plastic
Edge_Detection_Picture\edges_metal292.jpg,metal
Edge_Detection_Picture\edges_metal103.jpg,metal
Edge_Detection_Picture\edges_paper562.jpg,paper
Edge_Detection_Picture\edges_plastic325.jpg,plastic
Edge_Detection_Picture\edges_metal199.jpg,metal
Edge_Detection_Picture\edges_cardboard271.jpg,cardboard
Edge_Detection_Picture\edges_cardboard330.jpg,cardboard
Edge_Detection_Picture\edges_glass182.jpg,glass
Edge_Detection_Picture\edges_metal128.jpg,metal
Edge_Detection_Picture\edges_paper118.jpg,paper
Edge_Detection_Picture\edges_paper332.jpg,paper
Edge_Detection_Picture\edges_cardboard382.jpg,cardboard
Edge_Detection_Picture\edges_metal235.jpg,metal
Edge_Detection_Picture\edges_paper134.jpg,paper
Edge_Detection_Picture\edges_trash37.jpg,trash
Edge_Detection_Picture\edges_glass304.jpg,glass
Edge_Detection_Picture\edges_glass353.jpg,glass
Edge_Detection_Picture\edges_plastic228.jpg,plastic
Edge_Detection_Picture\edges_paper96.jpg,paper
Edge_Detection_Picture\edges_metal116.jpg,metal
Edge_Detection_Picture\edges_cardboard167.jpg,cardboard
Edge_Detection_Picture\edges_glass251.jpg,glass
Edge_Detection_Picture\edges_plastic404.jpg,plastic
Edge_Detection_Picture\edges_glass299.jpg,glass
Edge_Detection_Picture\edges_glass95.jpg,glass
Edge_Detection_Picture\edges_plastic241.jpg,plastic
Edge_Detection_Picture\edges_plastic102.jpg,plastic
Edge_Detection_Picture\edges_cardboard96.jpg,cardboard
Edge_Detection_Picture\edges_metal396.jpg,metal
Edge_Detection_Picture\edges_cardboard395.jpg,cardboard
Edge_Detection_Picture\edges_plastic71.jpg,plastic
Edge_Detection_Picture\edges_plastic22.jpg,plastic
Edge_Detection_Picture\edges_cardboard214.jpg,cardboard
Edge_Detection_Picture\edges_plastic193.jpg,plastic
Edge_Detection_Picture\edges_cardboard288.jpg,cardboard
Edge_Detection_Picture\edges_metal56.jpg,metal
Edge_Detection_Picture\edges_glass491.jpg,glass
Edge_Detection_Picture\edges_cardboard175.jpg,cardboard
Edge_Detection_Picture\edges_paper185.jpg,paper
Edge_Detection_Picture\edges_metal95.jpg,metal
Edge_Detection_Picture\edges_cardboard10.jpg,cardboard
Edge_Detection_Picture\edges_metal4.jpg,metal
Edge_Detection_Picture\edges_metal177.jpg,metal
Edge_Detection_Picture\edges_plastic152.jpg,plastic
Edge_Detection_Picture\edges_glass351.jpg,glass
Edge_Detection_Picture\edges_cardboard394.jpg,cardboard
Edge_Detection_Picture\edges_paper216.jpg,paper
Edge_Detection_Picture\edges_metal132.jpg,metal
Edge_Detection_Picture\edges_metal380.jpg,metal
Edge_Detection_Picture\edges_glass264.jpg,glass
Edge_Detection_Picture\edges_metal82.jpg,metal
Edge_Detection_Picture\edges_paper163.jpg,paper
Edge_Detection_Picture\edges_glass168.jpg,glass
Edge_Detection_Picture\edges_plastic255.jpg,plastic
Edge_Detection_Picture\edges_metal293.jpg,metal
Edge_Detection_Picture\edges_cardboard396.jpg,cardboard
Edge_Detection_Picture\edges_cardboard347.jpg,cardboard
Edge_Detection_Picture\edges_plastic390.jpg,plastic
Edge_Detection_Picture\edges_plastic282.jpg,plastic
Edge_Detection_Picture\edges_plastic43.jpg,plastic
Edge_Detection_Picture\edges_glass114.jpg,glass
Edge_Detection_Picture\edges_glass152.jpg,glass
Edge_Detection_Picture\edges_paper565.jpg,paper
Edge_Detection_Picture\edges_metal223.jpg,metal
Edge_Detection_Picture\edges_plastic263.jpg,plastic
Edge_Detection_Picture\edges_metal204.jpg,metal
Edge_Detection_Picture\edges_cardboard52.jpg,cardboard
Edge_Detection_Picture\edges_paper114.jpg,paper
Edge_Detection_Picture\edges_paper529.jpg,paper
Edge_Detection_Picture\edges_metal349.jpg,metal
Edge_Detection_Picture\edges_plastic225.jpg,plastic
Edge_Detection_Picture\edges_paper85.jpg,paper
Edge_Detection_Picture\edges_cardboard234.jpg,cardboard
Edge_Detection_Picture\edges_metal97.jpg,metal
Edge_Detection_Picture\edges_cardboard156.jpg,cardboard
Edge_Detection_Picture\edges_cardboard289.jpg,cardboard
Edge_Detection_Picture\edges_plastic463.jpg,plastic
Edge_Detection_Picture\edges_paper43.jpg,paper
Edge_Detection_Picture\edges_cardboard37.jpg,cardboard
Edge_Detection_Picture\edges_metal98.jpg,metal
Edge_Detection_Picture\edges_paper276.jpg,paper
Edge_Detection_Picture\edges_glass468.jpg,glass
Edge_Detection_Picture\edges_paper427.jpg,paper
Edge_Detection_Picture\edges_paper355.jpg,paper
Edge_Detection_Picture\edges_metal137.jpg,metal
Edge_Detection_Picture\edges_plastic210.jpg,plastic
Edge_Detection_Picture\edges_metal229.jpg,metal
Edge_Detection_Picture\edges_paper499.jpg,paper
Edge_Detection_Picture\edges_paper192.jpg,paper
Edge_Detection_Picture\edges_paper289.jpg,paper
Edge_Detection_Picture\edges_glass240.jpg,glass
Edge_Detection_Picture\edges_paper535.jpg,paper
Edge_Detection_Picture\edges_paper306.jpg,paper
Edge_Detection_Picture\edges_plastic442.jpg,plastic
Edge_Detection_Picture\edges_paper88.jpg,paper
Edge_Detection_Picture\edges_cardboard273.jpg,cardboard
Edge_Detection_Picture\edges_plastic349.jpg,plastic
Edge_Detection_Picture\edges_paper81.jpg,paper
Edge_Detection_Picture\edges_metal100.jpg,metal
Edge_Detection_Picture\edges_glass290.jpg,glass
Edge_Detection_Picture\edges_paper404.jpg,paper
Edge_Detection_Picture\edges_glass429.jpg,glass
Edge_Detection_Picture\edges_glass327.jpg,glass
Edge_Detection_Picture\edges_glass234.jpg,glass
Edge_Detection_Picture\edges_plastic296.jpg,plastic
Edge_Detection_Picture\edges_plastic445.jpg,plastic
Edge_Detection_Picture\edges_metal249.jpg,metal
Edge_Detection_Picture\edges_glass371.jpg,glass
Edge_Detection_Picture\edges_paper305.jpg,paper
Edge_Detection_Picture\edges_cardboard350.jpg,cardboard
Edge_Detection_Picture\edges_paper554.jpg,paper
Edge_Detection_Picture\edges_cardboard82.jpg,cardboard
Edge_Detection_Picture\edges_metal227.jpg,metal
Edge_Detection_Picture\edges_metal248.jpg,metal
Edge_Detection_Picture\edges_metal265.jpg,metal
Edge_Detection_Picture\edges_paper567.jpg,paper
Edge_Detection_Picture\edges_plastic235.jpg,plastic
Edge_Detection_Picture\edges_glass185.jpg,glass
Edge_Detection_Picture\edges_cardboard360.jpg,cardboard
Edge_Detection_Picture\edges_cardboard124.jpg,cardboard
Edge_Detection_Picture\edges_plastic458.jpg,plastic
Edge_Detection_Picture\edges_metal260.jpg,metal
Edge_Detection_Picture\edges_plastic337.jpg,plastic
Edge_Detection_Picture\edges_glass373.jpg,glass
Edge_Detection_Picture\edges_cardboard298.jpg,cardboard
Edge_Detection_Picture\edges_paper559.jpg,paper
Edge_Detection_Picture\edges_glass462.jpg,glass
Edge_Detection_Picture\edges_glass416.jpg,glass
Edge_Detection_Picture\edges_metal234.jpg,metal
Edge_Detection_Picture\edges_paper139.jpg,paper
Edge_Detection_Picture\edges_plastic357.jpg,plastic
Edge_Detection_Picture\edges_glass103.jpg,glass
Edge_Detection_Picture\edges_plastic196.jpg,plastic
Edge_Detection_Picture\edges_plastic209.jpg,plastic
Edge_Detection_Picture\edges_paper129.jpg,paper
Edge_Detection_Picture\edges_metal152.jpg,metal
Edge_Detection_Picture\edges_glass6.jpg,glass
Edge_Detection_Picture\edges_paper429.jpg,paper
Edge_Detection_Picture\edges_metal3.jpg,metal
Edge_Detection_Picture\edges_glass211.jpg,glass
Edge_Detection_Picture\edges_metal72.jpg,metal
Edge_Detection_Picture\edges_glass14.jpg,glass
Edge_Detection_Picture\edges_metal296.jpg,metal
Edge_Detection_Picture\edges_metal257.jpg,metal
Edge_Detection_Picture\edges_glass37.jpg,glass
Edge_Detection_Picture\edges_trash47.jpg,trash
Edge_Detection_Picture\edges_paper407.jpg,paper
Edge_Detection_Picture\edges_plastic238.jpg,plastic
Edge_Detection_Picture\edges_cardboard342.jpg,cardboard
Edge_Detection_Picture\edges_plastic157.jpg,plastic
Edge_Detection_Picture\edges_cardboard50.jpg,cardboard
Edge_Detection_Picture\edges_cardboard178.jpg,cardboard
Edge_Detection_Picture\edges_plastic476.jpg,plastic
Edge_Detection_Picture\edges_cardboard40.jpg,cardboard
Edge_Detection_Picture\edges_glass486.jpg,glass
Edge_Detection_Picture\edges_metal192.jpg,metal
Edge_Detection_Picture\edges_glass420.jpg,glass
Edge_Detection_Picture\edges_paper343.jpg,paper
Edge_Detection_Picture\edges_metal176.jpg,metal
Edge_Detection_Picture\edges_glass96.jpg,glass
Edge_Detection_Picture\edges_cardboard231.jpg,cardboard
Edge_Detection_Picture\edges_plastic25.jpg,plastic
Edge_Detection_Picture\edges_glass215.jpg,glass
Edge_Detection_Picture\edges_metal155.jpg,metal
Edge_Detection_Picture\edges_metal184.jpg,metal
Edge_Detection_Picture\edges_cardboard391.jpg,cardboard
Edge_Detection_Picture\edges_plastic415.jpg,plastic
Edge_Detection_Picture\edges_cardboard265.jpg,cardboard
Edge_Detection_Picture\edges_plastic41.jpg,plastic
Edge_Detection_Picture\edges_plastic382.jpg,plastic
Edge_Detection_Picture\edges_plastic185.jpg,plastic
Edge_Detection_Picture\edges_cardboard48.jpg,cardboard
Edge_Detection_Picture\edges_cardboard195.jpg,cardboard
Edge_Detection_Picture\edges_glass354.jpg,glass
Edge_Detection_Picture\edges_metal351.jpg,metal
Edge_Detection_Picture\edges_trash109.jpg,trash
Edge_Detection_Picture\edges_glass71.jpg,glass
Edge_Detection_Picture\edges_glass466.jpg,glass
Edge_Detection_Picture\edges_paper34.jpg,paper
Edge_Detection_Picture\edges_plastic192.jpg,plastic
Edge_Detection_Picture\edges_paper67.jpg,paper
Edge_Detection_Picture\edges_plastic389.jpg,plastic
Edge_Detection_Picture\edges_plastic125.jpg,plastic
Edge_Detection_Picture\edges_plastic3.jpg,plastic
Edge_Detection_Picture\edges_paper300.jpg,paper
Edge_Detection_Picture\edges_glass164.jpg,glass
Edge_Detection_Picture\edges_glass402.jpg,glass
Edge_Detection_Picture\edges_metal300.jpg,metal
Edge_Detection_Picture\edges_cardboard43.jpg,cardboard
Edge_Detection_Picture\edges_glass239.jpg,glass
Edge_Detection_Picture\edges_paper222.jpg,paper
Edge_Detection_Picture\edges_metal113.jpg,metal
Edge_Detection_Picture\edges_paper397.jpg,paper
Edge_Detection_Picture\edges_plastic361.jpg,plastic
Edge_Detection_Picture\edges_metal339.jpg,metal
Edge_Detection_Picture\edges_glass418.jpg,glass
Edge_Detection_Picture\edges_cardboard6.jpg,cardboard
Edge_Detection_Picture\edges_trash99.jpg,trash
Edge_Detection_Picture\edges_plastic83.jpg,plastic
Edge_Detection_Picture\edges_plastic159.jpg,plastic
Edge_Detection_Picture\edges_paper265.jpg,paper
Edge_Detection_Picture\edges_paper19.jpg,paper
Edge_Detection_Picture\edges_paper587.jpg,paper
Edge_Detection_Picture\edges_plastic87.jpg,plastic
Edge_Detection_Picture\edges_cardboard312.jpg,cardboard
Edge_Detection_Picture\edges_plastic29.jpg,plastic
Edge_Detection_Picture\edges_paper551.jpg,paper
Edge_Detection_Picture\edges_metal305.jpg,metal
Edge_Detection_Picture\edges_paper210.jpg,paper
Edge_Detection_Picture\edges_cardboard254.jpg,cardboard
Edge_Detection_Picture\edges_glass88.jpg,glass
Edge_Detection_Picture\edges_plastic34.jpg,plastic
Edge_Detection_Picture\edges_paper454.jpg,paper
Edge_Detection_Picture\edges_metal218.jpg,metal
Edge_Detection_Picture\edges_metal185.jpg,metal
Edge_Detection_Picture\edges_paper316.jpg,paper
Edge_Detection_Picture\edges_cardboard133.jpg,cardboard
Edge_Detection_Picture\edges_metal404.jpg,metal
Edge_Detection_Picture\edges_trash61.jpg,trash
Edge_Detection_Picture\edges_paper233.jpg,paper
Edge_Detection_Picture\edges_glass472.jpg,glass
Edge_Detection_Picture\edges_plastic358.jpg,plastic
Edge_Detection_Picture\edges_plastic369.jpg,plastic
Edge_Detection_Picture\edges_glass39.jpg,glass
Edge_Detection_Picture\edges_cardboard313.jpg,cardboard
Edge_Detection_Picture\edges_trash88.jpg,trash
Edge_Detection_Picture\edges_glass332.jpg,glass
Edge_Detection_Picture\edges_glass231.jpg,glass
Edge_Detection_Picture\edges_glass159.jpg,glass
Edge_Detection_Picture\edges_plastic327.jpg,plastic
Edge_Detection_Picture\edges_paper303.jpg,paper
Edge_Detection_Picture\edges_trash10.jpg,trash
Edge_Detection_Picture\edges_glass480.jpg,glass
Edge_Detection_Picture\edges_plastic163.jpg,plastic
Edge_Detection_Picture\edges_cardboard184.jpg,cardboard
Edge_Detection_Picture\edges_metal111.jpg,metal
Edge_Detection_Picture\edges_paper396.jpg,paper
Edge_Detection_Picture\edges_paper549.jpg,paper
Edge_Detection_Picture\edges_glass410.jpg,glass
Edge_Detection_Picture\edges_glass401.jpg,glass
Edge_Detection_Picture\edges_metal110.jpg,metal
Edge_Detection_Picture\edges_metal367.jpg,metal
Edge_Detection_Picture\edges_paper90.jpg,paper
Edge_Detection_Picture\edges_plastic109.jpg,plastic
Edge_Detection_Picture\edges_cardboard176.jpg,cardboard
Edge_Detection_Picture\edges_paper80.jpg,paper
Edge_Detection_Picture\edges_paper488.jpg,paper
Edge_Detection_Picture\edges_cardboard87.jpg,cardboard
Edge_Detection_Picture\edges_metal285.jpg,metal
Edge_Detection_Picture\edges_metal337.jpg,metal
Edge_Detection_Picture\edges_glass266.jpg,glass
Edge_Detection_Picture\edges_paper402.jpg,paper
Edge_Detection_Picture\edges_metal172.jpg,metal
Edge_Detection_Picture\edges_plastic384.jpg,plastic
Edge_Detection_Picture\edges_plastic289.jpg,plastic
Edge_Detection_Picture\edges_plastic56.jpg,plastic
Edge_Detection_Picture\edges_glass452.jpg,glass
Edge_Detection_Picture\edges_cardboard199.jpg,cardboard
Edge_Detection_Picture\edges_paper144.jpg,paper
Edge_Detection_Picture\edges_cardboard344.jpg,cardboard
Edge_Detection_Picture\edges_glass66.jpg,glass
Edge_Detection_Picture\edges_paper260.jpg,paper
Edge_Detection_Picture\edges_plastic323.jpg,plastic
Edge_Detection_Picture\edges_paper400.jpg,paper
Edge_Detection_Picture\edges_trash28.jpg,trash
Edge_Detection_Picture\edges_plastic457.jpg,plastic
Edge_Detection_Picture\edges_paper568.jpg,paper
Edge_Detection_Picture\edges_metal220.jpg,metal
Edge_Detection_Picture\edges_cardboard61.jpg,cardboard
Edge_Detection_Picture\edges_paper342.jpg,paper
Edge_Detection_Picture\edges_paper379.jpg,paper
Edge_Detection_Picture\edges_glass260.jpg,glass
Edge_Detection_Picture\edges_trash121.jpg,trash
Edge_Detection_Picture\edges_cardboard268.jpg,cardboard
Edge_Detection_Picture\edges_plastic397.jpg,plastic
Edge_Detection_Picture\edges_paper283.jpg,paper
Edge_Detection_Picture\edges_cardboard11.jpg,cardboard
Edge_Detection_Picture\edges_glass244.jpg,glass
Edge_Detection_Picture\edges_glass138.jpg,glass
Edge_Detection_Picture\edges_glass94.jpg,glass
Edge_Detection_Picture\edges_plastic456.jpg,plastic
Edge_Detection_Picture\edges_glass189.jpg,glass
Edge_Detection_Picture\edges_metal397.jpg,metal
Edge_Detection_Picture\edges_glass300.jpg,glass
Edge_Detection_Picture\edges_paper145.jpg,paper
Edge_Detection_Picture\edges_trash41.jpg,trash
Edge_Detection_Picture\edges_glass467.jpg,glass
Edge_Detection_Picture\edges_plastic434.jpg,plastic
Edge_Detection_Picture\edges_plastic258.jpg,plastic
Edge_Detection_Picture\edges_cardboard190.jpg,cardboard
Edge_Detection_Picture\edges_cardboard69.jpg,cardboard
Edge_Detection_Picture\edges_glass394.jpg,glass
Edge_Detection_Picture\edges_glass186.jpg,glass
Edge_Detection_Picture\edges_paper68.jpg,paper
Edge_Detection_Picture\edges_paper148.jpg,paper
Edge_Detection_Picture\edges_paper135.jpg,paper
Edge_Detection_Picture\edges_metal169.jpg,metal
Edge_Detection_Picture\edges_glass56.jpg,glass
Edge_Detection_Picture\edges_trash105.jpg,trash
Edge_Detection_Picture\edges_trash68.jpg,trash
Edge_Detection_Picture\edges_cardboard290.jpg,cardboard
Edge_Detection_Picture\edges_cardboard86.jpg,cardboard
Edge_Detection_Picture\edges_glass233.jpg,glass
Edge_Detection_Picture\edges_plastic371.jpg,plastic
Edge_Detection_Picture\edges_paper236.jpg,paper
Edge_Detection_Picture\edges_glass431.jpg,glass
Edge_Detection_Picture\edges_paper101.jpg,paper
Edge_Detection_Picture\edges_paper252.jpg,paper
Edge_Detection_Picture\edges_glass303.jpg,glass
Edge_Detection_Picture\edges_glass100.jpg,glass
Edge_Detection_Picture\edges_trash42.jpg,trash
Edge_Detection_Picture\edges_cardboard173.jpg,cardboard
Edge_Detection_Picture\edges_glass141.jpg,glass
Edge_Detection_Picture\edges_cardboard244.jpg,cardboard
Edge_Detection_Picture\edges_paper419.jpg,paper
Edge_Detection_Picture\edges_cardboard46.jpg,cardboard
Edge_Detection_Picture\edges_plastic1.jpg,plastic
Edge_Detection_Picture\edges_trash57.jpg,trash
Edge_Detection_Picture\edges_glass13.jpg,glass
Edge_Detection_Picture\edges_glass160.jpg,glass
Edge_Detection_Picture\edges_paper3.jpg,paper
Edge_Detection_Picture\edges_plastic419.jpg,plastic
Edge_Detection_Picture\edges_glass421.jpg,glass
Edge_Detection_Picture\edges_paper98.jpg,paper
Edge_Detection_Picture\edges_paper298.jpg,paper
Edge_Detection_Picture\edges_paper89.jpg,paper
Edge_Detection_Picture\edges_glass144.jpg,glass
Edge_Detection_Picture\edges_paper278.jpg,paper
Edge_Detection_Picture\edges_paper490.jpg,paper
Edge_Detection_Picture\edges_metal259.jpg,metal
Edge_Detection_Picture\edges_glass188.jpg,glass
Edge_Detection_Picture\edges_plastic105.jpg,plastic
Edge_Detection_Picture\edges_paper53.jpg,paper
Edge_Detection_Picture\edges_plastic69.jpg,plastic
Edge_Detection_Picture\edges_glass101.jpg,glass
Edge_Detection_Picture\edges_cardboard366.jpg,cardboard
Edge_Detection_Picture\edges_cardboard389.jpg,cardboard
Edge_Detection_Picture\edges_glass370.jpg,glass
Edge_Detection_Picture\edges_paper270.jpg,paper
Edge_Detection_Picture\edges_glass461.jpg,glass
Edge_Detection_Picture\edges_glass317.jpg,glass
Edge_Detection_Picture\edges_cardboard100.jpg,cardboard
Edge_Detection_Picture\edges_glass73.jpg,glass
Edge_Detection_Picture\edges_plastic190.jpg,plastic
Edge_Detection_Picture\edges_paper261.jpg,paper
Edge_Detection_Picture\edges_metal266.jpg,metal
Edge_Detection_Picture\edges_glass129.jpg,glass
Edge_Detection_Picture\edges_plastic264.jpg,plastic
Edge_Detection_Picture\edges_paper294.jpg,paper
Edge_Detection_Picture\edges_paper584.jpg,paper
Edge_Detection_Picture\edges_glass361.jpg,glass
Edge_Detection_Picture\edges_metal365.jpg,metal
Edge_Detection_Picture\edges_cardboard67.jpg,cardboard
Edge_Detection_Picture\edges_plastic62.jpg,plastic
Edge_Detection_Picture\edges_plastic257.jpg,plastic
Edge_Detection_Picture\edges_metal283.jpg,metal
Edge_Detection_Picture\edges_metal35.jpg,metal
Edge_Detection_Picture\edges_plastic164.jpg,plastic
Edge_Detection_Picture\edges_cardboard81.jpg,cardboard
Edge_Detection_Picture\edges_paper322.jpg,paper
Edge_Detection_Picture\edges_cardboard78.jpg,cardboard
Edge_Detection_Picture\edges_plastic48.jpg,plastic
Edge_Detection_Picture\edges_metal239.jpg,metal
Edge_Detection_Picture\edges_cardboard174.jpg,cardboard
Edge_Detection_Picture\edges_trash25.jpg,trash
Edge_Detection_Picture\edges_trash2.jpg,trash
Edge_Detection_Picture\edges_paper94.jpg,paper
Edge_Detection_Picture\edges_paper341.jpg,paper
Edge_Detection_Picture\edges_glass448.jpg,glass
Edge_Detection_Picture\edges_glass79.jpg,glass
Edge_Detection_Picture\edges_paper197.jpg,paper
Edge_Detection_Picture\edges_glass223.jpg,glass
Edge_Detection_Picture\edges_glass457.jpg,glass
Edge_Detection_Picture\edges_trash14.jpg,trash
Edge_Detection_Picture\edges_paper437.jpg,paper
Edge_Detection_Picture\edges_metal378.jpg,metal
Edge_Detection_Picture\edges_plastic37.jpg,plastic
Edge_Detection_Picture\edges_paper282.jpg,paper
Edge_Detection_Picture\edges_paper533.jpg,paper
Edge_Detection_Picture\edges_paper389.jpg,paper
Edge_Detection_Picture\edges_metal303.jpg,metal
Edge_Detection_Picture\edges_cardboard45.jpg,cardboard
Edge_Detection_Picture\edges_glass438.jpg,glass
Edge_Detection_Picture\edges_glass200.jpg,glass
Edge_Detection_Picture\edges_trash23.jpg,trash
Edge_Detection_Picture\edges_paper8.jpg,paper
Edge_Detection_Picture\edges_paper63.jpg,paper
Edge_Detection_Picture\edges_metal134.jpg,metal
Edge_Detection_Picture\edges_paper254.jpg,paper
Edge_Detection_Picture\edges_cardboard155.jpg,cardboard
Edge_Detection_Picture\edges_metal99.jpg,metal
Edge_Detection_Picture\edges_glass268.jpg,glass
Edge_Detection_Picture\edges_paper522.jpg,paper
Edge_Detection_Picture\edges_glass399.jpg,glass
Edge_Detection_Picture\edges_plastic129.jpg,plastic
Edge_Detection_Picture\edges_cardboard381.jpg,cardboard
Edge_Detection_Picture\edges_plastic370.jpg,plastic
Edge_Detection_Picture\edges_paper328.jpg,paper
Edge_Detection_Picture\edges_metal324.jpg,metal
Edge_Detection_Picture\edges_paper347.jpg,paper
Edge_Detection_Picture\edges_paper159.jpg,paper
Edge_Detection_Picture\edges_plastic199.jpg,plastic
Edge_Detection_Picture\edges_metal8.jpg,metal
Edge_Detection_Picture\edges_cardboard19.jpg,cardboard
Edge_Detection_Picture\edges_metal331.jpg,metal
Edge_Detection_Picture\edges_glass411.jpg,glass
Edge_Detection_Picture\edges_metal167.jpg,metal
Edge_Detection_Picture\edges_metal359.jpg,metal
Edge_Detection_Picture\edges_plastic269.jpg,plastic
Edge_Detection_Picture\edges_metal173.jpg,metal
Edge_Detection_Picture\edges_metal240.jpg,metal
Edge_Detection_Picture\edges_metal107.jpg,metal
Edge_Detection_Picture\edges_plastic58.jpg,plastic
Edge_Detection_Picture\edges_paper271.jpg,paper
Edge_Detection_Picture\edges_cardboard247.jpg,cardboard
Edge_Detection_Picture\edges_cardboard17.jpg,cardboard
Edge_Detection_Picture\edges_glass442.jpg,glass
Edge_Detection_Picture\edges_plastic68.jpg,plastic
Edge_Detection_Picture\edges_cardboard98.jpg,cardboard
Edge_Detection_Picture\edges_paper555.jpg,paper
Edge_Detection_Picture\edges_glass283.jpg,glass
Edge_Detection_Picture\edges_plastic375.jpg,plastic
Edge_Detection_Picture\edges_paper484.jpg,paper
Edge_Detection_Picture\edges_paper221.jpg,paper
Edge_Detection_Picture\edges_metal32.jpg,metal
Edge_Detection_Picture\edges_paper240.jpg,paper
Edge_Detection_Picture\edges_paper553.jpg,paper
Edge_Detection_Picture\edges_paper434.jpg,paper
Edge_Detection_Picture\edges_cardboard260.jpg,cardboard
Edge_Detection_Picture\edges_cardboard131.jpg,cardboard
Edge_Detection_Picture\edges_glass97.jpg,glass
Edge_Detection_Picture\edges_glass41.jpg,glass
Edge_Detection_Picture\edges_glass363.jpg,glass
Edge_Detection_Picture\edges_cardboard374.jpg,cardboard
Edge_Detection_Picture\edges_plastic44.jpg,plastic
Edge_Detection_Picture\edges_glass247.jpg,glass
Edge_Detection_Picture\edges_plastic162.jpg,plastic
Edge_Detection_Picture\edges_cardboard217.jpg,cardboard
Edge_Detection_Picture\edges_paper285.jpg,paper
Edge_Detection_Picture\edges_metal320.jpg,metal
Edge_Detection_Picture\edges_metal261.jpg,metal
Edge_Detection_Picture\edges_paper480.jpg,paper
Edge_Detection_Picture\edges_cardboard55.jpg,cardboard
Edge_Detection_Picture\edges_paper512.jpg,paper
Edge_Detection_Picture\edges_cardboard189.jpg,cardboard
Edge_Detection_Picture\edges_paper75.jpg,paper
Edge_Detection_Picture\edges_metal124.jpg,metal
Edge_Detection_Picture\edges_paper319.jpg,paper
Edge_Detection_Picture\edges_paper439.jpg,paper
Edge_Detection_Picture\edges_paper71.jpg,paper
Edge_Detection_Picture\edges_plastic15.jpg,plastic
Edge_Detection_Picture\edges_cardboard257.jpg,cardboard
Edge_Detection_Picture\edges_plastic203.jpg,plastic
Edge_Detection_Picture\edges_paper399.jpg,paper
Edge_Detection_Picture\edges_metal57.jpg,metal
Edge_Detection_Picture\edges_cardboard321.jpg,cardboard
Edge_Detection_Picture\edges_paper392.jpg,paper
Edge_Detection_Picture\edges_plastic76.jpg,plastic
Edge_Detection_Picture\edges_plastic416.jpg,plastic
Edge_Detection_Picture\edges_metal105.jpg,metal
Edge_Detection_Picture\edges_glass134.jpg,glass
Edge_Detection_Picture\edges_glass139.jpg,glass
Edge_Detection_Picture\edges_paper189.jpg,paper
Edge_Detection_Picture\edges_metal238.jpg,metal
Edge_Detection_Picture\edges_plastic331.jpg,plastic
Edge_Detection_Picture\edges_cardboard258.jpg,cardboard
Edge_Detection_Picture\edges_glass28.jpg,glass
Edge_Detection_Picture\edges_glass474.jpg,glass
Edge_Detection_Picture\edges_metal267.jpg,metal
Edge_Detection_Picture\edges_cardboard63.jpg,cardboard
Edge_Detection_Picture\edges_cardboard62.jpg,cardboard
Edge_Detection_Picture\edges_cardboard233.jpg,cardboard
Edge_Detection_Picture\edges_glass388.jpg,glass
Edge_Detection_Picture\edges_metal379.jpg,metal
Edge_Detection_Picture\edges_paper547.jpg,paper
Edge_Detection_Picture\edges_metal151.jpg,metal
Edge_Detection_Picture\edges_plastic136.jpg,plastic
Edge_Detection_Picture\edges_plastic330.jpg,plastic
Edge_Detection_Picture\edges_paper541.jpg,paper
Edge_Detection_Picture\edges_metal315.jpg,metal
Edge_Detection_Picture\edges_trash38.jpg,trash
Edge_Detection_Picture\edges_plastic256.jpg,plastic
Edge_Detection_Picture\edges_paper97.jpg,paper
Edge_Detection_Picture\edges_paper349.jpg,paper
Edge_Detection_Picture\edges_paper438.jpg,paper
Edge_Detection_Picture\edges_glass281.jpg,glass
Edge_Detection_Picture\edges_paper556.jpg,paper
Edge_Detection_Picture\edges_glass496.jpg,glass
Edge_Detection_Picture\edges_cardboard165.jpg,cardboard
Edge_Detection_Picture\edges_paper412.jpg,paper
Edge_Detection_Picture\edges_paper11.jpg,paper
Edge_Detection_Picture\edges_paper136.jpg,paper
Edge_Detection_Picture\edges_paper172.jpg,paper
Edge_Detection_Picture\edges_metal122.jpg,metal
Edge_Detection_Picture\edges_metal313.jpg,metal
Edge_Detection_Picture\edges_plastic84.jpg,plastic
Edge_Detection_Picture\edges_paper489.jpg,paper
Edge_Detection_Picture\edges_paper183.jpg,paper
Edge_Detection_Picture\edges_paper543.jpg,paper
Edge_Detection_Picture\edges_glass113.jpg,glass
Edge_Detection_Picture\edges_metal55.jpg,metal
Edge_Detection_Picture\edges_metal12.jpg,metal
Edge_Detection_Picture\edges_glass350.jpg,glass
Edge_Detection_Picture\edges_glass123.jpg,glass
Edge_Detection_Picture\edges_cardboard181.jpg,cardboard
Edge_Detection_Picture\edges_paper237.jpg,paper
Edge_Detection_Picture\edges_glass450.jpg,glass
Edge_Detection_Picture\edges_metal58.jpg,metal
Edge_Detection_Picture\edges_metal284.jpg,metal
Edge_Detection_Picture\edges_plastic9.jpg,plastic
Edge_Detection_Picture\edges_cardboard337.jpg,cardboard
Edge_Detection_Picture\edges_glass488.jpg,glass
Edge_Detection_Picture\edges_glass434.jpg,glass
Edge_Detection_Picture\edges_metal25.jpg,metal
Edge_Detection_Picture\edges_paper487.jpg,paper
Edge_Detection_Picture\edges_glass314.jpg,glass
Edge_Detection_Picture\edges_glass243.jpg,glass
Edge_Detection_Picture\edges_paper9.jpg,paper
Edge_Detection_Picture\edges_metal343.jpg,metal
Edge_Detection_Picture\edges_metal387.jpg,metal
Edge_Detection_Picture\edges_cardboard79.jpg,cardboard
Edge_Detection_Picture\edges_cardboard399.jpg,cardboard
Edge_Detection_Picture\edges_glass387.jpg,glass
Edge_Detection_Picture\edges_plastic107.jpg,plastic
Edge_Detection_Picture\edges_cardboard119.jpg,cardboard
Edge_Detection_Picture\edges_metal187.jpg,metal
Edge_Detection_Picture\edges_glass46.jpg,glass
Edge_Detection_Picture\edges_paper241.jpg,paper
Edge_Detection_Picture\edges_trash133.jpg,trash
Edge_Detection_Picture\edges_paper109.jpg,paper
Edge_Detection_Picture\edges_glass10.jpg,glass
Edge_Detection_Picture\edges_paper229.jpg,paper
Edge_Detection_Picture\edges_metal84.jpg,metal
Edge_Detection_Picture\edges_metal230.jpg,metal
Edge_Detection_Picture\edges_plastic472.jpg,plastic
Edge_Detection_Picture\edges_metal143.jpg,metal
Edge_Detection_Picture\edges_plastic88.jpg,plastic
Edge_Detection_Picture\edges_plastic481.jpg,plastic
Edge_Detection_Picture\edges_cardboard275.jpg,cardboard
Edge_Detection_Picture\edges_glass291.jpg,glass
Edge_Detection_Picture\edges_glass381.jpg,glass
Edge_Detection_Picture\edges_glass108.jpg,glass
Edge_Detection_Picture\edges_cardboard74.jpg,cardboard
Edge_Detection_Picture\edges_cardboard41.jpg,cardboard
Edge_Detection_Picture\edges_paper128.jpg,paper
Edge_Detection_Picture\edges_plastic233.jpg,plastic
Edge_Detection_Picture\edges_cardboard398.jpg,cardboard
Edge_Detection_Picture\edges_trash60.jpg,trash
Edge_Detection_Picture\edges_plastic379.jpg,plastic
Edge_Detection_Picture\edges_trash112.jpg,trash
Edge_Detection_Picture\edges_metal54.jpg,metal
Edge_Detection_Picture\edges_metal333.jpg,metal
Edge_Detection_Picture\edges_glass212.jpg,glass
Edge_Detection_Picture\edges_plastic339.jpg,plastic
Edge_Detection_Picture\edges_plastic216.jpg,plastic
Edge_Detection_Picture\edges_paper64.jpg,paper
Edge_Detection_Picture\edges_trash117.jpg,trash
Edge_Detection_Picture\edges_cardboard208.jpg,cardboard
Edge_Detection_Picture\edges_cardboard116.jpg,cardboard
Edge_Detection_Picture\edges_metal403.jpg,metal
Edge_Detection_Picture\edges_paper119.jpg,paper
Edge_Detection_Picture\edges_cardboard126.jpg,cardboard
Edge_Detection_Picture\edges_metal104.jpg,metal
Edge_Detection_Picture\edges_glass335.jpg,glass
Edge_Detection_Picture\edges_glass198.jpg,glass
Edge_Detection_Picture\edges_metal138.jpg,metal
Edge_Detection_Picture\edges_metal130.jpg,metal
Edge_Detection_Picture\edges_cardboard71.jpg,cardboard
Edge_Detection_Picture\edges_glass104.jpg,glass
Edge_Detection_Picture\edges_paper57.jpg,paper
Edge_Detection_Picture\edges_plastic33.jpg,plastic
Edge_Detection_Picture\edges_plastic265.jpg,plastic
Edge_Detection_Picture\edges_paper583.jpg,paper
Edge_Detection_Picture\edges_paper585.jpg,paper
Edge_Detection_Picture\edges_plastic150.jpg,plastic
Edge_Detection_Picture\edges_paper515.jpg,paper
Edge_Detection_Picture\edges_paper2.jpg,paper
Edge_Detection_Picture\edges_plastic328.jpg,plastic
Edge_Detection_Picture\edges_paper531.jpg,paper
Edge_Detection_Picture\edges_glass1.jpg,glass
Edge_Detection_Picture\edges_glass93.jpg,glass
Edge_Detection_Picture\edges_paper157.jpg,paper
Edge_Detection_Picture\edges_cardboard89.jpg,cardboard
Edge_Detection_Picture\edges_paper78.jpg,paper
Edge_Detection_Picture\edges_glass128.jpg,glass
Edge_Detection_Picture\edges_cardboard101.jpg,cardboard
Edge_Detection_Picture\edges_metal394.jpg,metal
Edge_Detection_Picture\edges_paper166.jpg,paper
Edge_Detection_Picture\edges_plastic215.jpg,plastic
Edge_Detection_Picture\edges_paper150.jpg,paper
Edge_Detection_Picture\edges_paper338.jpg,paper
Edge_Detection_Picture\edges_cardboard306.jpg,cardboard
Edge_Detection_Picture\edges_glass406.jpg,glass
Edge_Detection_Picture\edges_glass294.jpg,glass
Edge_Detection_Picture\edges_plastic59.jpg,plastic
Edge_Detection_Picture\edges_paper224.jpg,paper
Edge_Detection_Picture\edges_metal119.jpg,metal
Edge_Detection_Picture\edges_metal71.jpg,metal
Edge_Detection_Picture\edges_trash127.jpg,trash
Edge_Detection_Picture\edges_plastic138.jpg,plastic
Edge_Detection_Picture\edges_cardboard154.jpg,cardboard
Edge_Detection_Picture\edges_paper340.jpg,paper
Edge_Detection_Picture\edges_glass362.jpg,glass
Edge_Detection_Picture\edges_paper557.jpg,paper
Edge_Detection_Picture\edges_metal348.jpg,metal
Edge_Detection_Picture\edges_plastic144.jpg,plastic
Edge_Detection_Picture\edges_plastic299.jpg,plastic
Edge_Detection_Picture\edges_plastic283.jpg,plastic
Edge_Detection_Picture\edges_plastic166.jpg,plastic
Edge_Detection_Picture\edges_trash22.jpg,trash
Edge_Detection_Picture\edges_glass45.jpg,glass
Edge_Detection_Picture\edges_metal148.jpg,metal
Edge_Detection_Picture\edges_plastic165.jpg,plastic
Edge_Detection_Picture\edges_glass23.jpg,glass
Edge_Detection_Picture\edges_trash58.jpg,trash
Edge_Detection_Picture\edges_metal206.jpg,metal
Edge_Detection_Picture\edges_metal195.jpg,metal
Edge_Detection_Picture\edges_metal96.jpg,metal
Edge_Detection_Picture\edges_plastic95.jpg,plastic
Edge_Detection_Picture\edges_paper291.jpg,paper
Edge_Detection_Picture\edges_glass393.jpg,glass
Edge_Detection_Picture\edges_paper102.jpg,paper
Edge_Detection_Picture\edges_metal253.jpg,metal
Edge_Detection_Picture\edges_trash34.jpg,trash
Edge_Detection_Picture\edges_paper195.jpg,paper
Edge_Detection_Picture\edges_paper591.jpg,paper
Edge_Detection_Picture\edges_glass205.jpg,glass
Edge_Detection_Picture\edges_cardboard352.jpg,cardboard
Edge_Detection_Picture\edges_cardboard319.jpg,cardboard
Edge_Detection_Picture\edges_paper153.jpg,paper
Edge_Detection_Picture\edges_cardboard59.jpg,cardboard
Edge_Detection_Picture\edges_metal118.jpg,metal
Edge_Detection_Picture\edges_trash102.jpg,trash
Edge_Detection_Picture\edges_metal384.jpg,metal
Edge_Detection_Picture\edges_plastic184.jpg,plastic
Edge_Detection_Picture\edges_glass151.jpg,glass
Edge_Detection_Picture\edges_paper106.jpg,paper
Edge_Detection_Picture\edges_paper203.jpg,paper
Edge_Detection_Picture\edges_plastic5.jpg,plastic
Edge_Detection_Picture\edges_plastic100.jpg,plastic
Edge_Detection_Picture\edges_metal208.jpg,metal
Edge_Detection_Picture\edges_glass120.jpg,glass
Edge_Detection_Picture\edges_metal346.jpg,metal
Edge_Detection_Picture\edges_trash82.jpg,trash
Edge_Detection_Picture\edges_cardboard229.jpg,cardboard
Edge_Detection_Picture\edges_plastic142.jpg,plastic
Edge_Detection_Picture\edges_trash71.jpg,trash
Edge_Detection_Picture\edges_metal368.jpg,metal
Edge_Detection_Picture\edges_cardboard367.jpg,cardboard
Edge_Detection_Picture\edges_metal153.jpg,metal
Edge_Detection_Picture\edges_metal360.jpg,metal
Edge_Detection_Picture\edges_metal341.jpg,metal
Edge_Detection_Picture\edges_metal145.jpg,metal
Edge_Detection_Picture\edges_cardboard122.jpg,cardboard
Edge_Detection_Picture\edges_plastic318.jpg,plastic
Edge_Detection_Picture\edges_glass331.jpg,glass
Edge_Detection_Picture\edges_paper323.jpg,paper
Edge_Detection_Picture\edges_cardboard49.jpg,cardboard
Edge_Detection_Picture\edges_paper142.jpg,paper
Edge_Detection_Picture\edges_cardboard334.jpg,cardboard
Edge_Detection_Picture\edges_metal215.jpg,metal
Edge_Detection_Picture\edges_plastic92.jpg,plastic
Edge_Detection_Picture\edges_cardboard31.jpg,cardboard
Edge_Detection_Picture\edges_paper24.jpg,paper
Edge_Detection_Picture\edges_trash27.jpg,trash
Edge_Detection_Picture\edges_glass458.jpg,glass
Edge_Detection_Picture\edges_paper177.jpg,paper
Edge_Detection_Picture\edges_glass365.jpg,glass
Edge_Detection_Picture\edges_glass326.jpg,glass
Edge_Detection_Picture\edges_paper357.jpg,paper
Edge_Detection_Picture\edges_paper502.jpg,paper
Edge_Detection_Picture\edges_metal102.jpg,metal
Edge_Detection_Picture\edges_cardboard359.jpg,cardboard
Edge_Detection_Picture\edges_paper453.jpg,paper
Edge_Detection_Picture\edges_glass218.jpg,glass
Edge_Detection_Picture\edges_metal87.jpg,metal
Edge_Detection_Picture\edges_cardboard246.jpg,cardboard
Edge_Detection_Picture\edges_plastic436.jpg,plastic
Edge_Detection_Picture\edges_paper199.jpg,paper
Edge_Detection_Picture\edges_glass323.jpg,glass
Edge_Detection_Picture\edges_metal385.jpg,metal
Edge_Detection_Picture\edges_cardboard215.jpg,cardboard
Edge_Detection_Picture\edges_metal85.jpg,metal
Edge_Detection_Picture\edges_glass74.jpg,glass
Edge_Detection_Picture\edges_plastic11.jpg,plastic
Edge_Detection_Picture\edges_cardboard44.jpg,cardboard
Edge_Detection_Picture\edges_glass456.jpg,glass
Edge_Detection_Picture\edges_metal50.jpg,metal
Edge_Detection_Picture\edges_glass338.jpg,glass
Edge_Detection_Picture\edges_trash16.jpg,trash
Edge_Detection_Picture\edges_cardboard140.jpg,cardboard
Edge_Detection_Picture\edges_glass137.jpg,glass
Edge_Detection_Picture\edges_metal281.jpg,metal
Edge_Detection_Picture\edges_paper461.jpg,paper
Edge_Detection_Picture\edges_metal282.jpg,metal
Edge_Detection_Picture\edges_cardboard326.jpg,cardboard
Edge_Detection_Picture\edges_paper82.jpg,paper
Edge_Detection_Picture\edges_glass102.jpg,glass
Edge_Detection_Picture\edges_paper95.jpg,paper
Edge_Detection_Picture\edges_metal150.jpg,metal
Edge_Detection_Picture\edges_plastic355.jpg,plastic
Edge_Detection_Picture\edges_paper348.jpg,paper
Edge_Detection_Picture\edges_glass51.jpg,glass
Edge_Detection_Picture\edges_metal382.jpg,metal
Edge_Detection_Picture\edges_glass478.jpg,glass
Edge_Detection_Picture\edges_metal186.jpg,metal
Edge_Detection_Picture\edges_glass75.jpg,glass
Edge_Detection_Picture\edges_glass55.jpg,glass
Edge_Detection_Picture\edges_plastic446.jpg,plastic
Edge_Detection_Picture\edges_paper462.jpg,paper
Edge_Detection_Picture\edges_paper25.jpg,paper
Edge_Detection_Picture\edges_plastic113.jpg,plastic
Edge_Detection_Picture\edges_glass110.jpg,glass
Edge_Detection_Picture\edges_plastic183.jpg,plastic
Edge_Detection_Picture\edges_plastic221.jpg,plastic
Edge_Detection_Picture\edges_trash94.jpg,trash
Edge_Detection_Picture\edges_glass276.jpg,glass
Edge_Detection_Picture\edges_plastic301.jpg,plastic
Edge_Detection_Picture\edges_cardboard206.jpg,cardboard
Edge_Detection_Picture\edges_cardboard151.jpg,cardboard
Edge_Detection_Picture\edges_paper7.jpg,paper
Edge_Detection_Picture\edges_cardboard227.jpg,cardboard
Edge_Detection_Picture\edges_paper1.jpg,paper
Edge_Detection_Picture\edges_glass195.jpg,glass
Edge_Detection_Picture\edges_paper309.jpg,paper
Edge_Detection_Picture\edges_metal398.jpg,metal
Edge_Detection_Picture\edges_metal302.jpg,metal
Edge_Detection_Picture\edges_plastic2.jpg,plastic
Edge_Detection_Picture\edges_cardboard256.jpg,cardboard
Edge_Detection_Picture\edges_glass355.jpg,glass
Edge_Detection_Picture\edges_paper415.jpg,paper
Edge_Detection_Picture\edges_paper361.jpg,paper
Edge_Detection_Picture\edges_glass31.jpg,glass
Edge_Detection_Picture\edges_metal273.jpg,metal
Edge_Detection_Picture\edges_glass391.jpg,glass
Edge_Detection_Picture\edges_cardboard73.jpg,cardboard
Edge_Detection_Picture\edges_plastic452.jpg,plastic
Edge_Detection_Picture\edges_plastic214.jpg,plastic
Edge_Detection_Picture\edges_paper243.jpg,paper
Edge_Detection_Picture\edges_metal31.jpg,metal
Edge_Detection_Picture\edges_metal20.jpg,metal
Edge_Detection_Picture\edges_plastic364.jpg,plastic
Edge_Detection_Picture\edges_metal250.jpg,metal
Edge_Detection_Picture\edges_cardboard201.jpg,cardboard
Edge_Detection_Picture\edges_plastic387.jpg,plastic
Edge_Detection_Picture\edges_trash55.jpg,trash
Edge_Detection_Picture\edges_metal91.jpg,metal
Edge_Detection_Picture\edges_plastic474.jpg,plastic
Edge_Detection_Picture\edges_plastic243.jpg,plastic
Edge_Detection_Picture\edges_cardboard60.jpg,cardboard
Edge_Detection_Picture\edges_plastic161.jpg,plastic
Edge_Detection_Picture\edges_glass316.jpg,glass
Edge_Detection_Picture\edges_paper326.jpg,paper
Edge_Detection_Picture\edges_cardboard284.jpg,cardboard
Edge_Detection_Picture\edges_paper290.jpg,paper
Edge_Detection_Picture\edges_glass236.jpg,glass
Edge_Detection_Picture\edges_paper206.jpg,paper
Edge_Detection_Picture\edges_glass170.jpg,glass
Edge_Detection_Picture\edges_cardboard351.jpg,cardboard
Edge_Detection_Picture\edges_glass380.jpg,glass
Edge_Detection_Picture\edges_paper190.jpg,paper
Edge_Detection_Picture\edges_plastic350.jpg,plastic
Edge_Detection_Picture\edges_paper263.jpg,paper
Edge_Detection_Picture\edges_glass374.jpg,glass
Edge_Detection_Picture\edges_paper473.jpg,paper
Edge_Detection_Picture\edges_metal399.jpg,metal
Edge_Detection_Picture\edges_paper83.jpg,paper
Edge_Detection_Picture\edges_plastic324.jpg,plastic
Edge_Detection_Picture\edges_metal83.jpg,metal
Edge_Detection_Picture\edges_paper74.jpg,paper
Edge_Detection_Picture\edges_plastic40.jpg,plastic
Edge_Detection_Picture\edges_paper275.jpg,paper
Edge_Detection_Picture\edges_metal41.jpg,metal
Edge_Detection_Picture\edges_metal276.jpg,metal
Edge_Detection_Picture\edges_cardboard309.jpg,cardboard
Edge_Detection_Picture\edges_paper116.jpg,paper
Edge_Detection_Picture\edges_paper288.jpg,paper
Edge_Detection_Picture\edges_plastic19.jpg,plastic
Edge_Detection_Picture\edges_paper217.jpg,paper
Edge_Detection_Picture\edges_paper446.jpg,paper
Edge_Detection_Picture\edges_glass449.jpg,glass
Edge_Detection_Picture\edges_glass295.jpg,glass
Edge_Detection_Picture\edges_paper455.jpg,paper
Edge_Detection_Picture\edges_paper248.jpg,paper
Edge_Detection_Picture\edges_plastic119.jpg,plastic
Edge_Detection_Picture\edges_cardboard13.jpg,cardboard
Edge_Detection_Picture\edges_glass366.jpg,glass
Edge_Detection_Picture\edges_metal410.jpg,metal
Edge_Detection_Picture\edges_metal216.jpg,metal
Edge_Detection_Picture\edges_metal332.jpg,metal
Edge_Detection_Picture\edges_trash72.jpg,trash
Edge_Detection_Picture\edges_plastic480.jpg,plastic
Edge_Detection_Picture\edges_metal144.jpg,metal
Edge_Detection_Picture\edges_metal5.jpg,metal
Edge_Detection_Picture\edges_paper465.jpg,paper
Edge_Detection_Picture\edges_cardboard358.jpg,cardboard
Edge_Detection_Picture\edges_metal70.jpg,metal
Edge_Detection_Picture\edges_plastic245.jpg,plastic
Edge_Detection_Picture\edges_paper280.jpg,paper
Edge_Detection_Picture\edges_paper443.jpg,paper
Edge_Detection_Picture\edges_paper445.jpg,paper
Edge_Detection_Picture\edges_plastic146.jpg,plastic
Edge_Detection_Picture\edges_cardboard75.jpg,cardboard
Edge_Detection_Picture\edges_paper84.jpg,paper
Edge_Detection_Picture\edges_plastic427.jpg,plastic
Edge_Detection_Picture\edges_metal254.jpg,metal
Edge_Detection_Picture\edges_plastic66.jpg,plastic
Edge_Detection_Picture\edges_cardboard95.jpg,cardboard
Edge_Detection_Picture\edges_cardboard204.jpg,cardboard
Edge_Detection_Picture\edges_plastic57.jpg,plastic
Edge_Detection_Picture\edges_cardboard384.jpg,cardboard
Edge_Detection_Picture\edges_paper244.jpg,paper
Edge_Detection_Picture\edges_plastic115.jpg,plastic
Edge_Detection_Picture\edges_paper581.jpg,paper
Edge_Detection_Picture\edges_paper62.jpg,paper
Edge_Detection_Picture\edges_cardboard211.jpg,cardboard
Edge_Detection_Picture\edges_cardboard274.jpg,cardboard
Edge_Detection_Picture\edges_cardboard180.jpg,cardboard
Edge_Detection_Picture\edges_glass246.jpg,glass
Edge_Detection_Picture\edges_cardboard243.jpg,cardboard
Edge_Detection_Picture\edges_plastic158.jpg,plastic
Edge_Detection_Picture\edges_cardboard303.jpg,cardboard
Edge_Detection_Picture\edges_plastic147.jpg,plastic
Edge_Detection_Picture\edges_glass356.jpg,glass
Edge_Detection_Picture\edges_metal363.jpg,metal
Edge_Detection_Picture\edges_glass225.jpg,glass
Edge_Detection_Picture\edges_cardboard2.jpg,cardboard
Edge_Detection_Picture\edges_cardboard277.jpg,cardboard
Edge_Detection_Picture\edges_metal141.jpg,metal
Edge_Detection_Picture\edges_glass91.jpg,glass
Edge_Detection_Picture\edges_metal325.jpg,metal
Edge_Detection_Picture\edges_glass24.jpg,glass
Edge_Detection_Picture\edges_paper87.jpg,paper
Edge_Detection_Picture\edges_glass72.jpg,glass
Edge_Detection_Picture\edges_metal209.jpg,metal
Edge_Detection_Picture\edges_cardboard335.jpg,cardboard
Edge_Detection_Picture\edges_plastic466.jpg,plastic
Edge_Detection_Picture\edges_glass133.jpg,glass
Edge_Detection_Picture\edges_trash75.jpg,trash
Edge_Detection_Picture\edges_cardboard14.jpg,cardboard
Edge_Detection_Picture\edges_cardboard311.jpg,cardboard
Edge_Detection_Picture\edges_plastic286.jpg,plastic
Edge_Detection_Picture\edges_glass412.jpg,glass
Edge_Detection_Picture\edges_glass142.jpg,glass
Edge_Detection_Picture\edges_plastic236.jpg,plastic
Edge_Detection_Picture\edges_plastic135.jpg,plastic
Edge_Detection_Picture\edges_cardboard142.jpg,cardboard
Edge_Detection_Picture\edges_glass61.jpg,glass
Edge_Detection_Picture\edges_plastic169.jpg,plastic
Edge_Detection_Picture\edges_plastic455.jpg,plastic
Edge_Detection_Picture\edges_trash3.jpg,trash
Edge_Detection_Picture\edges_glass82.jpg,glass
Edge_Detection_Picture\edges_plastic208.jpg,plastic
Edge_Detection_Picture\edges_paper115.jpg,paper
Edge_Detection_Picture\edges_paper284.jpg,paper
Edge_Detection_Picture\edges_metal80.jpg,metal
Edge_Detection_Picture\edges_plastic453.jpg,plastic
Edge_Detection_Picture\edges_cardboard24.jpg,cardboard
Edge_Detection_Picture\edges_glass84.jpg,glass
Edge_Detection_Picture\edges_cardboard207.jpg,cardboard
Edge_Detection_Picture\edges_paper558.jpg,paper
Edge_Detection_Picture\edges_paper369.jpg,paper
Edge_Detection_Picture\edges_plastic348.jpg,plastic
Edge_Detection_Picture\edges_paper79.jpg,paper
Edge_Detection_Picture\edges_cardboard146.jpg,cardboard
Edge_Detection_Picture\edges_plastic356.jpg,plastic
Edge_Detection_Picture\edges_cardboard341.jpg,cardboard
Edge_Detection_Picture\edges_trash62.jpg,trash
Edge_Detection_Picture\edges_cardboard110.jpg,cardboard
Edge_Detection_Picture\edges_paper508.jpg,paper
Edge_Detection_Picture\edges_cardboard261.jpg,cardboard
Edge_Detection_Picture\edges_glass382.jpg,glass
Edge_Detection_Picture\edges_metal67.jpg,metal
Edge_Detection_Picture\edges_paper384.jpg,paper
Edge_Detection_Picture\edges_plastic437.jpg,plastic
Edge_Detection_Picture\edges_paper505.jpg,paper
Edge_Detection_Picture\edges_trash120.jpg,trash
Edge_Detection_Picture\edges_plastic448.jpg,plastic
Edge_Detection_Picture\edges_glass484.jpg,glass
Edge_Detection_Picture\edges_plastic174.jpg,plastic
Edge_Detection_Picture\edges_paper495.jpg,paper
Edge_Detection_Picture\edges_metal194.jpg,metal
Edge_Detection_Picture\edges_plastic322.jpg,plastic
Edge_Detection_Picture\edges_metal290.jpg,metal
Edge_Detection_Picture\edges_metal362.jpg,metal
Edge_Detection_Picture\edges_plastic459.jpg,plastic
Edge_Detection_Picture\edges_paper564.jpg,paper
Edge_Detection_Picture\edges_glass180.jpg,glass
Edge_Detection_Picture\edges_paper160.jpg,paper
Edge_Detection_Picture\edges_glass279.jpg,glass
Edge_Detection_Picture\edges_plastic354.jpg,plastic
Edge_Detection_Picture\edges_paper479.jpg,paper
Edge_Detection_Picture\edges_trash44.jpg,trash
Edge_Detection_Picture\edges_paper416.jpg,paper
Edge_Detection_Picture\edges_paper32.jpg,paper
Edge_Detection_Picture\edges_glass76.jpg,glass
Edge_Detection_Picture\edges_paper318.jpg,paper
Edge_Detection_Picture\edges_glass360.jpg,glass
Edge_Detection_Picture\edges_glass337.jpg,glass
Edge_Detection_Picture\edges_plastic260.jpg,plastic
Edge_Detection_Picture\edges_cardboard65.jpg,cardboard
Edge_Detection_Picture\edges_plastic407.jpg,plastic
Edge_Detection_Picture\edges_paper58.jpg,paper
Edge_Detection_Picture\edges_cardboard293.jpg,cardboard
Edge_Detection_Picture\edges_paper70.jpg,paper
Edge_Detection_Picture\edges_paper376.jpg,paper
Edge_Detection_Picture\edges_paper520.jpg,paper
Edge_Detection_Picture\edges_metal291.jpg,metal
Edge_Detection_Picture\edges_plastic276.jpg,plastic
Edge_Detection_Picture\edges_plastic285.jpg,plastic
Edge_Detection_Picture\edges_glass395.jpg,glass
Edge_Detection_Picture\edges_glass419.jpg,glass
Edge_Detection_Picture\edges_metal389.jpg,metal
Edge_Detection_Picture\edges_cardboard134.jpg,cardboard
Edge_Detection_Picture\edges_metal407.jpg,metal
Edge_Detection_Picture\edges_paper176.jpg,paper
Edge_Detection_Picture\edges_glass414.jpg,glass
Edge_Detection_Picture\edges_glass213.jpg,glass
Edge_Detection_Picture\edges_metal316.jpg,metal
Edge_Detection_Picture\edges_paper262.jpg,paper
Edge_Detection_Picture\edges_paper481.jpg,paper
Edge_Detection_Picture\edges_glass469.jpg,glass
Edge_Detection_Picture\edges_paper4.jpg,paper
Edge_Detection_Picture\edges_glass86.jpg,glass
Edge_Detection_Picture\edges_glass62.jpg,glass
Edge_Detection_Picture\edges_paper100.jpg,paper
Edge_Detection_Picture\edges_paper504.jpg,paper
Edge_Detection_Picture\edges_paper483.jpg,paper
Edge_Detection_Picture\edges_paper360.jpg,paper
Edge_Detection_Picture\edges_metal386.jpg,metal
Edge_Detection_Picture\edges_paper188.jpg,paper
Edge_Detection_Picture\edges_metal278.jpg,metal
Edge_Detection_Picture\edges_metal298.jpg,metal
Edge_Detection_Picture\edges_glass174.jpg,glass
Edge_Detection_Picture\edges_plastic302.jpg,plastic
Edge_Detection_Picture\edges_metal201.jpg,metal
Edge_Detection_Picture\edges_paper530.jpg,paper
Edge_Detection_Picture\edges_paper165.jpg,paper
Edge_Detection_Picture\edges_cardboard149.jpg,cardboard
Edge_Detection_Picture\edges_cardboard23.jpg,cardboard
Edge_Detection_Picture\edges_metal406.jpg,metal
Edge_Detection_Picture\edges_metal51.jpg,metal
Edge_Detection_Picture\edges_plastic365.jpg,plastic
Edge_Detection_Picture\edges_plastic292.jpg,plastic
Edge_Detection_Picture\edges_metal146.jpg,metal
Edge_Detection_Picture\edges_trash104.jpg,trash
Edge_Detection_Picture\edges_plastic93.jpg,plastic
Edge_Detection_Picture\edges_metal76.jpg,metal
Edge_Detection_Picture\edges_cardboard39.jpg,cardboard
Edge_Detection_Picture\edges_plastic85.jpg,plastic
Edge_Detection_Picture\edges_glass481.jpg,glass
Edge_Detection_Picture\edges_glass443.jpg,glass
Edge_Detection_Picture\edges_paper60.jpg,paper
Edge_Detection_Picture\edges_trash21.jpg,trash
Edge_Detection_Picture\edges_plastic82.jpg,plastic
Edge_Detection_Picture\edges_glass70.jpg,glass
Edge_Detection_Picture\edges_cardboard162.jpg,cardboard
Edge_Detection_Picture\edges_cardboard27.jpg,cardboard
Edge_Detection_Picture\edges_glass285.jpg,glass
Edge_Detection_Picture\edges_plastic131.jpg,plastic
Edge_Detection_Picture\edges_cardboard115.jpg,cardboard
Edge_Detection_Picture\edges_trash110.jpg,trash
Edge_Detection_Picture\edges_paper401.jpg,paper
Edge_Detection_Picture\edges_plastic51.jpg,plastic
Edge_Detection_Picture\edges_metal94.jpg,metal
Edge_Detection_Picture\edges_metal207.jpg,metal
Edge_Detection_Picture\edges_glass444.jpg,glass
Edge_Detection_Picture\edges_cardboard21.jpg,cardboard
Edge_Detection_Picture\edges_paper140.jpg,paper
Edge_Detection_Picture\edges_paper292.jpg,paper
Edge_Detection_Picture\edges_plastic78.jpg,plastic
Edge_Detection_Picture\edges_glass69.jpg,glass
Edge_Detection_Picture\edges_trash124.jpg,trash
Edge_Detection_Picture\edges_trash86.jpg,trash
Edge_Detection_Picture\edges_paper372.jpg,paper
Edge_Detection_Picture\edges_plastic134.jpg,plastic
Edge_Detection_Picture\edges_trash123.jpg,trash
Edge_Detection_Picture\edges_plastic429.jpg,plastic
Edge_Detection_Picture\edges_glass54.jpg,glass
Edge_Detection_Picture\edges_cardboard8.jpg,cardboard
Edge_Detection_Picture\edges_glass460.jpg,glass
Edge_Detection_Picture\edges_paper86.jpg,paper
Edge_Detection_Picture\edges_paper586.jpg,paper
Edge_Detection_Picture\edges_trash119.jpg,trash
Edge_Detection_Picture\edges_paper126.jpg,paper
Edge_Detection_Picture\edges_paper164.jpg,paper
Edge_Detection_Picture\edges_plastic171.jpg,plastic
Edge_Detection_Picture\edges_plastic104.jpg,plastic
Edge_Detection_Picture\edges_plastic443.jpg,plastic
Edge_Detection_Picture\edges_cardboard400.jpg,cardboard
Edge_Detection_Picture\edges_paper266.jpg,paper
Edge_Detection_Picture\edges_paper536.jpg,paper
Edge_Detection_Picture\edges_glass489.jpg,glass
Edge_Detection_Picture\edges_metal46.jpg,metal
Edge_Detection_Picture\edges_plastic464.jpg,plastic
Edge_Detection_Picture\edges_paper388.jpg,paper
Edge_Detection_Picture\edges_plastic21.jpg,plastic
Edge_Detection_Picture\edges_glass325.jpg,glass
Edge_Detection_Picture\edges_trash65.jpg,trash
Edge_Detection_Picture\edges_trash106.jpg,trash
Edge_Detection_Picture\edges_trash4.jpg,trash
Edge_Detection_Picture\edges_plastic234.jpg,plastic
Edge_Detection_Picture\edges_trash29.jpg,trash
Edge_Detection_Picture\edges_paper73.jpg,paper
Edge_Detection_Picture\edges_metal135.jpg,metal
Edge_Detection_Picture\edges_plastic99.jpg,plastic
Edge_Detection_Picture\edges_cardboard318.jpg,cardboard
Edge_Detection_Picture\edges_paper209.jpg,paper
Edge_Detection_Picture\edges_trash17.jpg,trash
Edge_Detection_Picture\edges_paper373.jpg,paper
Edge_Detection_Picture\edges_plastic244.jpg,plastic
Edge_Detection_Picture\edges_glass249.jpg,glass
Edge_Detection_Picture\edges_paper23.jpg,paper
Edge_Detection_Picture\edges_paper16.jpg,paper
Edge_Detection_Picture\edges_paper207.jpg,paper
Edge_Detection_Picture\edges_glass175.jpg,glass
Edge_Detection_Picture\edges_paper336.jpg,paper
Edge_Detection_Picture\edges_cardboard281.jpg,cardboard
Edge_Detection_Picture\edges_trash130.jpg,trash
Edge_Detection_Picture\edges_paper408.jpg,paper
Edge_Detection_Picture\edges_glass404.jpg,glass
Edge_Detection_Picture\edges_cardboard308.jpg,cardboard
Edge_Detection_Picture\edges_paper546.jpg,paper
Edge_Detection_Picture\edges_trash7.jpg,trash
Edge_Detection_Picture\edges_paper253.jpg,paper
Edge_Detection_Picture\edges_cardboard29.jpg,cardboard
Edge_Detection_Picture\edges_glass15.jpg,glass
Edge_Detection_Picture\edges_glass52.jpg,glass
Edge_Detection_Picture\edges_paper420.jpg,paper
Edge_Detection_Picture\edges_glass307.jpg,glass
Edge_Detection_Picture\edges_cardboard331.jpg,cardboard
Edge_Detection_Picture\edges_glass206.jpg,glass
Edge_Detection_Picture\edges_paper317.jpg,paper
Edge_Detection_Picture\edges_glass30.jpg,glass
Edge_Detection_Picture\edges_glass44.jpg,glass
Edge_Detection_Picture\edges_glass48.jpg,glass
Edge_Detection_Picture\edges_cardboard296.jpg,cardboard
Edge_Detection_Picture\edges_paper293.jpg,paper
Edge_Detection_Picture\edges_glass340.jpg,glass
Edge_Detection_Picture\edges_paper514.jpg,paper
Edge_Detection_Picture\edges_paper468.jpg,paper
Edge_Detection_Picture\edges_paper510.jpg,paper
Edge_Detection_Picture\edges_glass318.jpg,glass
Edge_Detection_Picture\edges_cardboard364.jpg,cardboard
Edge_Detection_Picture\edges_glass150.jpg,glass
Edge_Detection_Picture\edges_metal65.jpg,metal
Edge_Detection_Picture\edges_paper482.jpg,paper
Edge_Detection_Picture\edges_cardboard137.jpg,cardboard
Edge_Detection_Picture\edges_cardboard267.jpg,cardboard
Edge_Detection_Picture\edges_paper470.jpg,paper
Edge_Detection_Picture\edges_plastic94.jpg,plastic
Edge_Detection_Picture\edges_paper287.jpg,paper
Edge_Detection_Picture\edges_cardboard7.jpg,cardboard
Edge_Detection_Picture\edges_metal106.jpg,metal
Edge_Detection_Picture\edges_paper594.jpg,paper
Edge_Detection_Picture\edges_cardboard356.jpg,cardboard
Edge_Detection_Picture\edges_glass172.jpg,glass
Edge_Detection_Picture\edges_paper395.jpg,paper
Edge_Detection_Picture\edges_paper299.jpg,paper
Edge_Detection_Picture\edges_metal47.jpg,metal
Edge_Detection_Picture\edges_paper149.jpg,paper
Edge_Detection_Picture\edges_glass90.jpg,glass
Edge_Detection_Picture\edges_metal189.jpg,metal
Edge_Detection_Picture\edges_paper12.jpg,paper
Edge_Detection_Picture\edges_paper110.jpg,paper
Edge_Detection_Picture\edges_paper277.jpg,paper
Edge_Detection_Picture\edges_cardboard129.jpg,cardboard
Edge_Detection_Picture\edges_metal114.jpg,metal
Edge_Detection_Picture\edges_trash90.jpg,trash
Edge_Detection_Picture\edges_glass127.jpg,glass
Edge_Detection_Picture\edges_cardboard329.jpg,cardboard
Edge_Detection_Picture\edges_plastic132.jpg,plastic
Edge_Detection_Picture\edges_paper406.jpg,paper
Edge_Detection_Picture\edges_plastic372.jpg,plastic
Edge_Detection_Picture\edges_glass256.jpg,glass
Edge_Detection_Picture\edges_plastic402.jpg,plastic
Edge_Detection_Picture\edges_metal321.jpg,metal
Edge_Detection_Picture\edges_plastic173.jpg,plastic
Edge_Detection_Picture\edges_metal221.jpg,metal
Edge_Detection_Picture\edges_metal37.jpg,metal
Edge_Detection_Picture\edges_trash39.jpg,trash
Edge_Detection_Picture\edges_cardboard248.jpg,cardboard
Edge_Detection_Picture\edges_glass122.jpg,glass
Edge_Detection_Picture\edges_paper36.jpg,paper
Edge_Detection_Picture\edges_plastic172.jpg,plastic
Edge_Detection_Picture\edges_paper472.jpg,paper
Edge_Detection_Picture\edges_cardboard4.jpg,cardboard
Edge_Detection_Picture\edges_paper152.jpg,paper
Edge_Detection_Picture\edges_metal358.jpg,metal
Edge_Detection_Picture\edges_metal197.jpg,metal
Edge_Detection_Picture\edges_glass242.jpg,glass
Edge_Detection_Picture\edges_glass183.jpg,glass
Edge_Detection_Picture\edges_glass397.jpg,glass
Edge_Detection_Picture\edges_paper561.jpg,paper
Edge_Detection_Picture\edges_glass485.jpg,glass
Edge_Detection_Picture\edges_cardboard159.jpg,cardboard
Edge_Detection_Picture\edges_paper228.jpg,paper
Edge_Detection_Picture\edges_cardboard117.jpg,cardboard
Edge_Detection_Picture\edges_glass241.jpg,glass
Edge_Detection_Picture\edges_cardboard3.jpg,cardboard
Edge_Detection_Picture\edges_glass296.jpg,glass
Edge_Detection_Picture\edges_paper130.jpg,paper
Edge_Detection_Picture\edges_glass199.jpg,glass
Edge_Detection_Picture\edges_paper362.jpg,paper
Edge_Detection_Picture\edges_metal88.jpg,metal
Edge_Detection_Picture\edges_metal219.jpg,metal
Edge_Detection_Picture\edges_cardboard150.jpg,cardboard
Edge_Detection_Picture\edges_metal154.jpg,metal
Edge_Detection_Picture\edges_cardboard121.jpg,cardboard
Edge_Detection_Picture\edges_glass202.jpg,glass
Edge_Detection_Picture\edges_plastic120.jpg,plastic
Edge_Detection_Picture\edges_glass319.jpg,glass
Edge_Detection_Picture\edges_plastic343.jpg,plastic
Edge_Detection_Picture\edges_paper426.jpg,paper
Edge_Detection_Picture\edges_paper516.jpg,paper
Edge_Detection_Picture\edges_glass162.jpg,glass
Edge_Detection_Picture\edges_paper475.jpg,paper
Edge_Detection_Picture\edges_glass250.jpg,glass
Edge_Detection_Picture\edges_paper168.jpg,paper
Edge_Detection_Picture\edges_plastic182.jpg,plastic
Edge_Detection_Picture\edges_glass428.jpg,glass
Edge_Detection_Picture\edges_glass364.jpg,glass
Edge_Detection_Picture\edges_plastic188.jpg,plastic
Edge_Detection_Picture\edges_glass367.jpg,glass
Edge_Detection_Picture\edges_metal327.jpg,metal
Edge_Detection_Picture\edges_glass43.jpg,glass
Edge_Detection_Picture\edges_plastic287.jpg,plastic
Edge_Detection_Picture\edges_glass191.jpg,glass
Edge_Detection_Picture\edges_cardboard158.jpg,cardboard
Edge_Detection_Picture\edges_metal109.jpg,metal
Edge_Detection_Picture\edges_metal117.jpg,metal
Edge_Detection_Picture\edges_plastic401.jpg,plastic
Edge_Detection_Picture\edges_paper346.jpg,paper
Edge_Detection_Picture\edges_plastic281.jpg,plastic
Edge_Detection_Picture\edges_paper521.jpg,paper
Edge_Detection_Picture\edges_cardboard177.jpg,cardboard
Edge_Detection_Picture\edges_plastic91.jpg,plastic
Edge_Detection_Picture\edges_cardboard164.jpg,cardboard
Edge_Detection_Picture\edges_trash19.jpg,trash
Edge_Detection_Picture\edges_plastic306.jpg,plastic
Edge_Detection_Picture\edges_paper337.jpg,paper
Edge_Detection_Picture\edges_glass106.jpg,glass
Edge_Detection_Picture\edges_plastic266.jpg,plastic
Edge_Detection_Picture\edges_plastic75.jpg,plastic
Edge_Detection_Picture\edges_plastic123.jpg,plastic
Edge_Detection_Picture\edges_metal160.jpg,metal
Edge_Detection_Picture\edges_plastic137.jpg,plastic
Edge_Detection_Picture\edges_metal356.jpg,metal
Edge_Detection_Picture\edges_paper155.jpg,paper
Edge_Detection_Picture\edges_plastic96.jpg,plastic
Edge_Detection_Picture\edges_cardboard294.jpg,cardboard
Edge_Detection_Picture\edges_trash129.jpg,trash
Edge_Detection_Picture\edges_plastic31.jpg,plastic
Edge_Detection_Picture\edges_plastic410.jpg,plastic
Edge_Detection_Picture\edges_metal174.jpg,metal
Edge_Detection_Picture\edges_glass216.jpg,glass
Edge_Detection_Picture\edges_plastic451.jpg,plastic
Edge_Detection_Picture\edges_paper576.jpg,paper
Edge_Detection_Picture\edges_cardboard111.jpg,cardboard
Edge_Detection_Picture\edges_glass143.jpg,glass
Edge_Detection_Picture\edges_glass209.jpg,glass
Edge_Detection_Picture\edges_cardboard168.jpg,cardboard
Edge_Detection_Picture\edges_metal29.jpg,metal
Edge_Detection_Picture\edges_paper169.jpg,paper
Edge_Detection_Picture\edges_cardboard170.jpg,cardboard
Edge_Detection_Picture\edges_metal352.jpg,metal
Edge_Detection_Picture\edges_metal326.jpg,metal
Edge_Detection_Picture\edges_plastic291.jpg,plastic
Edge_Detection_Picture\edges_plastic35.jpg,plastic
Edge_Detection_Picture\edges_plastic90.jpg,plastic
Edge_Detection_Picture\edges_metal22.jpg,metal
Edge_Detection_Picture\edges_glass238.jpg,glass
Edge_Detection_Picture\edges_glass105.jpg,glass
Edge_Detection_Picture\edges_paper492.jpg,paper
Edge_Detection_Picture\edges_trash8.jpg,trash
Edge_Detection_Picture\edges_cardboard183.jpg,cardboard
Edge_Detection_Picture\edges_cardboard297.jpg,cardboard
Edge_Detection_Picture\edges_cardboard102.jpg,cardboard
Edge_Detection_Picture\edges_paper29.jpg,paper
Edge_Detection_Picture\edges_metal294.jpg,metal
Edge_Detection_Picture\edges_trash77.jpg,trash
Edge_Detection_Picture\edges_glass187.jpg,glass
Edge_Detection_Picture\edges_paper466.jpg,paper
Edge_Detection_Picture\edges_metal15.jpg,metal
Edge_Detection_Picture\edges_glass455.jpg,glass
Edge_Detection_Picture\edges_glass476.jpg,glass
Edge_Detection_Picture\edges_paper69.jpg,paper
Edge_Detection_Picture\edges_cardboard379.jpg,cardboard
Edge_Detection_Picture\edges_metal90.jpg,metal
Edge_Detection_Picture\edges_glass408.jpg,glass
Edge_Detection_Picture\edges_plastic222.jpg,plastic
Edge_Detection_Picture\edges_paper186.jpg,paper
Edge_Detection_Picture\edges_cardboard345.jpg,cardboard
Edge_Detection_Picture\edges_metal168.jpg,metal
Edge_Detection_Picture\edges_metal190.jpg,metal
Edge_Detection_Picture\edges_cardboard291.jpg,cardboard
Edge_Detection_Picture\edges_trash80.jpg,trash
Edge_Detection_Picture\edges_metal217.jpg,metal
Edge_Detection_Picture\edges_plastic98.jpg,plastic
Edge_Detection_Picture\edges_plastic240.jpg,plastic
Edge_Detection_Picture\edges_glass347.jpg,glass
Edge_Detection_Picture\edges_glass130.jpg,glass
Edge_Detection_Picture\edges_glass165.jpg,glass
Edge_Detection_Picture\edges_glass282.jpg,glass
Edge_Detection_Picture\edges_glass258.jpg,glass
Edge_Detection_Picture\edges_cardboard363.jpg,cardboard
Edge_Detection_Picture\edges_cardboard355.jpg,cardboard
Edge_Detection_Picture\edges_paper365.jpg,paper
Edge_Detection_Picture\edges_plastic315.jpg,plastic
Edge_Detection_Picture\edges_glass339.jpg,glass
Edge_Detection_Picture\edges_paper56.jpg,paper
Edge_Detection_Picture\edges_paper146.jpg,paper
Edge_Detection_Picture\edges_cardboard197.jpg,cardboard
Edge_Detection_Picture\edges_glass342.jpg,glass
Edge_Detection_Picture\edges_plastic363.jpg,plastic
Edge_Detection_Picture\edges_trash30.jpg,trash
Edge_Detection_Picture\edges_plastic114.jpg,plastic
Edge_Detection_Picture\edges_paper321.jpg,paper
Edge_Detection_Picture\edges_glass85.jpg,glass
Edge_Detection_Picture\edges_metal322.jpg,metal
Edge_Detection_Picture\edges_glass269.jpg,glass
Edge_Detection_Picture\edges_paper506.jpg,paper
Edge_Detection_Picture\edges_paper44.jpg,paper
Edge_Detection_Picture\edges_cardboard120.jpg,cardboard
Edge_Detection_Picture\edges_paper274.jpg,paper
Edge_Detection_Picture\edges_paper127.jpg,paper
Edge_Detection_Picture\edges_paper374.jpg,paper
Edge_Detection_Picture\edges_metal390.jpg,metal
Edge_Detection_Picture\edges_plastic149.jpg,plastic
Edge_Detection_Picture\edges_trash33.jpg,trash
Edge_Detection_Picture\edges_plastic469.jpg,plastic
Edge_Detection_Picture\edges_paper324.jpg,paper
Edge_Detection_Picture\edges_glass270.jpg,glass
Edge_Detection_Picture\edges_paper417.jpg,paper
Edge_Detection_Picture\edges_paper428.jpg,paper
Edge_Detection_Picture\edges_plastic65.jpg,plastic
Edge_Detection_Picture\edges_cardboard235.jpg,cardboard
Edge_Detection_Picture\edges_paper366.jpg,paper
Edge_Detection_Picture\edges_paper51.jpg,paper
Edge_Detection_Picture\edges_paper398.jpg,paper
Edge_Detection_Picture\edges_cardboard139.jpg,cardboard
Edge_Detection_Picture\edges_trash63.jpg,trash
Edge_Detection_Picture\edges_paper28.jpg,paper
Edge_Detection_Picture\edges_cardboard402.jpg,cardboard
Edge_Detection_Picture\edges_plastic460.jpg,plastic
Edge_Detection_Picture\edges_paper593.jpg,paper
Edge_Detection_Picture\edges_glass377.jpg,glass
Edge_Detection_Picture\edges_paper42.jpg,paper
Edge_Detection_Picture\edges_cardboard242.jpg,cardboard
Edge_Detection_Picture\edges_paper435.jpg,paper
Edge_Detection_Picture\edges_metal236.jpg,metal
Edge_Detection_Picture\edges_paper503.jpg,paper
Edge_Detection_Picture\edges_trash36.jpg,trash
Edge_Detection_Picture\edges_metal202.jpg,metal
Edge_Detection_Picture\edges_metal44.jpg,metal
Edge_Detection_Picture\edges_glass201.jpg,glass
Edge_Detection_Picture\edges_paper410.jpg,paper
Edge_Detection_Picture\edges_paper476.jpg,paper
Edge_Detection_Picture\edges_metal372.jpg,metal
Edge_Detection_Picture\edges_glass284.jpg,glass
Edge_Detection_Picture\edges_metal21.jpg,metal
Edge_Detection_Picture\edges_cardboard278.jpg,cardboard
Edge_Detection_Picture\edges_plastic344.jpg,plastic
Edge_Detection_Picture\edges_paper430.jpg,paper
Edge_Detection_Picture\edges_glass483.jpg,glass
Edge_Detection_Picture\edges_cardboard282.jpg,cardboard
Edge_Detection_Picture\edges_cardboard348.jpg,cardboard
Edge_Detection_Picture\edges_cardboard368.jpg,cardboard
Edge_Detection_Picture\edges_paper525.jpg,paper
Edge_Detection_Picture\edges_glass224.jpg,glass
Edge_Detection_Picture\edges_glass259.jpg,glass
Edge_Detection_Picture\edges_cardboard32.jpg,cardboard
Edge_Detection_Picture\edges_cardboard118.jpg,cardboard
Edge_Detection_Picture\edges_plastic13.jpg,plastic
Edge_Detection_Picture\edges_glass479.jpg,glass
Edge_Detection_Picture\edges_metal92.jpg,metal
Edge_Detection_Picture\edges_trash95.jpg,trash
Edge_Detection_Picture\edges_metal268.jpg,metal
Edge_Detection_Picture\edges_plastic89.jpg,plastic
Edge_Detection_Picture\edges_trash98.jpg,trash
Edge_Detection_Picture\edges_glass440.jpg,glass
Edge_Detection_Picture\edges_trash6.jpg,trash
Edge_Detection_Picture\edges_metal357.jpg,metal
Edge_Detection_Picture\edges_cardboard30.jpg,cardboard
Edge_Detection_Picture\edges_paper537.jpg,paper
Edge_Detection_Picture\edges_trash89.jpg,trash
Edge_Detection_Picture\edges_plastic205.jpg,plastic
Edge_Detection_Picture\edges_paper315.jpg,paper
Edge_Detection_Picture\edges_paper331.jpg,paper
Edge_Detection_Picture\edges_cardboard232.jpg,cardboard
Edge_Detection_Picture\edges_paper590.jpg,paper
Edge_Detection_Picture\edges_cardboard386.jpg,cardboard
Edge_Detection_Picture\edges_plastic403.jpg,plastic
Edge_Detection_Picture\edges_glass267.jpg,glass
Edge_Detection_Picture\edges_glass171.jpg,glass
Edge_Detection_Picture\edges_glass20.jpg,glass
Edge_Detection_Picture\edges_paper104.jpg,paper
Edge_Detection_Picture\edges_cardboard160.jpg,cardboard
Edge_Detection_Picture\edges_plastic305.jpg,plastic
Edge_Detection_Picture\edges_metal156.jpg,metal
Edge_Detection_Picture\edges_paper469.jpg,paper
Edge_Detection_Picture\edges_plastic279.jpg,plastic
Edge_Detection_Picture\edges_metal36.jpg,metal
Edge_Detection_Picture\edges_glass265.jpg,glass
Edge_Detection_Picture\edges_plastic148.jpg,plastic
Edge_Detection_Picture\edges_trash31.jpg,trash
Edge_Detection_Picture\edges_paper250.jpg,paper
Edge_Detection_Picture\edges_paper302.jpg,paper
Edge_Detection_Picture\edges_metal13.jpg,metal
Edge_Detection_Picture\edges_cardboard202.jpg,cardboard
Edge_Detection_Picture\edges_paper436.jpg,paper
Edge_Detection_Picture\edges_glass40.jpg,glass
Edge_Detection_Picture\edges_plastic398.jpg,plastic
Edge_Detection_Picture\edges_metal376.jpg,metal
Edge_Detection_Picture\edges_paper560.jpg,paper
Edge_Detection_Picture\edges_cardboard161.jpg,cardboard
Edge_Detection_Picture\edges_trash84.jpg,trash
Edge_Detection_Picture\edges_paper378.jpg,paper
Edge_Detection_Picture\edges_plastic308.jpg,plastic
Edge_Detection_Picture\edges_glass124.jpg,glass
Edge_Detection_Picture\edges_paper20.jpg,paper
Edge_Detection_Picture\edges_metal52.jpg,metal
Edge_Detection_Picture\edges_metal334.jpg,metal
Edge_Detection_Picture\edges_plastic103.jpg,plastic
Edge_Detection_Picture\edges_plastic432.jpg,plastic
Edge_Detection_Picture\edges_paper66.jpg,paper
Edge_Detection_Picture\edges_glass192.jpg,glass
Edge_Detection_Picture\edges_cardboard385.jpg,cardboard
Edge_Detection_Picture\edges_cardboard72.jpg,cardboard
Edge_Detection_Picture\edges_metal312.jpg,metal
Edge_Detection_Picture\edges_plastic462.jpg,plastic
Edge_Detection_Picture\edges_paper77.jpg,paper
Edge_Detection_Picture\edges_metal139.jpg,metal
Edge_Detection_Picture\edges_metal323.jpg,metal
Edge_Detection_Picture\edges_paper181.jpg,paper
Edge_Detection_Picture\edges_cardboard143.jpg,cardboard
Edge_Detection_Picture\edges_cardboard16.jpg,cardboard
Edge_Detection_Picture\edges_plastic428.jpg,plastic
Edge_Detection_Picture\edges_paper377.jpg,paper
Edge_Detection_Picture\edges_glass403.jpg,glass
Edge_Detection_Picture\edges_metal178.jpg,metal
Edge_Detection_Picture\edges_cardboard105.jpg,cardboard
Edge_Detection_Picture\edges_metal211.jpg,metal
Edge_Detection_Picture\edges_paper544.jpg,paper
Edge_Detection_Picture\edges_cardboard317.jpg,cardboard
Edge_Detection_Picture\edges_glass386.jpg,glass
Edge_Detection_Picture\edges_trash12.jpg,trash
Edge_Detection_Picture\edges_metal361.jpg,metal
Edge_Detection_Picture\edges_plastic431.jpg,plastic
Edge_Detection_Picture\edges_metal264.jpg,metal
Edge_Detection_Picture\edges_paper213.jpg,paper
Edge_Detection_Picture\edges_glass492.jpg,glass
Edge_Detection_Picture\edges_metal163.jpg,metal
Edge_Detection_Picture\edges_metal210.jpg,metal
Edge_Detection_Picture\edges_cardboard68.jpg,cardboard
Edge_Detection_Picture\edges_trash53.jpg,trash
Edge_Detection_Picture\edges_cardboard198.jpg,cardboard
Edge_Detection_Picture\edges_metal7.jpg,metal
Edge_Detection_Picture\edges_glass111.jpg,glass
Edge_Detection_Picture\edges_paper491.jpg,paper
Edge_Detection_Picture\edges_paper5.jpg,paper
Edge_Detection_Picture\edges_cardboard373.jpg,cardboard
Edge_Detection_Picture\edges_metal345.jpg,metal
Edge_Detection_Picture\edges_plastic360.jpg,plastic
Edge_Detection_Picture\edges_cardboard56.jpg,cardboard
Edge_Detection_Picture\edges_cardboard200.jpg,cardboard
Edge_Detection_Picture\edges_plastic411.jpg,plastic
Edge_Detection_Picture\edges_glass237.jpg,glass
Edge_Detection_Picture\edges_glass272.jpg,glass
Edge_Detection_Picture\edges_paper297.jpg,paper
Edge_Detection_Picture\edges_glass36.jpg,glass
Edge_Detection_Picture\edges_plastic141.jpg,plastic
Edge_Detection_Picture\edges_glass47.jpg,glass
Edge_Detection_Picture\edges_paper35.jpg,paper
Edge_Detection_Picture\edges_trash67.jpg,trash
Edge_Detection_Picture\edges_cardboard279.jpg,cardboard
Edge_Detection_Picture\edges_glass376.jpg,glass
Edge_Detection_Picture\edges_cardboard324.jpg,cardboard
Edge_Detection_Picture\edges_plastic478.jpg,plastic
Edge_Detection_Picture\edges_plastic130.jpg,plastic
Edge_Detection_Picture\edges_plastic204.jpg,plastic
Edge_Detection_Picture\edges_glass11.jpg,glass
Edge_Detection_Picture\edges_plastic53.jpg,plastic
Edge_Detection_Picture\edges_metal375.jpg,metal
Edge_Detection_Picture\edges_plastic386.jpg,plastic
Edge_Detection_Picture\edges_cardboard153.jpg,cardboard
Edge_Detection_Picture\edges_cardboard130.jpg,cardboard
Edge_Detection_Picture\edges_plastic378.jpg,plastic
Edge_Detection_Picture\edges_metal228.jpg,metal
Edge_Detection_Picture\edges_paper580.jpg,paper
Edge_Detection_Picture\edges_paper22.jpg,paper
Edge_Detection_Picture\edges_plastic10.jpg,plastic
Edge_Detection_Picture\edges_glass333.jpg,glass
Edge_Detection_Picture\edges_glass306.jpg,glass
Edge_Detection_Picture\edges_trash35.jpg,trash
Edge_Detection_Picture\edges_glass42.jpg,glass
Edge_Detection_Picture\edges_paper350.jpg,paper
Edge_Detection_Picture\edges_paper193.jpg,paper
Edge_Detection_Picture\edges_plastic340.jpg,plastic
Edge_Detection_Picture\edges_trash9.jpg,trash
Edge_Detection_Picture\edges_plastic207.jpg,plastic
Edge_Detection_Picture\edges_plastic18.jpg,plastic
Edge_Detection_Picture\edges_cardboard38.jpg,cardboard
Edge_Detection_Picture\edges_cardboard230.jpg,cardboard
Edge_Detection_Picture\edges_plastic351.jpg,plastic
Edge_Detection_Picture\edges_paper325.jpg,paper
Edge_Detection_Picture\edges_paper363.jpg,paper
Edge_Detection_Picture\edges_plastic333.jpg,plastic
Edge_Detection_Picture\edges_glass392.jpg,glass
Edge_Detection_Picture\edges_trash91.jpg,trash
Edge_Detection_Picture\edges_plastic294.jpg,plastic
Edge_Detection_Picture\edges_glass140.jpg,glass
Edge_Detection_Picture\edges_glass112.jpg,glass
Edge_Detection_Picture\edges_paper540.jpg,paper
Edge_Detection_Picture\edges_cardboard300.jpg,cardboard
Edge_Detection_Picture\edges_metal77.jpg,metal
Edge_Detection_Picture\edges_plastic439.jpg,plastic
Edge_Detection_Picture\edges_glass349.jpg,glass
Edge_Detection_Picture\edges_cardboard51.jpg,cardboard
Edge_Detection_Picture\edges_glass301.jpg,glass
Edge_Detection_Picture\edges_cardboard103.jpg,cardboard
Edge_Detection_Picture\edges_paper566.jpg,paper
Edge_Detection_Picture\edges_glass329.jpg,glass
Edge_Detection_Picture\edges_paper501.jpg,paper
Edge_Detection_Picture\edges_trash85.jpg,trash
Edge_Detection_Picture\edges_trash59.jpg,trash
Edge_Detection_Picture\edges_cardboard80.jpg,cardboard
Edge_Detection_Picture\edges_metal280.jpg,metal
Edge_Detection_Picture\edges_plastic376.jpg,plastic
Edge_Detection_Picture\edges_glass35.jpg,glass
Edge_Detection_Picture\edges_glass12.jpg,glass
Edge_Detection_Picture\edges_metal383.jpg,metal
Edge_Detection_Picture\edges_plastic430.jpg,plastic
Edge_Detection_Picture\edges_metal79.jpg,metal
Edge_Detection_Picture\edges_trash64.jpg,trash
Edge_Detection_Picture\edges_cardboard372.jpg,cardboard
Edge_Detection_Picture\edges_plastic250.jpg,plastic
Edge_Detection_Picture\edges_paper528.jpg,paper
Edge_Detection_Picture\edges_plastic311.jpg,plastic
Edge_Detection_Picture\edges_paper122.jpg,paper
Edge_Detection_Picture\edges_paper589.jpg,paper
Edge_Detection_Picture\edges_paper519.jpg,paper
Edge_Detection_Picture\edges_cardboard369.jpg,cardboard
Edge_Detection_Picture\edges_cardboard333.jpg,cardboard
Edge_Detection_Picture\edges_paper113.jpg,paper
Edge_Detection_Picture\edges_cardboard340.jpg,cardboard
Edge_Detection_Picture\edges_glass254.jpg,glass
Edge_Detection_Picture\edges_trash46.jpg,trash
Edge_Detection_Picture\edges_plastic334.jpg,plastic
Edge_Detection_Picture\edges_cardboard145.jpg,cardboard
Edge_Detection_Picture\edges_cardboard377.jpg,cardboard
Edge_Detection_Picture\edges_metal125.jpg,metal
Edge_Detection_Picture\edges_metal370.jpg,metal
Edge_Detection_Picture\edges_glass345.jpg,glass
Edge_Detection_Picture\edges_plastic377.jpg,plastic
Edge_Detection_Picture\edges_glass453.jpg,glass
Edge_Detection_Picture\edges_plastic394.jpg,plastic
Edge_Detection_Picture\edges_glass22.jpg,glass
Edge_Detection_Picture\edges_cardboard239.jpg,cardboard
Edge_Detection_Picture\edges_plastic449.jpg,plastic
Edge_Detection_Picture\edges_metal40.jpg,metal
Edge_Detection_Picture\edges_glass207.jpg,glass
Edge_Detection_Picture\edges_cardboard9.jpg,cardboard
Edge_Detection_Picture\edges_metal66.jpg,metal
Edge_Detection_Picture\edges_plastic272.jpg,plastic
Edge_Detection_Picture\edges_cardboard262.jpg,cardboard
Edge_Detection_Picture\edges_plastic195.jpg,plastic
Edge_Detection_Picture\edges_metal78.jpg,metal
Edge_Detection_Picture\edges_paper579.jpg,paper
Edge_Detection_Picture\edges_plastic304.jpg,plastic
Edge_Detection_Picture\edges_cardboard353.jpg,cardboard
Edge_Detection_Picture\edges_paper380.jpg,paper
Edge_Detection_Picture\edges_cardboard128.jpg,cardboard
Edge_Detection_Picture\edges_glass344.jpg,glass
Edge_Detection_Picture\edges_plastic479.jpg,plastic
Edge_Detection_Picture\edges_paper368.jpg,paper
Edge_Detection_Picture\edges_glass3.jpg,glass
Edge_Detection_Picture\edges_paper138.jpg,paper
Edge_Detection_Picture\edges_plastic7.jpg,plastic
Edge_Detection_Picture\edges_plastic271.jpg,plastic
Edge_Detection_Picture\edges_metal27.jpg,metal
Edge_Detection_Picture\edges_glass274.jpg,glass
Edge_Detection_Picture\edges_paper158.jpg,paper
Edge_Detection_Picture\edges_glass315.jpg,glass
Edge_Detection_Picture\edges_plastic246.jpg,plastic
Edge_Detection_Picture\edges_paper245.jpg,paper
Edge_Detection_Picture\edges_metal256.jpg,metal
Edge_Detection_Picture\edges_plastic252.jpg,plastic
Edge_Detection_Picture\edges_plastic231.jpg,plastic
Edge_Detection_Picture\edges_paper307.jpg,paper
Edge_Detection_Picture\edges_paper121.jpg,paper
Edge_Detection_Picture\edges_metal245.jpg,metal
Edge_Detection_Picture\edges_trash45.jpg,trash
Edge_Detection_Picture\edges_paper403.jpg,paper
Edge_Detection_Picture\edges_paper133.jpg,paper
Edge_Detection_Picture\edges_trash103.jpg,trash
Edge_Detection_Picture\edges_paper235.jpg,paper
Edge_Detection_Picture\edges_trash81.jpg,trash
Edge_Detection_Picture\edges_trash70.jpg,trash
Edge_Detection_Picture\edges_trash76.jpg,trash
Edge_Detection_Picture\edges_cardboard263.jpg,cardboard
Edge_Detection_Picture\edges_glass470.jpg,glass
Edge_Detection_Picture\edges_metal369.jpg,metal
Edge_Detection_Picture\edges_glass302.jpg,glass
Edge_Detection_Picture\edges_glass252.jpg,glass
Edge_Detection_Picture\edges_plastic39.jpg,plastic
Edge_Detection_Picture\edges_glass34.jpg,glass
Edge_Detection_Picture\edges_plastic156.jpg,plastic
Edge_Detection_Picture\edges_plastic393.jpg,plastic
Edge_Detection_Picture\edges_metal162.jpg,metal
Edge_Detection_Picture\edges_plastic106.jpg,plastic
Edge_Detection_Picture\edges_metal193.jpg,metal
Edge_Detection_Picture\edges_cardboard272.jpg,cardboard
Edge_Detection_Picture\edges_metal374.jpg,metal
Edge_Detection_Picture\edges_trash51.jpg,trash
Edge_Detection_Picture\edges_trash43.jpg,trash
Edge_Detection_Picture\edges_trash101.jpg,trash
Edge_Detection_Picture\edges_paper370.jpg,paper
Edge_Detection_Picture\edges_cardboard305.jpg,cardboard
Edge_Detection_Picture\edges_metal205.jpg,metal
Edge_Detection_Picture\edges_glass92.jpg,glass
Edge_Detection_Picture\edges_glass454.jpg,glass
Edge_Detection_Picture\edges_glass352.jpg,glass
Edge_Detection_Picture\edges_paper548.jpg,paper
Edge_Detection_Picture\edges_metal171.jpg,metal
Edge_Detection_Picture\edges_paper569.jpg,paper
Edge_Detection_Picture\edges_metal310.jpg,metal
Edge_Detection_Picture\edges_metal14.jpg,metal
Edge_Detection_Picture\edges_cardboard295.jpg,cardboard
Edge_Detection_Picture\edges_plastic127.jpg,plastic
Edge_Detection_Picture\edges_metal402.jpg,metal
Edge_Detection_Picture\edges_cardboard125.jpg,cardboard
Edge_Detection_Picture\edges_metal309.jpg,metal
Edge_Detection_Picture\edges_plastic342.jpg,plastic
Edge_Detection_Picture\edges_cardboard210.jpg,cardboard
Edge_Detection_Picture\edges_plastic267.jpg,plastic
Edge_Detection_Picture\edges_metal24.jpg,metal
Edge_Detection_Picture\edges_paper450.jpg,paper
Edge_Detection_Picture\edges_paper117.jpg,paper
Edge_Detection_Picture\edges_metal299.jpg,metal
Edge_Detection_Picture\edges_glass288.jpg,glass
Edge_Detection_Picture\edges_paper364.jpg,paper
Edge_Detection_Picture\edges_metal340.jpg,metal
Edge_Detection_Picture\edges_glass322.jpg,glass
Edge_Detection_Picture\edges_plastic338.jpg,plastic
Edge_Detection_Picture\edges_cardboard209.jpg,cardboard
Edge_Detection_Picture\edges_plastic454.jpg,plastic
Edge_Detection_Picture\edges_paper351.jpg,paper
Edge_Detection_Picture\edges_metal226.jpg,metal
Edge_Detection_Picture\edges_glass311.jpg,glass
Edge_Detection_Picture\edges_plastic23.jpg,plastic
Edge_Detection_Picture\edges_cardboard148.jpg,cardboard
Edge_Detection_Picture\edges_plastic374.jpg,plastic
Edge_Detection_Picture\edges_metal170.jpg,metal
Edge_Detection_Picture\edges_plastic341.jpg,plastic
Edge_Detection_Picture\edges_cardboard269.jpg,cardboard
Edge_Detection_Picture\edges_paper486.jpg,paper
Edge_Detection_Picture\edges_glass217.jpg,glass
Edge_Detection_Picture\edges_glass190.jpg,glass
Edge_Detection_Picture\edges_paper246.jpg,paper
Edge_Detection_Picture\edges_paper91.jpg,paper
Edge_Detection_Picture\edges_paper132.jpg,paper
Edge_Detection_Picture\edges_glass204.jpg,glass
Edge_Detection_Picture\edges_plastic230.jpg,plastic
Edge_Detection_Picture\edges_plastic262.jpg,plastic
Edge_Detection_Picture\edges_plastic154.jpg,plastic
Edge_Detection_Picture\edges_cardboard93.jpg,cardboard
Edge_Detection_Picture\edges_glass357.jpg,glass
Edge_Detection_Picture\edges_metal338.jpg,metal
Edge_Detection_Picture\edges_paper247.jpg,paper
Edge_Detection_Picture\edges_trash114.jpg,trash
Edge_Detection_Picture\edges_glass87.jpg,glass
Edge_Detection_Picture\edges_plastic167.jpg,plastic
Edge_Detection_Picture\edges_metal140.jpg,metal
Edge_Detection_Picture\edges_cardboard185.jpg,cardboard
Edge_Detection_Picture\edges_metal308.jpg,metal
Edge_Detection_Picture\edges_metal161.jpg,metal
Edge_Detection_Picture\edges_paper30.jpg,paper
Edge_Detection_Picture\edges_paper563.jpg,paper
Edge_Detection_Picture\edges_plastic42.jpg,plastic
Edge_Detection_Picture\edges_plastic300.jpg,plastic
Edge_Detection_Picture\edges_glass493.jpg,glass
Edge_Detection_Picture\edges_metal200.jpg,metal
Edge_Detection_Picture\edges_cardboard264.jpg,cardboard
Edge_Detection_Picture\edges_plastic160.jpg,plastic
Edge_Detection_Picture\edges_metal232.jpg,metal
Edge_Detection_Picture\edges_plastic273.jpg,plastic
Edge_Detection_Picture\edges_paper238.jpg,paper
Edge_Detection_Picture\edges_paper93.jpg,paper
Edge_Detection_Picture\edges_metal388.jpg,metal
Edge_Detection_Picture\edges_glass445.jpg,glass
Edge_Detection_Picture\edges_glass98.jpg,glass
Edge_Detection_Picture\edges_glass4.jpg,glass
Edge_Detection_Picture\edges_glass119.jpg,glass
Edge_Detection_Picture\edges_glass83.jpg,glass
Edge_Detection_Picture\edges_glass330.jpg,glass
Edge_Detection_Picture\edges_paper156.jpg,paper
Edge_Detection_Picture\edges_plastic111.jpg,plastic
Edge_Detection_Picture\edges_cardboard383.jpg,cardboard
Edge_Detection_Picture\edges_cardboard245.jpg,cardboard
Edge_Detection_Picture\edges_plastic383.jpg,plastic
Edge_Detection_Picture\edges_plastic24.jpg,plastic
Edge_Detection_Picture\edges_paper286.jpg,paper
Edge_Detection_Picture\edges_plastic400.jpg,plastic
Edge_Detection_Picture\edges_plastic280.jpg,plastic
Edge_Detection_Picture\edges_metal127.jpg,metal
Edge_Detection_Picture\edges_paper234.jpg,paper
Edge_Detection_Picture\edges_paper184.jpg,paper
Edge_Detection_Picture\edges_plastic347.jpg,plastic
Edge_Detection_Picture\edges_plastic49.jpg,plastic
Edge_Detection_Picture\edges_plastic28.jpg,plastic
Edge_Detection_Picture\edges_plastic288.jpg,plastic
Edge_Detection_Picture\edges_metal274.jpg,metal
Edge_Detection_Picture\edges_cardboard225.jpg,cardboard
Edge_Detection_Picture\edges_paper61.jpg,paper
Edge_Detection_Picture\edges_cardboard218.jpg,cardboard
Edge_Detection_Picture\edges_cardboard224.jpg,cardboard
Edge_Detection_Picture\edges_paper359.jpg,paper
Edge_Detection_Picture\edges_plastic421.jpg,plastic
Edge_Detection_Picture\edges_paper256.jpg,paper
Edge_Detection_Picture\edges_glass293.jpg,glass
Edge_Detection_Picture\edges_glass157.jpg,glass
Edge_Detection_Picture\edges_glass385.jpg,glass
Edge_Detection_Picture\edges_metal157.jpg,metal
Edge_Detection_Picture\edges_metal115.jpg,metal
Edge_Detection_Picture\edges_cardboard403.jpg,cardboard
Edge_Detection_Picture\edges_glass49.jpg,glass
Edge_Detection_Picture\edges_paper478.jpg,paper
Edge_Detection_Picture\edges_plastic468.jpg,plastic
Edge_Detection_Picture\edges_paper471.jpg,paper
Edge_Detection_Picture\edges_plastic352.jpg,plastic
Edge_Detection_Picture\edges_cardboard304.jpg,cardboard
Edge_Detection_Picture\edges_paper393.jpg,paper
Edge_Detection_Picture\edges_paper411.jpg,paper
Edge_Detection_Picture\edges_cardboard370.jpg,cardboard
Edge_Detection_Picture\edges_glass379.jpg,glass
Edge_Detection_Picture\edges_cardboard196.jpg,cardboard
Edge_Detection_Picture\edges_trash131.jpg,trash
Edge_Detection_Picture\edges_plastic101.jpg,plastic
Edge_Detection_Picture\edges_plastic133.jpg,plastic
Edge_Detection_Picture\edges_paper10.jpg,paper
Edge_Detection_Picture\edges_paper545.jpg,paper
Edge_Detection_Picture\edges_metal101.jpg,metal
Edge_Detection_Picture\edges_plastic14.jpg,plastic
Edge_Detection_Picture\edges_glass475.jpg,glass
Edge_Detection_Picture\edges_metal75.jpg,metal
Edge_Detection_Picture\edges_paper273.jpg,paper
Edge_Detection_Picture\edges_glass417.jpg,glass
Edge_Detection_Picture\edges_metal251.jpg,metal
Edge_Detection_Picture\edges_metal306.jpg,metal
Edge_Detection_Picture\edges_plastic254.jpg,plastic
Edge_Detection_Picture\edges_metal121.jpg,metal
Edge_Detection_Picture\edges_metal42.jpg,metal
Edge_Detection_Picture\edges_cardboard327.jpg,cardboard
Edge_Detection_Picture\edges_glass135.jpg,glass
Edge_Detection_Picture\edges_glass179.jpg,glass
Edge_Detection_Picture\edges_plastic423.jpg,plastic
Edge_Detection_Picture\edges_plastic473.jpg,plastic
Edge_Detection_Picture\edges_plastic251.jpg,plastic
Edge_Detection_Picture\edges_paper493.jpg,paper
Edge_Detection_Picture\edges_paper257.jpg,paper
Edge_Detection_Picture\edges_metal11.jpg,metal
Edge_Detection_Picture\edges_cardboard187.jpg,cardboard
Edge_Detection_Picture\edges_metal181.jpg,metal
Edge_Detection_Picture\edges_plastic412.jpg,plastic
Edge_Detection_Picture\edges_trash49.jpg,trash
Edge_Detection_Picture\edges_glass161.jpg,glass
Edge_Detection_Picture\edges_glass390.jpg,glass
Edge_Detection_Picture\edges_trash135.jpg,trash
Edge_Detection_Picture\edges_cardboard332.jpg,cardboard
Edge_Detection_Picture\edges_plastic293.jpg,plastic
Edge_Detection_Picture\edges_plastic74.jpg,plastic
Edge_Detection_Picture\edges_paper534.jpg,paper
Edge_Detection_Picture\edges_glass155.jpg,glass
Edge_Detection_Picture\edges_plastic220.jpg,plastic
Edge_Detection_Picture\edges_paper18.jpg,paper
Edge_Detection_Picture\edges_paper432.jpg,paper
Edge_Detection_Picture\edges_metal242.jpg,metal
Edge_Detection_Picture\edges_metal350.jpg,metal
Edge_Detection_Picture\edges_trash26.jpg,trash
Edge_Detection_Picture\edges_glass439.jpg,glass
Edge_Detection_Picture\edges_paper111.jpg,paper
Edge_Detection_Picture\edges_paper418.jpg,paper
Edge_Detection_Picture\edges_paper441.jpg,paper
Edge_Detection_Picture\edges_cardboard88.jpg,cardboard
Edge_Detection_Picture\edges_glass369.jpg,glass
Edge_Detection_Picture\edges_metal60.jpg,metal
Edge_Detection_Picture\edges_glass425.jpg,glass
Edge_Detection_Picture\edges_plastic467.jpg,plastic
Edge_Detection_Picture\edges_paper575.jpg,paper
Edge_Detection_Picture\edges_plastic177.jpg,plastic
Edge_Detection_Picture\edges_cardboard393.jpg,cardboard
Edge_Detection_Picture\edges_paper268.jpg,paper
Edge_Detection_Picture\edges_paper137.jpg,paper
Edge_Detection_Picture\edges_paper327.jpg,paper
Edge_Detection_Picture\edges_plastic406.jpg,plastic
Edge_Detection_Picture\edges_paper523.jpg,paper
Edge_Detection_Picture\edges_paper180.jpg,paper
Edge_Detection_Picture\edges_glass368.jpg,glass
Edge_Detection_Picture\edges_plastic194.jpg,plastic
Edge_Detection_Picture\edges_cardboard285.jpg,cardboard
Edge_Detection_Picture\edges_glass235.jpg,glass
Edge_Detection_Picture\edges_metal120.jpg,metal
Edge_Detection_Picture\edges_metal287.jpg,metal
Edge_Detection_Picture\edges_plastic321.jpg,plastic
Edge_Detection_Picture\edges_metal179.jpg,metal
Edge_Detection_Picture\edges_cardboard97.jpg,cardboard
Edge_Detection_Picture\edges_trash15.jpg,trash
Edge_Detection_Picture\edges_plastic362.jpg,plastic
Edge_Detection_Picture\edges_cardboard397.jpg,cardboard
Edge_Detection_Picture\edges_cardboard191.jpg,cardboard
Edge_Detection_Picture\edges_paper457.jpg,paper
Edge_Detection_Picture\edges_metal269.jpg,metal
Edge_Detection_Picture\edges_paper578.jpg,paper
Edge_Detection_Picture\edges_plastic345.jpg,plastic
Edge_Detection_Picture\edges_trash54.jpg,trash
Edge_Detection_Picture\edges_trash48.jpg,trash
Edge_Detection_Picture\edges_glass221.jpg,glass
Edge_Detection_Picture\edges_paper459.jpg,paper
Edge_Detection_Picture\edges_paper573.jpg,paper
Edge_Detection_Picture\edges_paper103.jpg,paper
Edge_Detection_Picture\edges_metal59.jpg,metal
Edge_Detection_Picture\edges_metal93.jpg,metal
Edge_Detection_Picture\edges_cardboard91.jpg,cardboard
Edge_Detection_Picture\edges_glass145.jpg,glass
Edge_Detection_Picture\edges_plastic126.jpg,plastic
Edge_Detection_Picture\edges_cardboard287.jpg,cardboard
Edge_Detection_Picture\edges_glass17.jpg,glass
Edge_Detection_Picture\edges_metal86.jpg,metal
Edge_Detection_Picture\edges_trash115.jpg,trash
Edge_Detection_Picture\edges_paper320.jpg,paper
Edge_Detection_Picture\edges_metal304.jpg,metal
Edge_Detection_Picture\edges_paper498.jpg,paper
Edge_Detection_Picture\edges_cardboard401.jpg,cardboard
Edge_Detection_Picture\edges_paper518.jpg,paper
Edge_Detection_Picture\edges_glass423.jpg,glass
Edge_Detection_Picture\edges_trash118.jpg,trash
Edge_Detection_Picture\edges_plastic80.jpg,plastic
Edge_Detection_Picture\edges_metal212.jpg,metal
Edge_Detection_Picture\edges_paper162.jpg,paper
Edge_Detection_Picture\edges_trash96.jpg,trash
Edge_Detection_Picture\edges_metal23.jpg,metal
Edge_Detection_Picture\edges_metal10.jpg,metal
Edge_Detection_Picture\edges_glass313.jpg,glass
Edge_Detection_Picture\edges_plastic399.jpg,plastic
Edge_Detection_Picture\edges_cardboard26.jpg,cardboard
Edge_Detection_Picture\edges_paper198.jpg,paper
Edge_Detection_Picture\edges_cardboard354.jpg,cardboard
Edge_Detection_Picture\edges_cardboard387.jpg,cardboard
Edge_Detection_Picture\edges_metal222.jpg,metal
Edge_Detection_Picture\edges_glass181.jpg,glass
Edge_Detection_Picture\edges_trash92.jpg,trash
Edge_Detection_Picture\edges_cardboard157.jpg,cardboard
Edge_Detection_Picture\edges_paper49.jpg,paper
Edge_Detection_Picture\edges_plastic227.jpg,plastic
Edge_Detection_Picture\edges_plastic181.jpg,plastic
Edge_Detection_Picture\edges_plastic332.jpg,plastic
Edge_Detection_Picture\edges_cardboard90.jpg,cardboard
Edge_Detection_Picture\edges_trash18.jpg,trash
Edge_Detection_Picture\edges_plastic189.jpg,plastic
Edge_Detection_Picture\edges_metal317.jpg,metal
Edge_Detection_Picture\edges_metal233.jpg,metal
Edge_Detection_Picture\edges_paper272.jpg,paper
Edge_Detection_Picture\edges_paper314.jpg,paper
Edge_Detection_Picture\edges_glass289.jpg,glass
Edge_Detection_Picture\edges_glass255.jpg,glass
Edge_Detection_Picture\edges_glass126.jpg,glass
Edge_Detection_Picture\edges_metal180.jpg,metal
Edge_Detection_Picture\edges_paper582.jpg,paper
Edge_Detection_Picture\edges_paper167.jpg,paper
Edge_Detection_Picture\edges_plastic320.jpg,plastic
Edge_Detection_Picture\edges_plastic420.jpg,plastic
Edge_Detection_Picture\edges_plastic112.jpg,plastic
Edge_Detection_Picture\edges_plastic139.jpg,plastic
Edge_Detection_Picture\edges_cardboard292.jpg,cardboard
Edge_Detection_Picture\edges_paper308.jpg,paper
Edge_Detection_Picture\edges_metal231.jpg,metal
Edge_Detection_Picture\edges_cardboard380.jpg,cardboard
Edge_Detection_Picture\edges_cardboard99.jpg,cardboard
Edge_Detection_Picture\edges_cardboard172.jpg,cardboard
Edge_Detection_Picture\edges_glass500.jpg,glass
Edge_Detection_Picture\edges_metal214.jpg,metal
Edge_Detection_Picture\edges_metal126.jpg,metal
Edge_Detection_Picture\edges_glass227.jpg,glass
Edge_Detection_Picture\edges_paper267.jpg,paper
Edge_Detection_Picture\edges_glass378.jpg,glass
Edge_Detection_Picture\edges_metal191.jpg,metal
Edge_Detection_Picture\edges_glass220.jpg,glass
Edge_Detection_Picture\edges_metal39.jpg,metal
Edge_Detection_Picture\edges_paper205.jpg,paper
Edge_Detection_Picture\edges_cardboard339.jpg,cardboard
Edge_Detection_Picture\edges_glass156.jpg,glass
Edge_Detection_Picture\edges_plastic408.jpg,plastic
Edge_Detection_Picture\edges_cardboard70.jpg,cardboard
Edge_Detection_Picture\edges_cardboard228.jpg,cardboard
Edge_Detection_Picture\edges_metal329.jpg,metal
Edge_Detection_Picture\edges_glass309.jpg,glass
Edge_Detection_Picture\edges_cardboard135.jpg,cardboard
Edge_Detection_Picture\edges_cardboard114.jpg,cardboard
Edge_Detection_Picture\edges_glass89.jpg,glass
Edge_Detection_Picture\edges_paper311.jpg,paper
Edge_Detection_Picture\edges_paper120.jpg,paper
Edge_Detection_Picture\edges_cardboard18.jpg,cardboard
Edge_Detection_Picture\edges_glass372.jpg,glass
Edge_Detection_Picture\edges_metal330.jpg,metal
Edge_Detection_Picture\edges_paper230.jpg,paper
Edge_Detection_Picture\edges_cardboard104.jpg,cardboard
Edge_Detection_Picture\edges_paper211.jpg,paper
Edge_Detection_Picture\edges_paper371.jpg,paper
Edge_Detection_Picture\edges_glass436.jpg,glass
Edge_Detection_Picture\edges_glass176.jpg,glass
Edge_Detection_Picture\edges_cardboard221.jpg,cardboard
Edge_Detection_Picture\edges_plastic108.jpg,plastic
Edge_Detection_Picture\edges_paper312.jpg,paper
Edge_Detection_Picture\edges_cardboard388.jpg,cardboard
Edge_Detection_Picture\edges_paper13.jpg,paper
Edge_Detection_Picture\edges_glass184.jpg,glass
Edge_Detection_Picture\edges_trash69.jpg,trash
Edge_Detection_Picture\edges_glass490.jpg,glass
Edge_Detection_Picture\edges_plastic259.jpg,plastic
Edge_Detection_Picture\edges_plastic367.jpg,plastic
Edge_Detection_Picture\edges_metal38.jpg,metal
Edge_Detection_Picture\edges_plastic303.jpg,plastic
Edge_Detection_Picture\edges_metal364.jpg,metal
Edge_Detection_Picture\edges_plastic385.jpg,plastic
Edge_Detection_Picture\edges_metal108.jpg,metal
Edge_Detection_Picture\edges_glass433.jpg,glass
Edge_Detection_Picture\edges_glass424.jpg,glass
Edge_Detection_Picture\edges_paper231.jpg,paper
Edge_Detection_Picture\edges_plastic223.jpg,plastic
Edge_Detection_Picture\edges_plastic128.jpg,plastic
Edge_Detection_Picture\edges_cardboard188.jpg,cardboard
Edge_Detection_Picture\edges_metal175.jpg,metal
Edge_Detection_Picture\edges_glass320.jpg,glass
Edge_Detection_Picture\edges_metal297.jpg,metal
Edge_Detection_Picture\edges_metal262.jpg,metal
Edge_Detection_Picture\edges_cardboard163.jpg,cardboard
Edge_Detection_Picture\edges_metal61.jpg,metal
Edge_Detection_Picture\edges_glass375.jpg,glass
Edge_Detection_Picture\edges_paper173.jpg,paper
Edge_Detection_Picture\edges_glass116.jpg,glass
Edge_Detection_Picture\edges_plastic295.jpg,plastic
Edge_Detection_Picture\edges_plastic237.jpg,plastic
Edge_Detection_Picture\edges_cardboard106.jpg,cardboard
Edge_Detection_Picture\edges_cardboard205.jpg,cardboard
Edge_Detection_Picture\edges_plastic278.jpg,plastic
Edge_Detection_Picture\edges_cardboard253.jpg,cardboard
Edge_Detection_Picture\edges_paper391.jpg,paper
Edge_Detection_Picture\edges_metal392.jpg,metal
Edge_Detection_Picture\edges_metal129.jpg,metal
Edge_Detection_Picture\edges_paper467.jpg,paper
Edge_Detection_Picture\edges_glass131.jpg,glass
Edge_Detection_Picture\edges_plastic275.jpg,plastic
Edge_Detection_Picture\edges_metal48.jpg,metal
Edge_Detection_Picture\edges_plastic312.jpg,plastic
Edge_Detection_Picture\edges_glass359.jpg,glass
Edge_Detection_Picture\edges_glass68.jpg,glass
Edge_Detection_Picture\edges_paper105.jpg,paper
Edge_Detection_Picture\edges_glass398.jpg,glass
Edge_Detection_Picture\edges_paper456.jpg,paper
Edge_Detection_Picture\edges_cardboard376.jpg,cardboard
Edge_Detection_Picture\edges_cardboard28.jpg,cardboard
Edge_Detection_Picture\edges_cardboard222.jpg,cardboard
Edge_Detection_Picture\edges_glass409.jpg,glass
Edge_Detection_Picture\edges_glass9.jpg,glass
Edge_Detection_Picture\edges_plastic274.jpg,plastic
Edge_Detection_Picture\edges_glass499.jpg,glass
Edge_Detection_Picture\edges_paper330.jpg,paper
Edge_Detection_Picture\edges_paper329.jpg,paper
Edge_Detection_Picture\edges_glass383.jpg,glass
Edge_Detection_Picture\edges_cardboard250.jpg,cardboard
Edge_Detection_Picture\edges_cardboard57.jpg,cardboard
Edge_Detection_Picture\edges_cardboard144.jpg,cardboard
Edge_Detection_Picture\edges_plastic482.jpg,plastic
Edge_Detection_Picture\edges_metal237.jpg,metal
Edge_Detection_Picture\edges_plastic298.jpg,plastic
Edge_Detection_Picture\edges_glass346.jpg,glass
Edge_Detection_Picture\edges_paper509.jpg,paper
Edge_Detection_Picture\edges_plastic50.jpg,plastic
Edge_Detection_Picture\edges_cardboard85.jpg,cardboard
Edge_Detection_Picture\edges_glass473.jpg,glass
Edge_Detection_Picture\edges_paper202.jpg,paper
Edge_Detection_Picture\edges_paper532.jpg,paper
Edge_Detection_Picture\edges_metal295.jpg,metal
Edge_Detection_Picture\edges_metal255.jpg,metal
Edge_Detection_Picture\edges_cardboard166.jpg,cardboard
Edge_Detection_Picture\edges_paper295.jpg,paper
Edge_Detection_Picture\edges_cardboard328.jpg,cardboard
Edge_Detection_Picture\edges_paper538.jpg,paper
Edge_Detection_Picture\edges_paper107.jpg,paper
Edge_Detection_Picture\edges_paper54.jpg,paper
Edge_Detection_Picture\edges_glass132.jpg,glass
Edge_Detection_Picture\edges_paper474.jpg,paper
Edge_Detection_Picture\edges_paper219.jpg,paper
Edge_Detection_Picture\edges_paper226.jpg,paper
Edge_Detection_Picture\edges_cardboard147.jpg,cardboard
Edge_Detection_Picture\edges_trash113.jpg,trash
Edge_Detection_Picture\edges_metal203.jpg,metal
Edge_Detection_Picture\edges_glass19.jpg,glass
Edge_Detection_Picture\edges_metal393.jpg,metal
Edge_Detection_Picture\edges_paper178.jpg,paper
Edge_Detection_Picture\edges_plastic396.jpg,plastic
Edge_Detection_Picture\edges_paper390.jpg,paper
Edge_Detection_Picture\edges_trash100.jpg,trash
Edge_Detection_Picture\edges_paper27.jpg,paper
Edge_Detection_Picture\edges_paper131.jpg,paper
Edge_Detection_Picture\edges_glass163.jpg,glass
Edge_Detection_Picture\edges_paper171.jpg,paper
Edge_Detection_Picture\edges_plastic242.jpg,plastic
Edge_Detection_Picture\edges_paper381.jpg,paper
Edge_Detection_Picture\edges_metal279.jpg,metal
Edge_Detection_Picture\edges_glass153.jpg,glass
Edge_Detection_Picture\edges_cardboard42.jpg,cardboard
Edge_Detection_Picture\edges_plastic64.jpg,plastic
Edge_Detection_Picture\edges_cardboard66.jpg,cardboard
Edge_Detection_Picture\edges_glass67.jpg,glass
Edge_Detection_Picture\edges_cardboard212.jpg,cardboard
Edge_Detection_Picture\edges_plastic45.jpg,plastic
Edge_Detection_Picture\edges_cardboard113.jpg,cardboard
Edge_Detection_Picture\edges_paper431.jpg,paper
Edge_Detection_Picture\edges_paper449.jpg,paper
Edge_Detection_Picture\edges_paper301.jpg,paper
Edge_Detection_Picture\edges_paper170.jpg,paper
Edge_Detection_Picture\edges_plastic151.jpg,plastic
Edge_Detection_Picture\edges_metal43.jpg,metal
Edge_Detection_Picture\edges_paper511.jpg,paper
Edge_Detection_Picture\edges_trash93.jpg,trash
Edge_Detection_Picture\edges_metal166.jpg,metal
Edge_Detection_Picture\edges_glass324.jpg,glass
Edge_Detection_Picture\edges_metal149.jpg,metal
Edge_Detection_Picture\edges_plastic55.jpg,plastic
Edge_Detection_Picture\edges_glass59.jpg,glass
Edge_Detection_Picture\edges_metal344.jpg,metal
Edge_Detection_Picture\edges_plastic326.jpg,plastic
Edge_Detection_Picture\edges_paper201.jpg,paper
Edge_Detection_Picture\edges_glass278.jpg,glass
Edge_Detection_Picture\edges_plastic413.jpg,plastic
Edge_Detection_Picture\edges_paper6.jpg,paper
Edge_Detection_Picture\edges_metal319.jpg,metal
Edge_Detection_Picture\edges_paper196.jpg,paper
Edge_Detection_Picture\edges_glass16.jpg,glass
Edge_Detection_Picture\edges_metal408.jpg,metal
Edge_Detection_Picture\edges_plastic224.jpg,plastic
Edge_Detection_Picture\edges_paper65.jpg,paper
Edge_Detection_Picture\edges_metal6.jpg,metal
Edge_Detection_Picture\edges_metal328.jpg,metal
Edge_Detection_Picture\edges_paper154.jpg,paper
Edge_Detection_Picture\edges_plastic77.jpg,plastic
Edge_Detection_Picture\edges_paper375.jpg,paper
Edge_Detection_Picture\edges_paper356.jpg,paper
Edge_Detection_Picture\edges_cardboard15.jpg,cardboard
Edge_Detection_Picture\edges_metal335.jpg,metal
Edge_Detection_Picture\edges_glass312.jpg,glass
Edge_Detection_Picture\edges_glass273.jpg,glass
Edge_Detection_Picture\edges_glass459.jpg,glass
Edge_Detection_Picture\edges_metal224.jpg,metal
Edge_Detection_Picture\edges_glass33.jpg,glass
Edge_Detection_Picture\edges_metal164.jpg,metal
Edge_Detection_Picture\edges_cardboard299.jpg,cardboard
Edge_Detection_Picture\edges_plastic373.jpg,plastic
Edge_Detection_Picture\edges_paper227.jpg,paper
Edge_Detection_Picture\edges_paper313.jpg,paper
Edge_Detection_Picture\edges_metal311.jpg,metal
Edge_Detection_Picture\edges_plastic417.jpg,plastic
Edge_Detection_Picture\edges_glass219.jpg,glass
Edge_Detection_Picture\edges_plastic465.jpg,plastic
Edge_Detection_Picture\edges_cardboard320.jpg,cardboard
Edge_Detection_Picture\edges_plastic124.jpg,plastic
Edge_Detection_Picture\edges_metal49.jpg,metal
Edge_Detection_Picture\edges_cardboard252.jpg,cardboard
Edge_Detection_Picture\edges_paper215.jpg,paper
Edge_Detection_Picture\edges_trash126.jpg,trash
Edge_Detection_Picture\edges_metal19.jpg,metal
Edge_Detection_Picture\edges_glass298.jpg,glass
Edge_Detection_Picture\edges_cardboard76.jpg,cardboard
Edge_Detection_Picture\edges_plastic17.jpg,plastic
Edge_Detection_Picture\edges_plastic70.jpg,plastic
Edge_Detection_Picture\edges_glass154.jpg,glass
Edge_Detection_Picture\edges_glass77.jpg,glass
Edge_Detection_Picture\edges_glass196.jpg,glass
Edge_Detection_Picture\edges_metal336.jpg,metal
Edge_Detection_Picture\edges_paper444.jpg,paper
Edge_Detection_Picture\edges_cardboard179.jpg,cardboard
Edge_Detection_Picture\edges_plastic314.jpg,plastic
Edge_Detection_Picture\edges_glass21.jpg,glass
Edge_Detection_Picture\edges_metal159.jpg,metal
Edge_Detection_Picture\edges_glass407.jpg,glass
Edge_Detection_Picture\edges_paper52.jpg,paper
Edge_Detection_Picture\edges_glass328.jpg,glass
Edge_Detection_Picture\edges_glass384.jpg,glass
Edge_Detection_Picture\edges_paper17.jpg,paper
Edge_Detection_Picture\edges_paper40.jpg,paper
Edge_Detection_Picture\edges_glass430.jpg,glass
Edge_Detection_Picture\edges_glass229.jpg,glass
Edge_Detection_Picture\edges_plastic438.jpg,plastic
Edge_Detection_Picture\edges_trash116.jpg,trash
Edge_Detection_Picture\edges_plastic153.jpg,plastic
Edge_Detection_Picture\edges_cardboard251.jpg,cardboard
Edge_Detection_Picture\edges_metal142.jpg,metal
Edge_Detection_Picture\edges_glass495.jpg,glass
Edge_Detection_Picture\edges_paper382.jpg,paper
Edge_Detection_Picture\edges_glass8.jpg,glass
Edge_Detection_Picture\edges_paper383.jpg,paper
Edge_Detection_Picture\edges_plastic307.jpg,plastic
Edge_Detection_Picture\edges_metal73.jpg,metal
Edge_Detection_Picture\edges_plastic81.jpg,plastic
Edge_Detection_Picture\edges_paper334.jpg,paper
Edge_Detection_Picture\edges_paper26.jpg,paper
Edge_Detection_Picture\edges_glass118.jpg,glass
Edge_Detection_Picture\edges_plastic284.jpg,plastic
Edge_Detection_Picture\edges_metal342.jpg,metal
Edge_Detection_Picture\edges_plastic461.jpg,plastic
Edge_Detection_Picture\edges_metal243.jpg,metal
Edge_Detection_Picture\edges_cardboard343.jpg,cardboard
Edge_Detection_Picture\edges_metal395.jpg,metal
Edge_Detection_Picture\edges_plastic441.jpg,plastic
Edge_Detection_Picture\edges_metal405.jpg,metal
Edge_Detection_Picture\edges_plastic168.jpg,plastic
Edge_Detection_Picture\edges_paper433.jpg,paper
Edge_Detection_Picture\edges_metal272.jpg,metal
Edge_Detection_Picture\edges_paper212.jpg,paper
Edge_Detection_Picture\edges_plastic381.jpg,plastic
Edge_Detection_Picture\edges_paper463.jpg,paper
Edge_Detection_Picture\edges_cardboard307.jpg,cardboard
Edge_Detection_Picture\edges_plastic329.jpg,plastic
Edge_Detection_Picture\edges_glass413.jpg,glass
Edge_Detection_Picture\edges_paper92.jpg,paper
Edge_Detection_Picture\edges_paper191.jpg,paper
Edge_Detection_Picture\edges_paper37.jpg,paper
Edge_Detection_Picture\edges_metal289.jpg,metal
Edge_Detection_Picture\edges_paper296.jpg,paper
Edge_Detection_Picture\edges_plastic391.jpg,plastic
Edge_Detection_Picture\edges_paper527.jpg,paper
Edge_Detection_Picture\edges_metal198.jpg,metal
Edge_Detection_Picture\edges_paper500.jpg,paper
Edge_Detection_Picture\edges_metal34.jpg,metal
Edge_Detection_Picture\edges_trash24.jpg,trash
Edge_Detection_Picture\edges_plastic16.jpg,plastic
Edge_Detection_Picture\edges_paper394.jpg,paper
Edge_Detection_Picture\edges_plastic170.jpg,plastic
Edge_Detection_Picture\edges_trash108.jpg,trash
Edge_Detection_Picture\edges_paper409.jpg,paper
Edge_Detection_Picture\edges_paper21.jpg,paper
Edge_Detection_Picture\edges_glass262.jpg,glass
Edge_Detection_Picture\edges_paper281.jpg,paper
Edge_Detection_Picture\edges_plastic232.jpg,plastic
Edge_Detection_Picture\edges_glass5.jpg,glass
Edge_Detection_Picture\edges_paper424.jpg,paper
Edge_Detection_Picture\edges_cardboard108.jpg,cardboard
Edge_Detection_Picture\edges_cardboard226.jpg,cardboard
Edge_Detection_Picture\edges_trash56.jpg,trash
Edge_Detection_Picture\edges_paper421.jpg,paper
Edge_Detection_Picture\edges_plastic47.jpg,plastic
Edge_Detection_Picture\edges_trash122.jpg,trash
Edge_Detection_Picture\edges_metal188.jpg,metal
Edge_Detection_Picture\edges_paper496.jpg,paper
Edge_Detection_Picture\edges_cardboard283.jpg,cardboard
Edge_Detection_Picture\edges_cardboard346.jpg,cardboard
Edge_Detection_Picture\edges_glass222.jpg,glass
Edge_Detection_Picture\edges_glass29.jpg,glass
Edge_Detection_Picture\edges_glass64.jpg,glass
Edge_Detection_Picture\edges_plastic447.jpg,plastic
Edge_Detection_Picture\edges_metal53.jpg,metal
Edge_Detection_Picture\edges_plastic63.jpg,plastic
Edge_Detection_Picture\edges_paper38.jpg,paper
Edge_Detection_Picture\edges_cardboard77.jpg,cardboard
Edge_Detection_Picture\edges_plastic200.jpg,plastic
Edge_Detection_Picture\edges_plastic277.jpg,plastic
Edge_Detection_Picture\edges_paper358.jpg,paper
Edge_Detection_Picture\edges_trash40.jpg,trash
Edge_Detection_Picture\edges_plastic270.jpg,plastic
Edge_Detection_Picture\edges_cardboard64.jpg,cardboard
Edge_Detection_Picture\edges_glass422.jpg,glass
Edge_Detection_Picture\edges_metal33.jpg,metal
Edge_Detection_Picture\edges_cardboard36.jpg,cardboard
Edge_Detection_Picture\edges_paper572.jpg,paper
Edge_Detection_Picture\edges_paper220.jpg,paper
Edge_Detection_Picture\edges_cardboard92.jpg,cardboard
Edge_Detection_Picture\edges_paper41.jpg,paper
Edge_Detection_Picture\edges_metal270.jpg,metal
Edge_Detection_Picture\edges_plastic470.jpg,plastic
Edge_Detection_Picture\edges_glass78.jpg,glass
Edge_Detection_Picture\edges_trash78.jpg,trash
Edge_Detection_Picture\edges_cardboard361.jpg,cardboard
Edge_Detection_Picture\edges_glass334.jpg,glass
Edge_Detection_Picture\edges_cardboard47.jpg,cardboard
Edge_Detection_Picture\edges_cardboard83.jpg,cardboard
Edge_Detection_Picture\edges_plastic353.jpg,plastic
Edge_Detection_Picture\edges_paper452.jpg,paper
Edge_Detection_Picture\edges_glass25.jpg,glass
Edge_Detection_Picture\edges_glass308.jpg,glass
Edge_Detection_Picture\edges_glass58.jpg,glass
Edge_Detection_Picture\edges_trash20.jpg,trash
Edge_Detection_Picture\edges_plastic122.jpg,plastic
Edge_Detection_Picture\edges_plastic247.jpg,plastic
Edge_Detection_Picture\edges_paper143.jpg,paper
Edge_Detection_Picture\edges_paper187.jpg,paper
Edge_Detection_Picture\edges_plastic121.jpg,plastic
Edge_Detection_Picture\edges_glass447.jpg,glass
Edge_Detection_Picture\edges_paper279.jpg,paper
Edge_Detection_Picture\edges_trash83.jpg,trash
Edge_Detection_Picture\edges_glass415.jpg,glass
Edge_Detection_Picture\edges_plastic422.jpg,plastic
Edge_Detection_Picture\edges_glass437.jpg,glass
Edge_Detection_Picture\edges_glass208.jpg,glass
Edge_Detection_Picture\edges_metal89.jpg,metal
Edge_Detection_Picture\edges_paper258.jpg,paper
Edge_Detection_Picture\edges_paper526.jpg,paper
Edge_Detection_Picture\edges_plastic359.jpg,plastic
Edge_Detection_Picture\edges_plastic366.jpg,plastic
Edge_Detection_Picture\edges_cardboard35.jpg,cardboard
Edge_Detection_Picture\edges_cardboard138.jpg,cardboard
Edge_Detection_Picture\edges_metal81.jpg,metal
Edge_Detection_Picture\edges_cardboard266.jpg,cardboard
Edge_Detection_Picture\edges_glass305.jpg,glass
Edge_Detection_Picture\edges_glass400.jpg,glass
Edge_Detection_Picture\edges_metal2.jpg,metal
Edge_Detection_Picture\edges_plastic409.jpg,plastic
Edge_Detection_Picture\edges_cardboard20.jpg,cardboard
Edge_Detection_Picture\edges_plastic219.jpg,plastic
Edge_Detection_Picture\edges_plastic8.jpg,plastic
Edge_Detection_Picture\edges_cardboard107.jpg,cardboard
Edge_Detection_Picture\edges_paper48.jpg,paper
Edge_Detection_Picture\edges_trash134.jpg,trash
