imgPath,label
Gaussian_Blured_Pictures\blurred_paper214.jpg,paper
Gaussian_Blured_Pictures\blurred_cardboard365.jpg,cardboard
Gaussian_Blured_Pictures\blurred_paper353.jpg,paper
Gaussian_Blured_Pictures\blurred_cardboard219.jpg,cardboard
Gaussian_Blured_Pictures\blurred_metal123.jpg,metal
Gaussian_Blured_Pictures\blurred_metal401.jpg,metal
Gaussian_Blured_Pictures\blurred_paper232.jpg,paper
Gaussian_Blured_Pictures\blurred_trash11.jpg,trash
Gaussian_Blured_Pictures\blurred_metal271.jpg,metal
Gaussian_Blured_Pictures\blurred_glass228.jpg,glass
Gaussian_Blured_Pictures\blurred_plastic477.jpg,plastic
Gaussian_Blured_Pictures\blurred_glass117.jpg,glass
Gaussian_Blured_Pictures\blurred_metal288.jpg,metal
Gaussian_Blured_Pictures\blurred_glass348.jpg,glass
Gaussian_Blured_Pictures\blurred_plastic310.jpg,plastic
Gaussian_Blured_Pictures\blurred_paper440.jpg,paper
Gaussian_Blured_Pictures\blurred_plastic20.jpg,plastic
Gaussian_Blured_Pictures\blurred_plastic212.jpg,plastic
Gaussian_Blured_Pictures\blurred_metal165.jpg,metal
Gaussian_Blured_Pictures\blurred_paper72.jpg,paper
Gaussian_Blured_Pictures\blurred_plastic392.jpg,plastic
Gaussian_Blured_Pictures\blurred_metal258.jpg,metal
Gaussian_Blured_Pictures\blurred_metal18.jpg,metal
Gaussian_Blured_Pictures\blurred_trash74.jpg,trash
Gaussian_Blured_Pictures\blurred_paper447.jpg,paper
Gaussian_Blured_Pictures\blurred_paper524.jpg,paper
Gaussian_Blured_Pictures\blurred_cardboard276.jpg,cardboard
Gaussian_Blured_Pictures\blurred_paper413.jpg,paper
Gaussian_Blured_Pictures\blurred_plastic395.jpg,plastic
Gaussian_Blured_Pictures\blurred_glass432.jpg,glass
Gaussian_Blured_Pictures\blurred_glass26.jpg,glass
Gaussian_Blured_Pictures\blurred_glass32.jpg,glass
Gaussian_Blured_Pictures\blurred_glass253.jpg,glass
Gaussian_Blured_Pictures\blurred_paper344.jpg,paper
Gaussian_Blured_Pictures\blurred_glass358.jpg,glass
Gaussian_Blured_Pictures\blurred_metal263.jpg,metal
Gaussian_Blured_Pictures\blurred_paper448.jpg,paper
Gaussian_Blured_Pictures\blurred_plastic229.jpg,plastic
Gaussian_Blured_Pictures\blurred_glass177.jpg,glass
Gaussian_Blured_Pictures\blurred_cardboard301.jpg,cardboard
Gaussian_Blured_Pictures\blurred_paper497.jpg,paper
Gaussian_Blured_Pictures\blurred_plastic191.jpg,plastic
Gaussian_Blured_Pictures\blurred_cardboard338.jpg,cardboard
Gaussian_Blured_Pictures\blurred_paper539.jpg,paper
Gaussian_Blured_Pictures\blurred_cardboard325.jpg,cardboard
Gaussian_Blured_Pictures\blurred_cardboard315.jpg,cardboard
Gaussian_Blured_Pictures\blurred_plastic52.jpg,plastic
Gaussian_Blured_Pictures\blurred_metal246.jpg,metal
Gaussian_Blured_Pictures\blurred_paper46.jpg,paper
Gaussian_Blured_Pictures\blurred_cardboard54.jpg,cardboard
Gaussian_Blured_Pictures\blurred_paper76.jpg,paper
Gaussian_Blured_Pictures\blurred_glass7.jpg,glass
Gaussian_Blured_Pictures\blurred_plastic97.jpg,plastic
Gaussian_Blured_Pictures\blurred_plastic346.jpg,plastic
Gaussian_Blured_Pictures\blurred_glass169.jpg,glass
Gaussian_Blured_Pictures\blurred_glass286.jpg,glass
Gaussian_Blured_Pictures\blurred_metal377.jpg,metal
Gaussian_Blured_Pictures\blurred_cardboard171.jpg,cardboard
Gaussian_Blured_Pictures\blurred_cardboard314.jpg,cardboard
Gaussian_Blured_Pictures\blurred_paper208.jpg,paper
Gaussian_Blured_Pictures\blurred_glass396.jpg,glass
Gaussian_Blured_Pictures\blurred_paper194.jpg,paper
Gaussian_Blured_Pictures\blurred_paper345.jpg,paper
Gaussian_Blured_Pictures\blurred_plastic60.jpg,plastic
Gaussian_Blured_Pictures\blurred_plastic36.jpg,plastic
Gaussian_Blured_Pictures\blurred_plastic206.jpg,plastic
Gaussian_Blured_Pictures\blurred_glass494.jpg,glass
Gaussian_Blured_Pictures\blurred_cardboard5.jpg,cardboard
Gaussian_Blured_Pictures\blurred_glass482.jpg,glass
Gaussian_Blured_Pictures\blurred_glass497.jpg,glass
Gaussian_Blured_Pictures\blurred_paper218.jpg,paper
Gaussian_Blured_Pictures\blurred_plastic217.jpg,plastic
Gaussian_Blured_Pictures\blurred_metal347.jpg,metal
Gaussian_Blured_Pictures\blurred_paper55.jpg,paper
Gaussian_Blured_Pictures\blurred_plastic249.jpg,plastic
Gaussian_Blured_Pictures\blurred_paper251.jpg,paper
Gaussian_Blured_Pictures\blurred_metal62.jpg,metal
Gaussian_Blured_Pictures\blurred_metal252.jpg,metal
Gaussian_Blured_Pictures\blurred_metal9.jpg,metal
Gaussian_Blured_Pictures\blurred_glass477.jpg,glass
Gaussian_Blured_Pictures\blurred_glass297.jpg,glass
Gaussian_Blured_Pictures\blurred_cardboard109.jpg,cardboard
Gaussian_Blured_Pictures\blurred_trash13.jpg,trash
Gaussian_Blured_Pictures\blurred_paper125.jpg,paper
Gaussian_Blured_Pictures\blurred_plastic268.jpg,plastic
Gaussian_Blured_Pictures\blurred_plastic26.jpg,plastic
Gaussian_Blured_Pictures\blurred_paper161.jpg,paper
Gaussian_Blured_Pictures\blurred_metal28.jpg,metal
Gaussian_Blured_Pictures\blurred_plastic117.jpg,plastic
Gaussian_Blured_Pictures\blurred_glass232.jpg,glass
Gaussian_Blured_Pictures\blurred_cardboard25.jpg,cardboard
Gaussian_Blured_Pictures\blurred_paper442.jpg,paper
Gaussian_Blured_Pictures\blurred_paper249.jpg,paper
Gaussian_Blured_Pictures\blurred_glass389.jpg,glass
Gaussian_Blured_Pictures\blurred_glass257.jpg,glass
Gaussian_Blured_Pictures\blurred_plastic211.jpg,plastic
Gaussian_Blured_Pictures\blurred_plastic213.jpg,plastic
Gaussian_Blured_Pictures\blurred_cardboard259.jpg,cardboard
Gaussian_Blured_Pictures\blurred_cardboard255.jpg,cardboard
Gaussian_Blured_Pictures\blurred_cardboard136.jpg,cardboard
Gaussian_Blured_Pictures\blurred_glass498.jpg,glass
Gaussian_Blured_Pictures\blurred_plastic424.jpg,plastic
Gaussian_Blured_Pictures\blurred_cardboard220.jpg,cardboard
Gaussian_Blured_Pictures\blurred_glass50.jpg,glass
Gaussian_Blured_Pictures\blurred_cardboard323.jpg,cardboard
Gaussian_Blured_Pictures\blurred_cardboard375.jpg,cardboard
Gaussian_Blured_Pictures\blurred_paper367.jpg,paper
Gaussian_Blured_Pictures\blurred_glass321.jpg,glass
Gaussian_Blured_Pictures\blurred_plastic197.jpg,plastic
Gaussian_Blured_Pictures\blurred_cardboard193.jpg,cardboard
Gaussian_Blured_Pictures\blurred_paper304.jpg,paper
Gaussian_Blured_Pictures\blurred_paper179.jpg,paper
Gaussian_Blured_Pictures\blurred_metal136.jpg,metal
Gaussian_Blured_Pictures\blurred_trash125.jpg,trash
Gaussian_Blured_Pictures\blurred_paper141.jpg,paper
Gaussian_Blured_Pictures\blurred_metal16.jpg,metal
Gaussian_Blured_Pictures\blurred_glass310.jpg,glass
Gaussian_Blured_Pictures\blurred_plastic336.jpg,plastic
Gaussian_Blured_Pictures\blurred_cardboard310.jpg,cardboard
Gaussian_Blured_Pictures\blurred_plastic116.jpg,plastic
Gaussian_Blured_Pictures\blurred_glass446.jpg,glass
Gaussian_Blured_Pictures\blurred_paper422.jpg,paper
Gaussian_Blured_Pictures\blurred_glass245.jpg,glass
Gaussian_Blured_Pictures\blurred_cardboard302.jpg,cardboard
Gaussian_Blured_Pictures\blurred_plastic261.jpg,plastic
Gaussian_Blured_Pictures\blurred_paper39.jpg,paper
Gaussian_Blured_Pictures\blurred_glass210.jpg,glass
Gaussian_Blured_Pictures\blurred_paper45.jpg,paper
Gaussian_Blured_Pictures\blurred_glass226.jpg,glass
Gaussian_Blured_Pictures\blurred_paper59.jpg,paper
Gaussian_Blured_Pictures\blurred_metal196.jpg,metal
Gaussian_Blured_Pictures\blurred_trash128.jpg,trash
Gaussian_Blured_Pictures\blurred_paper339.jpg,paper
Gaussian_Blured_Pictures\blurred_glass57.jpg,glass
Gaussian_Blured_Pictures\blurred_plastic239.jpg,plastic
Gaussian_Blured_Pictures\blurred_paper458.jpg,paper
Gaussian_Blured_Pictures\blurred_cardboard322.jpg,cardboard
Gaussian_Blured_Pictures\blurred_metal225.jpg,metal
Gaussian_Blured_Pictures\blurred_metal314.jpg,metal
Gaussian_Blured_Pictures\blurred_trash97.jpg,trash
Gaussian_Blured_Pictures\blurred_paper14.jpg,paper
Gaussian_Blured_Pictures\blurred_cardboard127.jpg,cardboard
Gaussian_Blured_Pictures\blurred_plastic72.jpg,plastic
Gaussian_Blured_Pictures\blurred_plastic46.jpg,plastic
Gaussian_Blured_Pictures\blurred_cardboard1.jpg,cardboard
Gaussian_Blured_Pictures\blurred_plastic471.jpg,plastic
Gaussian_Blured_Pictures\blurred_glass271.jpg,glass
Gaussian_Blured_Pictures\blurred_glass38.jpg,glass
Gaussian_Blured_Pictures\blurred_cardboard223.jpg,cardboard
Gaussian_Blured_Pictures\blurred_plastic175.jpg,plastic
Gaussian_Blured_Pictures\blurred_glass99.jpg,glass
Gaussian_Blured_Pictures\blurred_paper352.jpg,paper
Gaussian_Blured_Pictures\blurred_plastic388.jpg,plastic
Gaussian_Blured_Pictures\blurred_cardboard94.jpg,cardboard
Gaussian_Blured_Pictures\blurred_glass405.jpg,glass
Gaussian_Blured_Pictures\blurred_plastic202.jpg,plastic
Gaussian_Blured_Pictures\blurred_glass427.jpg,glass
Gaussian_Blured_Pictures\blurred_paper175.jpg,paper
Gaussian_Blured_Pictures\blurred_cardboard203.jpg,cardboard
Gaussian_Blured_Pictures\blurred_cardboard392.jpg,cardboard
Gaussian_Blured_Pictures\blurred_paper33.jpg,paper
Gaussian_Blured_Pictures\blurred_paper310.jpg,paper
Gaussian_Blured_Pictures\blurred_cardboard141.jpg,cardboard
Gaussian_Blured_Pictures\blurred_metal68.jpg,metal
Gaussian_Blured_Pictures\blurred_trash132.jpg,trash
Gaussian_Blured_Pictures\blurred_paper333.jpg,paper
Gaussian_Blured_Pictures\blurred_plastic405.jpg,plastic
Gaussian_Blured_Pictures\blurred_trash73.jpg,trash
Gaussian_Blured_Pictures\blurred_metal373.jpg,metal
Gaussian_Blured_Pictures\blurred_glass53.jpg,glass
Gaussian_Blured_Pictures\blurred_paper108.jpg,paper
Gaussian_Blured_Pictures\blurred_paper494.jpg,paper
Gaussian_Blured_Pictures\blurred_metal275.jpg,metal
Gaussian_Blured_Pictures\blurred_cardboard186.jpg,cardboard
Gaussian_Blured_Pictures\blurred_cardboard33.jpg,cardboard
Gaussian_Blured_Pictures\blurred_cardboard371.jpg,cardboard
Gaussian_Blured_Pictures\blurred_plastic317.jpg,plastic
Gaussian_Blured_Pictures\blurred_plastic180.jpg,plastic
Gaussian_Blured_Pictures\blurred_cardboard236.jpg,cardboard
Gaussian_Blured_Pictures\blurred_plastic118.jpg,plastic
Gaussian_Blured_Pictures\blurred_cardboard169.jpg,cardboard
Gaussian_Blured_Pictures\blurred_paper574.jpg,paper
Gaussian_Blured_Pictures\blurred_plastic61.jpg,plastic
Gaussian_Blured_Pictures\blurred_metal112.jpg,metal
Gaussian_Blured_Pictures\blurred_metal241.jpg,metal
Gaussian_Blured_Pictures\blurred_glass173.jpg,glass
Gaussian_Blured_Pictures\blurred_paper335.jpg,paper
Gaussian_Blured_Pictures\blurred_plastic426.jpg,plastic
Gaussian_Blured_Pictures\blurred_paper477.jpg,paper
Gaussian_Blured_Pictures\blurred_cardboard390.jpg,cardboard
Gaussian_Blured_Pictures\blurred_metal74.jpg,metal
Gaussian_Blured_Pictures\blurred_trash87.jpg,trash
Gaussian_Blured_Pictures\blurred_glass426.jpg,glass
Gaussian_Blured_Pictures\blurred_paper423.jpg,paper
Gaussian_Blured_Pictures\blurred_glass2.jpg,glass
Gaussian_Blured_Pictures\blurred_glass336.jpg,glass
Gaussian_Blured_Pictures\blurred_cardboard22.jpg,cardboard
Gaussian_Blured_Pictures\blurred_paper264.jpg,paper
Gaussian_Blured_Pictures\blurred_trash79.jpg,trash
Gaussian_Blured_Pictures\blurred_plastic186.jpg,plastic
Gaussian_Blured_Pictures\blurred_cardboard152.jpg,cardboard
Gaussian_Blured_Pictures\blurred_trash32.jpg,trash
Gaussian_Blured_Pictures\blurred_cardboard249.jpg,cardboard
Gaussian_Blured_Pictures\blurred_glass166.jpg,glass
Gaussian_Blured_Pictures\blurred_paper204.jpg,paper
Gaussian_Blured_Pictures\blurred_trash136.jpg,trash
Gaussian_Blured_Pictures\blurred_glass81.jpg,glass
Gaussian_Blured_Pictures\blurred_paper123.jpg,paper
Gaussian_Blured_Pictures\blurred_metal147.jpg,metal
Gaussian_Blured_Pictures\blurred_paper50.jpg,paper
Gaussian_Blured_Pictures\blurred_glass136.jpg,glass
Gaussian_Blured_Pictures\blurred_plastic316.jpg,plastic
Gaussian_Blured_Pictures\blurred_plastic218.jpg,plastic
Gaussian_Blured_Pictures\blurred_plastic67.jpg,plastic
Gaussian_Blured_Pictures\blurred_glass292.jpg,glass
Gaussian_Blured_Pictures\blurred_plastic444.jpg,plastic
Gaussian_Blured_Pictures\blurred_glass277.jpg,glass
Gaussian_Blured_Pictures\blurred_paper387.jpg,paper
Gaussian_Blured_Pictures\blurred_plastic38.jpg,plastic
Gaussian_Blured_Pictures\blurred_plastic27.jpg,plastic
Gaussian_Blured_Pictures\blurred_metal1.jpg,metal
Gaussian_Blured_Pictures\blurred_paper259.jpg,paper
Gaussian_Blured_Pictures\blurred_cardboard336.jpg,cardboard
Gaussian_Blured_Pictures\blurred_metal247.jpg,metal
Gaussian_Blured_Pictures\blurred_paper147.jpg,paper
Gaussian_Blured_Pictures\blurred_cardboard316.jpg,cardboard
Gaussian_Blured_Pictures\blurred_cardboard58.jpg,cardboard
Gaussian_Blured_Pictures\blurred_metal131.jpg,metal
Gaussian_Blured_Pictures\blurred_paper513.jpg,paper
Gaussian_Blured_Pictures\blurred_paper550.jpg,paper
Gaussian_Blured_Pictures\blurred_glass464.jpg,glass
Gaussian_Blured_Pictures\blurred_cardboard357.jpg,cardboard
Gaussian_Blured_Pictures\blurred_paper577.jpg,paper
Gaussian_Blured_Pictures\blurred_paper507.jpg,paper
Gaussian_Blured_Pictures\blurred_cardboard194.jpg,cardboard
Gaussian_Blured_Pictures\blurred_trash52.jpg,trash
Gaussian_Blured_Pictures\blurred_paper414.jpg,paper
Gaussian_Blured_Pictures\blurred_cardboard12.jpg,cardboard
Gaussian_Blured_Pictures\blurred_metal277.jpg,metal
Gaussian_Blured_Pictures\blurred_paper15.jpg,paper
Gaussian_Blured_Pictures\blurred_metal301.jpg,metal
Gaussian_Blured_Pictures\blurred_glass451.jpg,glass
Gaussian_Blured_Pictures\blurred_glass248.jpg,glass
Gaussian_Blured_Pictures\blurred_paper124.jpg,paper
Gaussian_Blured_Pictures\blurred_metal318.jpg,metal
Gaussian_Blured_Pictures\blurred_cardboard270.jpg,cardboard
Gaussian_Blured_Pictures\blurred_paper112.jpg,paper
Gaussian_Blured_Pictures\blurred_plastic4.jpg,plastic
Gaussian_Blured_Pictures\blurred_plastic32.jpg,plastic
Gaussian_Blured_Pictures\blurred_glass197.jpg,glass
Gaussian_Blured_Pictures\blurred_glass167.jpg,glass
Gaussian_Blured_Pictures\blurred_paper99.jpg,paper
Gaussian_Blured_Pictures\blurred_glass275.jpg,glass
Gaussian_Blured_Pictures\blurred_trash107.jpg,trash
Gaussian_Blured_Pictures\blurred_metal381.jpg,metal
Gaussian_Blured_Pictures\blurred_glass60.jpg,glass
Gaussian_Blured_Pictures\blurred_metal366.jpg,metal
Gaussian_Blured_Pictures\blurred_metal409.jpg,metal
Gaussian_Blured_Pictures\blurred_plastic145.jpg,plastic
Gaussian_Blured_Pictures\blurred_cardboard84.jpg,cardboard
Gaussian_Blured_Pictures\blurred_trash50.jpg,trash
Gaussian_Blured_Pictures\blurred_glass178.jpg,glass
Gaussian_Blured_Pictures\blurred_metal244.jpg,metal
Gaussian_Blured_Pictures\blurred_paper385.jpg,paper
Gaussian_Blured_Pictures\blurred_plastic201.jpg,plastic
Gaussian_Blured_Pictures\blurred_plastic435.jpg,plastic
Gaussian_Blured_Pictures\blurred_glass435.jpg,glass
Gaussian_Blured_Pictures\blurred_metal400.jpg,metal
Gaussian_Blured_Pictures\blurred_glass287.jpg,glass
Gaussian_Blured_Pictures\blurred_glass441.jpg,glass
Gaussian_Blured_Pictures\blurred_plastic226.jpg,plastic
Gaussian_Blured_Pictures\blurred_plastic178.jpg,plastic
Gaussian_Blured_Pictures\blurred_cardboard123.jpg,cardboard
Gaussian_Blured_Pictures\blurred_plastic30.jpg,plastic
Gaussian_Blured_Pictures\blurred_glass263.jpg,glass
Gaussian_Blured_Pictures\blurred_metal17.jpg,metal
Gaussian_Blured_Pictures\blurred_metal307.jpg,metal
Gaussian_Blured_Pictures\blurred_plastic440.jpg,plastic
Gaussian_Blured_Pictures\blurred_plastic450.jpg,plastic
Gaussian_Blured_Pictures\blurred_metal213.jpg,metal
Gaussian_Blured_Pictures\blurred_cardboard237.jpg,cardboard
Gaussian_Blured_Pictures\blurred_cardboard362.jpg,cardboard
Gaussian_Blured_Pictures\blurred_plastic176.jpg,plastic
Gaussian_Blured_Pictures\blurred_glass463.jpg,glass
Gaussian_Blured_Pictures\blurred_cardboard238.jpg,cardboard
Gaussian_Blured_Pictures\blurred_cardboard213.jpg,cardboard
Gaussian_Blured_Pictures\blurred_plastic86.jpg,plastic
Gaussian_Blured_Pictures\blurred_paper225.jpg,paper
Gaussian_Blured_Pictures\blurred_paper425.jpg,paper
Gaussian_Blured_Pictures\blurred_paper485.jpg,paper
Gaussian_Blured_Pictures\blurred_plastic290.jpg,plastic
Gaussian_Blured_Pictures\blurred_glass341.jpg,glass
Gaussian_Blured_Pictures\blurred_metal69.jpg,metal
Gaussian_Blured_Pictures\blurred_plastic319.jpg,plastic
Gaussian_Blured_Pictures\blurred_cardboard286.jpg,cardboard
Gaussian_Blured_Pictures\blurred_glass18.jpg,glass
Gaussian_Blured_Pictures\blurred_glass193.jpg,glass
Gaussian_Blured_Pictures\blurred_glass80.jpg,glass
Gaussian_Blured_Pictures\blurred_paper255.jpg,paper
Gaussian_Blured_Pictures\blurred_cardboard182.jpg,cardboard
Gaussian_Blured_Pictures\blurred_cardboard378.jpg,cardboard
Gaussian_Blured_Pictures\blurred_plastic297.jpg,plastic
Gaussian_Blured_Pictures\blurred_paper242.jpg,paper
Gaussian_Blured_Pictures\blurred_trash111.jpg,trash
Gaussian_Blured_Pictures\blurred_metal133.jpg,metal
Gaussian_Blured_Pictures\blurred_plastic418.jpg,plastic
Gaussian_Blured_Pictures\blurred_paper460.jpg,paper
Gaussian_Blured_Pictures\blurred_glass194.jpg,glass
Gaussian_Blured_Pictures\blurred_metal64.jpg,metal
Gaussian_Blured_Pictures\blurred_glass501.jpg,glass
Gaussian_Blured_Pictures\blurred_cardboard349.jpg,cardboard
Gaussian_Blured_Pictures\blurred_paper552.jpg,paper
Gaussian_Blured_Pictures\blurred_glass109.jpg,glass
Gaussian_Blured_Pictures\blurred_glass343.jpg,glass
Gaussian_Blured_Pictures\blurred_plastic253.jpg,plastic
Gaussian_Blured_Pictures\blurred_trash5.jpg,trash
Gaussian_Blured_Pictures\blurred_plastic335.jpg,plastic
Gaussian_Blured_Pictures\blurred_plastic12.jpg,plastic
Gaussian_Blured_Pictures\blurred_paper405.jpg,paper
Gaussian_Blured_Pictures\blurred_plastic475.jpg,plastic
Gaussian_Blured_Pictures\blurred_metal63.jpg,metal
Gaussian_Blured_Pictures\blurred_paper354.jpg,paper
Gaussian_Blured_Pictures\blurred_paper386.jpg,paper
Gaussian_Blured_Pictures\blurred_metal182.jpg,metal
Gaussian_Blured_Pictures\blurred_glass158.jpg,glass
Gaussian_Blured_Pictures\blurred_paper571.jpg,paper
Gaussian_Blured_Pictures\blurred_cardboard240.jpg,cardboard
Gaussian_Blured_Pictures\blurred_cardboard132.jpg,cardboard
Gaussian_Blured_Pictures\blurred_trash1.jpg,trash
Gaussian_Blured_Pictures\blurred_metal355.jpg,metal
Gaussian_Blured_Pictures\blurred_paper588.jpg,paper
Gaussian_Blured_Pictures\blurred_plastic309.jpg,plastic
Gaussian_Blured_Pictures\blurred_metal45.jpg,metal
Gaussian_Blured_Pictures\blurred_cardboard34.jpg,cardboard
Gaussian_Blured_Pictures\blurred_glass280.jpg,glass
Gaussian_Blured_Pictures\blurred_trash66.jpg,trash
Gaussian_Blured_Pictures\blurred_metal353.jpg,metal
Gaussian_Blured_Pictures\blurred_metal286.jpg,metal
Gaussian_Blured_Pictures\blurred_cardboard53.jpg,cardboard
Gaussian_Blured_Pictures\blurred_plastic425.jpg,plastic
Gaussian_Blured_Pictures\blurred_glass203.jpg,glass
Gaussian_Blured_Pictures\blurred_paper182.jpg,paper
Gaussian_Blured_Pictures\blurred_paper200.jpg,paper
Gaussian_Blured_Pictures\blurred_paper174.jpg,paper
Gaussian_Blured_Pictures\blurred_paper517.jpg,paper
Gaussian_Blured_Pictures\blurred_glass487.jpg,glass
Gaussian_Blured_Pictures\blurred_plastic368.jpg,plastic
Gaussian_Blured_Pictures\blurred_paper239.jpg,paper
Gaussian_Blured_Pictures\blurred_cardboard216.jpg,cardboard
Gaussian_Blured_Pictures\blurred_paper542.jpg,paper
Gaussian_Blured_Pictures\blurred_metal354.jpg,metal
Gaussian_Blured_Pictures\blurred_glass125.jpg,glass
Gaussian_Blured_Pictures\blurred_paper464.jpg,paper
Gaussian_Blured_Pictures\blurred_paper223.jpg,paper
Gaussian_Blured_Pictures\blurred_plastic187.jpg,plastic
Gaussian_Blured_Pictures\blurred_glass148.jpg,glass
Gaussian_Blured_Pictures\blurred_plastic54.jpg,plastic
Gaussian_Blured_Pictures\blurred_plastic73.jpg,plastic
Gaussian_Blured_Pictures\blurred_plastic414.jpg,plastic
Gaussian_Blured_Pictures\blurred_cardboard241.jpg,cardboard
Gaussian_Blured_Pictures\blurred_paper269.jpg,paper
Gaussian_Blured_Pictures\blurred_metal26.jpg,metal
Gaussian_Blured_Pictures\blurred_metal30.jpg,metal
Gaussian_Blured_Pictures\blurred_plastic155.jpg,plastic
Gaussian_Blured_Pictures\blurred_glass471.jpg,glass
Gaussian_Blured_Pictures\blurred_glass261.jpg,glass
Gaussian_Blured_Pictures\blurred_plastic140.jpg,plastic
Gaussian_Blured_Pictures\blurred_glass230.jpg,glass
Gaussian_Blured_Pictures\blurred_paper31.jpg,paper
Gaussian_Blured_Pictures\blurred_paper592.jpg,paper
Gaussian_Blured_Pictures\blurred_glass149.jpg,glass
Gaussian_Blured_Pictures\blurred_glass107.jpg,glass
Gaussian_Blured_Pictures\blurred_plastic380.jpg,plastic
Gaussian_Blured_Pictures\blurred_metal158.jpg,metal
Gaussian_Blured_Pictures\blurred_cardboard112.jpg,cardboard
Gaussian_Blured_Pictures\blurred_plastic79.jpg,plastic
Gaussian_Blured_Pictures\blurred_glass214.jpg,glass
Gaussian_Blured_Pictures\blurred_plastic248.jpg,plastic
Gaussian_Blured_Pictures\blurred_glass465.jpg,glass
Gaussian_Blured_Pictures\blurred_paper570.jpg,paper
Gaussian_Blured_Pictures\blurred_glass63.jpg,glass
Gaussian_Blured_Pictures\blurred_glass146.jpg,glass
Gaussian_Blured_Pictures\blurred_plastic198.jpg,plastic
Gaussian_Blured_Pictures\blurred_plastic179.jpg,plastic
Gaussian_Blured_Pictures\blurred_glass147.jpg,glass
Gaussian_Blured_Pictures\blurred_metal371.jpg,metal
Gaussian_Blured_Pictures\blurred_trash137.jpg,trash
Gaussian_Blured_Pictures\blurred_cardboard280.jpg,cardboard
Gaussian_Blured_Pictures\blurred_plastic433.jpg,plastic
Gaussian_Blured_Pictures\blurred_cardboard192.jpg,cardboard
Gaussian_Blured_Pictures\blurred_plastic6.jpg,plastic
Gaussian_Blured_Pictures\blurred_plastic110.jpg,plastic
Gaussian_Blured_Pictures\blurred_paper151.jpg,paper
Gaussian_Blured_Pictures\blurred_glass27.jpg,glass
Gaussian_Blured_Pictures\blurred_metal391.jpg,metal
Gaussian_Blured_Pictures\blurred_glass65.jpg,glass
Gaussian_Blured_Pictures\blurred_glass115.jpg,glass
Gaussian_Blured_Pictures\blurred_metal183.jpg,metal
Gaussian_Blured_Pictures\blurred_paper47.jpg,paper
Gaussian_Blured_Pictures\blurred_plastic143.jpg,plastic
Gaussian_Blured_Pictures\blurred_paper451.jpg,paper
Gaussian_Blured_Pictures\blurred_glass121.jpg,glass
Gaussian_Blured_Pictures\blurred_plastic313.jpg,plastic
Gaussian_Blured_Pictures\blurred_metal292.jpg,metal
Gaussian_Blured_Pictures\blurred_metal103.jpg,metal
Gaussian_Blured_Pictures\blurred_paper562.jpg,paper
Gaussian_Blured_Pictures\blurred_plastic325.jpg,plastic
Gaussian_Blured_Pictures\blurred_metal199.jpg,metal
Gaussian_Blured_Pictures\blurred_cardboard271.jpg,cardboard
Gaussian_Blured_Pictures\blurred_cardboard330.jpg,cardboard
Gaussian_Blured_Pictures\blurred_glass182.jpg,glass
Gaussian_Blured_Pictures\blurred_metal128.jpg,metal
Gaussian_Blured_Pictures\blurred_paper118.jpg,paper
Gaussian_Blured_Pictures\blurred_paper332.jpg,paper
Gaussian_Blured_Pictures\blurred_cardboard382.jpg,cardboard
Gaussian_Blured_Pictures\blurred_metal235.jpg,metal
Gaussian_Blured_Pictures\blurred_paper134.jpg,paper
Gaussian_Blured_Pictures\blurred_trash37.jpg,trash
Gaussian_Blured_Pictures\blurred_glass304.jpg,glass
Gaussian_Blured_Pictures\blurred_glass353.jpg,glass
Gaussian_Blured_Pictures\blurred_plastic228.jpg,plastic
Gaussian_Blured_Pictures\blurred_paper96.jpg,paper
Gaussian_Blured_Pictures\blurred_metal116.jpg,metal
Gaussian_Blured_Pictures\blurred_cardboard167.jpg,cardboard
Gaussian_Blured_Pictures\blurred_glass251.jpg,glass
Gaussian_Blured_Pictures\blurred_plastic404.jpg,plastic
Gaussian_Blured_Pictures\blurred_glass299.jpg,glass
Gaussian_Blured_Pictures\blurred_glass95.jpg,glass
Gaussian_Blured_Pictures\blurred_plastic241.jpg,plastic
Gaussian_Blured_Pictures\blurred_plastic102.jpg,plastic
Gaussian_Blured_Pictures\blurred_cardboard96.jpg,cardboard
Gaussian_Blured_Pictures\blurred_metal396.jpg,metal
Gaussian_Blured_Pictures\blurred_cardboard395.jpg,cardboard
Gaussian_Blured_Pictures\blurred_plastic71.jpg,plastic
Gaussian_Blured_Pictures\blurred_plastic22.jpg,plastic
Gaussian_Blured_Pictures\blurred_cardboard214.jpg,cardboard
Gaussian_Blured_Pictures\blurred_plastic193.jpg,plastic
Gaussian_Blured_Pictures\blurred_cardboard288.jpg,cardboard
Gaussian_Blured_Pictures\blurred_metal56.jpg,metal
Gaussian_Blured_Pictures\blurred_glass491.jpg,glass
Gaussian_Blured_Pictures\blurred_cardboard175.jpg,cardboard
Gaussian_Blured_Pictures\blurred_paper185.jpg,paper
Gaussian_Blured_Pictures\blurred_metal95.jpg,metal
Gaussian_Blured_Pictures\blurred_cardboard10.jpg,cardboard
Gaussian_Blured_Pictures\blurred_metal4.jpg,metal
Gaussian_Blured_Pictures\blurred_metal177.jpg,metal
Gaussian_Blured_Pictures\blurred_plastic152.jpg,plastic
Gaussian_Blured_Pictures\blurred_glass351.jpg,glass
Gaussian_Blured_Pictures\blurred_cardboard394.jpg,cardboard
Gaussian_Blured_Pictures\blurred_paper216.jpg,paper
Gaussian_Blured_Pictures\blurred_metal132.jpg,metal
Gaussian_Blured_Pictures\blurred_metal380.jpg,metal
Gaussian_Blured_Pictures\blurred_glass264.jpg,glass
Gaussian_Blured_Pictures\blurred_metal82.jpg,metal
Gaussian_Blured_Pictures\blurred_paper163.jpg,paper
Gaussian_Blured_Pictures\blurred_glass168.jpg,glass
Gaussian_Blured_Pictures\blurred_plastic255.jpg,plastic
Gaussian_Blured_Pictures\blurred_metal293.jpg,metal
Gaussian_Blured_Pictures\blurred_cardboard396.jpg,cardboard
Gaussian_Blured_Pictures\blurred_cardboard347.jpg,cardboard
Gaussian_Blured_Pictures\blurred_plastic390.jpg,plastic
Gaussian_Blured_Pictures\blurred_plastic282.jpg,plastic
Gaussian_Blured_Pictures\blurred_plastic43.jpg,plastic
Gaussian_Blured_Pictures\blurred_glass114.jpg,glass
Gaussian_Blured_Pictures\blurred_glass152.jpg,glass
Gaussian_Blured_Pictures\blurred_paper565.jpg,paper
Gaussian_Blured_Pictures\blurred_metal223.jpg,metal
Gaussian_Blured_Pictures\blurred_plastic263.jpg,plastic
Gaussian_Blured_Pictures\blurred_metal204.jpg,metal
Gaussian_Blured_Pictures\blurred_cardboard52.jpg,cardboard
Gaussian_Blured_Pictures\blurred_paper114.jpg,paper
Gaussian_Blured_Pictures\blurred_paper529.jpg,paper
Gaussian_Blured_Pictures\blurred_metal349.jpg,metal
Gaussian_Blured_Pictures\blurred_plastic225.jpg,plastic
Gaussian_Blured_Pictures\blurred_paper85.jpg,paper
Gaussian_Blured_Pictures\blurred_cardboard234.jpg,cardboard
Gaussian_Blured_Pictures\blurred_metal97.jpg,metal
Gaussian_Blured_Pictures\blurred_cardboard156.jpg,cardboard
Gaussian_Blured_Pictures\blurred_cardboard289.jpg,cardboard
Gaussian_Blured_Pictures\blurred_plastic463.jpg,plastic
Gaussian_Blured_Pictures\blurred_paper43.jpg,paper
Gaussian_Blured_Pictures\blurred_cardboard37.jpg,cardboard
Gaussian_Blured_Pictures\blurred_metal98.jpg,metal
Gaussian_Blured_Pictures\blurred_paper276.jpg,paper
Gaussian_Blured_Pictures\blurred_glass468.jpg,glass
Gaussian_Blured_Pictures\blurred_paper427.jpg,paper
Gaussian_Blured_Pictures\blurred_paper355.jpg,paper
Gaussian_Blured_Pictures\blurred_metal137.jpg,metal
Gaussian_Blured_Pictures\blurred_plastic210.jpg,plastic
Gaussian_Blured_Pictures\blurred_metal229.jpg,metal
Gaussian_Blured_Pictures\blurred_paper499.jpg,paper
Gaussian_Blured_Pictures\blurred_paper192.jpg,paper
Gaussian_Blured_Pictures\blurred_paper289.jpg,paper
Gaussian_Blured_Pictures\blurred_glass240.jpg,glass
Gaussian_Blured_Pictures\blurred_paper535.jpg,paper
Gaussian_Blured_Pictures\blurred_paper306.jpg,paper
Gaussian_Blured_Pictures\blurred_plastic442.jpg,plastic
Gaussian_Blured_Pictures\blurred_paper88.jpg,paper
Gaussian_Blured_Pictures\blurred_cardboard273.jpg,cardboard
Gaussian_Blured_Pictures\blurred_plastic349.jpg,plastic
Gaussian_Blured_Pictures\blurred_paper81.jpg,paper
Gaussian_Blured_Pictures\blurred_metal100.jpg,metal
Gaussian_Blured_Pictures\blurred_glass290.jpg,glass
Gaussian_Blured_Pictures\blurred_paper404.jpg,paper
Gaussian_Blured_Pictures\blurred_glass429.jpg,glass
Gaussian_Blured_Pictures\blurred_glass327.jpg,glass
Gaussian_Blured_Pictures\blurred_glass234.jpg,glass
Gaussian_Blured_Pictures\blurred_plastic296.jpg,plastic
Gaussian_Blured_Pictures\blurred_plastic445.jpg,plastic
Gaussian_Blured_Pictures\blurred_metal249.jpg,metal
Gaussian_Blured_Pictures\blurred_glass371.jpg,glass
Gaussian_Blured_Pictures\blurred_paper305.jpg,paper
Gaussian_Blured_Pictures\blurred_cardboard350.jpg,cardboard
Gaussian_Blured_Pictures\blurred_paper554.jpg,paper
Gaussian_Blured_Pictures\blurred_cardboard82.jpg,cardboard
Gaussian_Blured_Pictures\blurred_metal227.jpg,metal
Gaussian_Blured_Pictures\blurred_metal248.jpg,metal
Gaussian_Blured_Pictures\blurred_metal265.jpg,metal
Gaussian_Blured_Pictures\blurred_paper567.jpg,paper
Gaussian_Blured_Pictures\blurred_plastic235.jpg,plastic
Gaussian_Blured_Pictures\blurred_glass185.jpg,glass
Gaussian_Blured_Pictures\blurred_cardboard360.jpg,cardboard
Gaussian_Blured_Pictures\blurred_cardboard124.jpg,cardboard
Gaussian_Blured_Pictures\blurred_plastic458.jpg,plastic
Gaussian_Blured_Pictures\blurred_metal260.jpg,metal
Gaussian_Blured_Pictures\blurred_plastic337.jpg,plastic
Gaussian_Blured_Pictures\blurred_glass373.jpg,glass
Gaussian_Blured_Pictures\blurred_cardboard298.jpg,cardboard
Gaussian_Blured_Pictures\blurred_paper559.jpg,paper
Gaussian_Blured_Pictures\blurred_glass462.jpg,glass
Gaussian_Blured_Pictures\blurred_glass416.jpg,glass
Gaussian_Blured_Pictures\blurred_metal234.jpg,metal
Gaussian_Blured_Pictures\blurred_paper139.jpg,paper
Gaussian_Blured_Pictures\blurred_plastic357.jpg,plastic
Gaussian_Blured_Pictures\blurred_glass103.jpg,glass
Gaussian_Blured_Pictures\blurred_plastic196.jpg,plastic
Gaussian_Blured_Pictures\blurred_plastic209.jpg,plastic
Gaussian_Blured_Pictures\blurred_paper129.jpg,paper
Gaussian_Blured_Pictures\blurred_metal152.jpg,metal
Gaussian_Blured_Pictures\blurred_glass6.jpg,glass
Gaussian_Blured_Pictures\blurred_paper429.jpg,paper
Gaussian_Blured_Pictures\blurred_metal3.jpg,metal
Gaussian_Blured_Pictures\blurred_glass211.jpg,glass
Gaussian_Blured_Pictures\blurred_metal72.jpg,metal
Gaussian_Blured_Pictures\blurred_glass14.jpg,glass
Gaussian_Blured_Pictures\blurred_metal296.jpg,metal
Gaussian_Blured_Pictures\blurred_metal257.jpg,metal
Gaussian_Blured_Pictures\blurred_glass37.jpg,glass
Gaussian_Blured_Pictures\blurred_trash47.jpg,trash
Gaussian_Blured_Pictures\blurred_paper407.jpg,paper
Gaussian_Blured_Pictures\blurred_plastic238.jpg,plastic
Gaussian_Blured_Pictures\blurred_cardboard342.jpg,cardboard
Gaussian_Blured_Pictures\blurred_plastic157.jpg,plastic
Gaussian_Blured_Pictures\blurred_cardboard50.jpg,cardboard
Gaussian_Blured_Pictures\blurred_cardboard178.jpg,cardboard
Gaussian_Blured_Pictures\blurred_plastic476.jpg,plastic
Gaussian_Blured_Pictures\blurred_cardboard40.jpg,cardboard
Gaussian_Blured_Pictures\blurred_glass486.jpg,glass
Gaussian_Blured_Pictures\blurred_metal192.jpg,metal
Gaussian_Blured_Pictures\blurred_glass420.jpg,glass
Gaussian_Blured_Pictures\blurred_paper343.jpg,paper
Gaussian_Blured_Pictures\blurred_metal176.jpg,metal
Gaussian_Blured_Pictures\blurred_glass96.jpg,glass
Gaussian_Blured_Pictures\blurred_cardboard231.jpg,cardboard
Gaussian_Blured_Pictures\blurred_plastic25.jpg,plastic
Gaussian_Blured_Pictures\blurred_glass215.jpg,glass
Gaussian_Blured_Pictures\blurred_metal155.jpg,metal
Gaussian_Blured_Pictures\blurred_metal184.jpg,metal
Gaussian_Blured_Pictures\blurred_cardboard391.jpg,cardboard
Gaussian_Blured_Pictures\blurred_plastic415.jpg,plastic
Gaussian_Blured_Pictures\blurred_cardboard265.jpg,cardboard
Gaussian_Blured_Pictures\blurred_plastic41.jpg,plastic
Gaussian_Blured_Pictures\blurred_plastic382.jpg,plastic
Gaussian_Blured_Pictures\blurred_plastic185.jpg,plastic
Gaussian_Blured_Pictures\blurred_cardboard48.jpg,cardboard
Gaussian_Blured_Pictures\blurred_cardboard195.jpg,cardboard
Gaussian_Blured_Pictures\blurred_glass354.jpg,glass
Gaussian_Blured_Pictures\blurred_metal351.jpg,metal
Gaussian_Blured_Pictures\blurred_trash109.jpg,trash
Gaussian_Blured_Pictures\blurred_glass71.jpg,glass
Gaussian_Blured_Pictures\blurred_glass466.jpg,glass
Gaussian_Blured_Pictures\blurred_paper34.jpg,paper
Gaussian_Blured_Pictures\blurred_plastic192.jpg,plastic
Gaussian_Blured_Pictures\blurred_paper67.jpg,paper
Gaussian_Blured_Pictures\blurred_plastic389.jpg,plastic
Gaussian_Blured_Pictures\blurred_plastic125.jpg,plastic
Gaussian_Blured_Pictures\blurred_plastic3.jpg,plastic
Gaussian_Blured_Pictures\blurred_paper300.jpg,paper
Gaussian_Blured_Pictures\blurred_glass164.jpg,glass
Gaussian_Blured_Pictures\blurred_glass402.jpg,glass
Gaussian_Blured_Pictures\blurred_metal300.jpg,metal
Gaussian_Blured_Pictures\blurred_cardboard43.jpg,cardboard
Gaussian_Blured_Pictures\blurred_glass239.jpg,glass
Gaussian_Blured_Pictures\blurred_paper222.jpg,paper
Gaussian_Blured_Pictures\blurred_metal113.jpg,metal
Gaussian_Blured_Pictures\blurred_paper397.jpg,paper
Gaussian_Blured_Pictures\blurred_plastic361.jpg,plastic
Gaussian_Blured_Pictures\blurred_metal339.jpg,metal
Gaussian_Blured_Pictures\blurred_glass418.jpg,glass
Gaussian_Blured_Pictures\blurred_cardboard6.jpg,cardboard
Gaussian_Blured_Pictures\blurred_trash99.jpg,trash
Gaussian_Blured_Pictures\blurred_plastic83.jpg,plastic
Gaussian_Blured_Pictures\blurred_plastic159.jpg,plastic
Gaussian_Blured_Pictures\blurred_paper265.jpg,paper
Gaussian_Blured_Pictures\blurred_paper19.jpg,paper
Gaussian_Blured_Pictures\blurred_paper587.jpg,paper
Gaussian_Blured_Pictures\blurred_plastic87.jpg,plastic
Gaussian_Blured_Pictures\blurred_cardboard312.jpg,cardboard
Gaussian_Blured_Pictures\blurred_plastic29.jpg,plastic
Gaussian_Blured_Pictures\blurred_paper551.jpg,paper
Gaussian_Blured_Pictures\blurred_metal305.jpg,metal
Gaussian_Blured_Pictures\blurred_paper210.jpg,paper
Gaussian_Blured_Pictures\blurred_cardboard254.jpg,cardboard
Gaussian_Blured_Pictures\blurred_glass88.jpg,glass
Gaussian_Blured_Pictures\blurred_plastic34.jpg,plastic
Gaussian_Blured_Pictures\blurred_paper454.jpg,paper
Gaussian_Blured_Pictures\blurred_metal218.jpg,metal
Gaussian_Blured_Pictures\blurred_metal185.jpg,metal
Gaussian_Blured_Pictures\blurred_paper316.jpg,paper
Gaussian_Blured_Pictures\blurred_cardboard133.jpg,cardboard
Gaussian_Blured_Pictures\blurred_metal404.jpg,metal
Gaussian_Blured_Pictures\blurred_trash61.jpg,trash
Gaussian_Blured_Pictures\blurred_paper233.jpg,paper
Gaussian_Blured_Pictures\blurred_glass472.jpg,glass
Gaussian_Blured_Pictures\blurred_plastic358.jpg,plastic
Gaussian_Blured_Pictures\blurred_plastic369.jpg,plastic
Gaussian_Blured_Pictures\blurred_glass39.jpg,glass
Gaussian_Blured_Pictures\blurred_cardboard313.jpg,cardboard
Gaussian_Blured_Pictures\blurred_trash88.jpg,trash
Gaussian_Blured_Pictures\blurred_glass332.jpg,glass
Gaussian_Blured_Pictures\blurred_glass231.jpg,glass
Gaussian_Blured_Pictures\blurred_glass159.jpg,glass
Gaussian_Blured_Pictures\blurred_plastic327.jpg,plastic
Gaussian_Blured_Pictures\blurred_paper303.jpg,paper
Gaussian_Blured_Pictures\blurred_trash10.jpg,trash
Gaussian_Blured_Pictures\blurred_glass480.jpg,glass
Gaussian_Blured_Pictures\blurred_plastic163.jpg,plastic
Gaussian_Blured_Pictures\blurred_cardboard184.jpg,cardboard
Gaussian_Blured_Pictures\blurred_metal111.jpg,metal
Gaussian_Blured_Pictures\blurred_paper396.jpg,paper
Gaussian_Blured_Pictures\blurred_paper549.jpg,paper
Gaussian_Blured_Pictures\blurred_glass410.jpg,glass
Gaussian_Blured_Pictures\blurred_glass401.jpg,glass
Gaussian_Blured_Pictures\blurred_metal110.jpg,metal
Gaussian_Blured_Pictures\blurred_metal367.jpg,metal
Gaussian_Blured_Pictures\blurred_paper90.jpg,paper
Gaussian_Blured_Pictures\blurred_plastic109.jpg,plastic
Gaussian_Blured_Pictures\blurred_cardboard176.jpg,cardboard
Gaussian_Blured_Pictures\blurred_paper80.jpg,paper
Gaussian_Blured_Pictures\blurred_paper488.jpg,paper
Gaussian_Blured_Pictures\blurred_cardboard87.jpg,cardboard
Gaussian_Blured_Pictures\blurred_metal285.jpg,metal
Gaussian_Blured_Pictures\blurred_metal337.jpg,metal
Gaussian_Blured_Pictures\blurred_glass266.jpg,glass
Gaussian_Blured_Pictures\blurred_paper402.jpg,paper
Gaussian_Blured_Pictures\blurred_metal172.jpg,metal
Gaussian_Blured_Pictures\blurred_plastic384.jpg,plastic
Gaussian_Blured_Pictures\blurred_plastic289.jpg,plastic
Gaussian_Blured_Pictures\blurred_plastic56.jpg,plastic
Gaussian_Blured_Pictures\blurred_glass452.jpg,glass
Gaussian_Blured_Pictures\blurred_cardboard199.jpg,cardboard
Gaussian_Blured_Pictures\blurred_paper144.jpg,paper
Gaussian_Blured_Pictures\blurred_cardboard344.jpg,cardboard
Gaussian_Blured_Pictures\blurred_glass66.jpg,glass
Gaussian_Blured_Pictures\blurred_paper260.jpg,paper
Gaussian_Blured_Pictures\blurred_plastic323.jpg,plastic
Gaussian_Blured_Pictures\blurred_paper400.jpg,paper
Gaussian_Blured_Pictures\blurred_trash28.jpg,trash
Gaussian_Blured_Pictures\blurred_plastic457.jpg,plastic
Gaussian_Blured_Pictures\blurred_paper568.jpg,paper
Gaussian_Blured_Pictures\blurred_metal220.jpg,metal
Gaussian_Blured_Pictures\blurred_cardboard61.jpg,cardboard
Gaussian_Blured_Pictures\blurred_paper342.jpg,paper
Gaussian_Blured_Pictures\blurred_paper379.jpg,paper
Gaussian_Blured_Pictures\blurred_glass260.jpg,glass
Gaussian_Blured_Pictures\blurred_trash121.jpg,trash
Gaussian_Blured_Pictures\blurred_cardboard268.jpg,cardboard
Gaussian_Blured_Pictures\blurred_plastic397.jpg,plastic
Gaussian_Blured_Pictures\blurred_paper283.jpg,paper
Gaussian_Blured_Pictures\blurred_cardboard11.jpg,cardboard
Gaussian_Blured_Pictures\blurred_glass244.jpg,glass
Gaussian_Blured_Pictures\blurred_glass138.jpg,glass
Gaussian_Blured_Pictures\blurred_glass94.jpg,glass
Gaussian_Blured_Pictures\blurred_plastic456.jpg,plastic
Gaussian_Blured_Pictures\blurred_glass189.jpg,glass
Gaussian_Blured_Pictures\blurred_metal397.jpg,metal
Gaussian_Blured_Pictures\blurred_glass300.jpg,glass
Gaussian_Blured_Pictures\blurred_paper145.jpg,paper
Gaussian_Blured_Pictures\blurred_trash41.jpg,trash
Gaussian_Blured_Pictures\blurred_glass467.jpg,glass
Gaussian_Blured_Pictures\blurred_plastic434.jpg,plastic
Gaussian_Blured_Pictures\blurred_plastic258.jpg,plastic
Gaussian_Blured_Pictures\blurred_cardboard190.jpg,cardboard
Gaussian_Blured_Pictures\blurred_cardboard69.jpg,cardboard
Gaussian_Blured_Pictures\blurred_glass394.jpg,glass
Gaussian_Blured_Pictures\blurred_glass186.jpg,glass
Gaussian_Blured_Pictures\blurred_paper68.jpg,paper
Gaussian_Blured_Pictures\blurred_paper148.jpg,paper
Gaussian_Blured_Pictures\blurred_paper135.jpg,paper
Gaussian_Blured_Pictures\blurred_metal169.jpg,metal
Gaussian_Blured_Pictures\blurred_glass56.jpg,glass
Gaussian_Blured_Pictures\blurred_trash105.jpg,trash
Gaussian_Blured_Pictures\blurred_trash68.jpg,trash
Gaussian_Blured_Pictures\blurred_cardboard290.jpg,cardboard
Gaussian_Blured_Pictures\blurred_cardboard86.jpg,cardboard
Gaussian_Blured_Pictures\blurred_glass233.jpg,glass
Gaussian_Blured_Pictures\blurred_plastic371.jpg,plastic
Gaussian_Blured_Pictures\blurred_paper236.jpg,paper
Gaussian_Blured_Pictures\blurred_glass431.jpg,glass
Gaussian_Blured_Pictures\blurred_paper101.jpg,paper
Gaussian_Blured_Pictures\blurred_paper252.jpg,paper
Gaussian_Blured_Pictures\blurred_glass303.jpg,glass
Gaussian_Blured_Pictures\blurred_glass100.jpg,glass
Gaussian_Blured_Pictures\blurred_trash42.jpg,trash
Gaussian_Blured_Pictures\blurred_cardboard173.jpg,cardboard
Gaussian_Blured_Pictures\blurred_glass141.jpg,glass
Gaussian_Blured_Pictures\blurred_cardboard244.jpg,cardboard
Gaussian_Blured_Pictures\blurred_paper419.jpg,paper
Gaussian_Blured_Pictures\blurred_cardboard46.jpg,cardboard
Gaussian_Blured_Pictures\blurred_plastic1.jpg,plastic
Gaussian_Blured_Pictures\blurred_trash57.jpg,trash
Gaussian_Blured_Pictures\blurred_glass13.jpg,glass
Gaussian_Blured_Pictures\blurred_glass160.jpg,glass
Gaussian_Blured_Pictures\blurred_paper3.jpg,paper
Gaussian_Blured_Pictures\blurred_plastic419.jpg,plastic
Gaussian_Blured_Pictures\blurred_glass421.jpg,glass
Gaussian_Blured_Pictures\blurred_paper98.jpg,paper
Gaussian_Blured_Pictures\blurred_paper298.jpg,paper
Gaussian_Blured_Pictures\blurred_paper89.jpg,paper
Gaussian_Blured_Pictures\blurred_glass144.jpg,glass
Gaussian_Blured_Pictures\blurred_paper278.jpg,paper
Gaussian_Blured_Pictures\blurred_paper490.jpg,paper
Gaussian_Blured_Pictures\blurred_metal259.jpg,metal
Gaussian_Blured_Pictures\blurred_glass188.jpg,glass
Gaussian_Blured_Pictures\blurred_plastic105.jpg,plastic
Gaussian_Blured_Pictures\blurred_paper53.jpg,paper
Gaussian_Blured_Pictures\blurred_plastic69.jpg,plastic
Gaussian_Blured_Pictures\blurred_glass101.jpg,glass
Gaussian_Blured_Pictures\blurred_cardboard366.jpg,cardboard
Gaussian_Blured_Pictures\blurred_cardboard389.jpg,cardboard
Gaussian_Blured_Pictures\blurred_glass370.jpg,glass
Gaussian_Blured_Pictures\blurred_paper270.jpg,paper
Gaussian_Blured_Pictures\blurred_glass461.jpg,glass
Gaussian_Blured_Pictures\blurred_glass317.jpg,glass
Gaussian_Blured_Pictures\blurred_cardboard100.jpg,cardboard
Gaussian_Blured_Pictures\blurred_glass73.jpg,glass
Gaussian_Blured_Pictures\blurred_plastic190.jpg,plastic
Gaussian_Blured_Pictures\blurred_paper261.jpg,paper
Gaussian_Blured_Pictures\blurred_metal266.jpg,metal
Gaussian_Blured_Pictures\blurred_glass129.jpg,glass
Gaussian_Blured_Pictures\blurred_plastic264.jpg,plastic
Gaussian_Blured_Pictures\blurred_paper294.jpg,paper
Gaussian_Blured_Pictures\blurred_paper584.jpg,paper
Gaussian_Blured_Pictures\blurred_glass361.jpg,glass
Gaussian_Blured_Pictures\blurred_metal365.jpg,metal
Gaussian_Blured_Pictures\blurred_cardboard67.jpg,cardboard
Gaussian_Blured_Pictures\blurred_plastic62.jpg,plastic
Gaussian_Blured_Pictures\blurred_plastic257.jpg,plastic
Gaussian_Blured_Pictures\blurred_metal283.jpg,metal
Gaussian_Blured_Pictures\blurred_metal35.jpg,metal
Gaussian_Blured_Pictures\blurred_plastic164.jpg,plastic
Gaussian_Blured_Pictures\blurred_cardboard81.jpg,cardboard
Gaussian_Blured_Pictures\blurred_paper322.jpg,paper
Gaussian_Blured_Pictures\blurred_cardboard78.jpg,cardboard
Gaussian_Blured_Pictures\blurred_plastic48.jpg,plastic
Gaussian_Blured_Pictures\blurred_metal239.jpg,metal
Gaussian_Blured_Pictures\blurred_cardboard174.jpg,cardboard
Gaussian_Blured_Pictures\blurred_trash25.jpg,trash
Gaussian_Blured_Pictures\blurred_trash2.jpg,trash
Gaussian_Blured_Pictures\blurred_paper94.jpg,paper
Gaussian_Blured_Pictures\blurred_paper341.jpg,paper
Gaussian_Blured_Pictures\blurred_glass448.jpg,glass
Gaussian_Blured_Pictures\blurred_glass79.jpg,glass
Gaussian_Blured_Pictures\blurred_paper197.jpg,paper
Gaussian_Blured_Pictures\blurred_glass223.jpg,glass
Gaussian_Blured_Pictures\blurred_glass457.jpg,glass
Gaussian_Blured_Pictures\blurred_trash14.jpg,trash
Gaussian_Blured_Pictures\blurred_paper437.jpg,paper
Gaussian_Blured_Pictures\blurred_metal378.jpg,metal
Gaussian_Blured_Pictures\blurred_plastic37.jpg,plastic
Gaussian_Blured_Pictures\blurred_paper282.jpg,paper
Gaussian_Blured_Pictures\blurred_paper533.jpg,paper
Gaussian_Blured_Pictures\blurred_paper389.jpg,paper
Gaussian_Blured_Pictures\blurred_metal303.jpg,metal
Gaussian_Blured_Pictures\blurred_cardboard45.jpg,cardboard
Gaussian_Blured_Pictures\blurred_glass438.jpg,glass
Gaussian_Blured_Pictures\blurred_glass200.jpg,glass
Gaussian_Blured_Pictures\blurred_trash23.jpg,trash
Gaussian_Blured_Pictures\blurred_paper8.jpg,paper
Gaussian_Blured_Pictures\blurred_paper63.jpg,paper
Gaussian_Blured_Pictures\blurred_metal134.jpg,metal
Gaussian_Blured_Pictures\blurred_paper254.jpg,paper
Gaussian_Blured_Pictures\blurred_cardboard155.jpg,cardboard
Gaussian_Blured_Pictures\blurred_metal99.jpg,metal
Gaussian_Blured_Pictures\blurred_glass268.jpg,glass
Gaussian_Blured_Pictures\blurred_paper522.jpg,paper
Gaussian_Blured_Pictures\blurred_glass399.jpg,glass
Gaussian_Blured_Pictures\blurred_plastic129.jpg,plastic
Gaussian_Blured_Pictures\blurred_cardboard381.jpg,cardboard
Gaussian_Blured_Pictures\blurred_plastic370.jpg,plastic
Gaussian_Blured_Pictures\blurred_paper328.jpg,paper
Gaussian_Blured_Pictures\blurred_metal324.jpg,metal
Gaussian_Blured_Pictures\blurred_paper347.jpg,paper
Gaussian_Blured_Pictures\blurred_paper159.jpg,paper
Gaussian_Blured_Pictures\blurred_plastic199.jpg,plastic
Gaussian_Blured_Pictures\blurred_metal8.jpg,metal
Gaussian_Blured_Pictures\blurred_cardboard19.jpg,cardboard
Gaussian_Blured_Pictures\blurred_metal331.jpg,metal
Gaussian_Blured_Pictures\blurred_glass411.jpg,glass
Gaussian_Blured_Pictures\blurred_metal167.jpg,metal
Gaussian_Blured_Pictures\blurred_metal359.jpg,metal
Gaussian_Blured_Pictures\blurred_plastic269.jpg,plastic
Gaussian_Blured_Pictures\blurred_metal173.jpg,metal
Gaussian_Blured_Pictures\blurred_metal240.jpg,metal
Gaussian_Blured_Pictures\blurred_metal107.jpg,metal
Gaussian_Blured_Pictures\blurred_plastic58.jpg,plastic
Gaussian_Blured_Pictures\blurred_paper271.jpg,paper
Gaussian_Blured_Pictures\blurred_cardboard247.jpg,cardboard
Gaussian_Blured_Pictures\blurred_cardboard17.jpg,cardboard
Gaussian_Blured_Pictures\blurred_glass442.jpg,glass
Gaussian_Blured_Pictures\blurred_plastic68.jpg,plastic
Gaussian_Blured_Pictures\blurred_cardboard98.jpg,cardboard
Gaussian_Blured_Pictures\blurred_paper555.jpg,paper
Gaussian_Blured_Pictures\blurred_glass283.jpg,glass
Gaussian_Blured_Pictures\blurred_plastic375.jpg,plastic
Gaussian_Blured_Pictures\blurred_paper484.jpg,paper
Gaussian_Blured_Pictures\blurred_paper221.jpg,paper
Gaussian_Blured_Pictures\blurred_metal32.jpg,metal
Gaussian_Blured_Pictures\blurred_paper240.jpg,paper
Gaussian_Blured_Pictures\blurred_paper553.jpg,paper
Gaussian_Blured_Pictures\blurred_paper434.jpg,paper
Gaussian_Blured_Pictures\blurred_cardboard260.jpg,cardboard
Gaussian_Blured_Pictures\blurred_cardboard131.jpg,cardboard
Gaussian_Blured_Pictures\blurred_glass97.jpg,glass
Gaussian_Blured_Pictures\blurred_glass41.jpg,glass
Gaussian_Blured_Pictures\blurred_glass363.jpg,glass
Gaussian_Blured_Pictures\blurred_cardboard374.jpg,cardboard
Gaussian_Blured_Pictures\blurred_plastic44.jpg,plastic
Gaussian_Blured_Pictures\blurred_glass247.jpg,glass
Gaussian_Blured_Pictures\blurred_plastic162.jpg,plastic
Gaussian_Blured_Pictures\blurred_cardboard217.jpg,cardboard
Gaussian_Blured_Pictures\blurred_paper285.jpg,paper
Gaussian_Blured_Pictures\blurred_metal320.jpg,metal
Gaussian_Blured_Pictures\blurred_metal261.jpg,metal
Gaussian_Blured_Pictures\blurred_paper480.jpg,paper
Gaussian_Blured_Pictures\blurred_cardboard55.jpg,cardboard
Gaussian_Blured_Pictures\blurred_paper512.jpg,paper
Gaussian_Blured_Pictures\blurred_cardboard189.jpg,cardboard
Gaussian_Blured_Pictures\blurred_paper75.jpg,paper
Gaussian_Blured_Pictures\blurred_metal124.jpg,metal
Gaussian_Blured_Pictures\blurred_paper319.jpg,paper
Gaussian_Blured_Pictures\blurred_paper439.jpg,paper
Gaussian_Blured_Pictures\blurred_paper71.jpg,paper
Gaussian_Blured_Pictures\blurred_plastic15.jpg,plastic
Gaussian_Blured_Pictures\blurred_cardboard257.jpg,cardboard
Gaussian_Blured_Pictures\blurred_plastic203.jpg,plastic
Gaussian_Blured_Pictures\blurred_paper399.jpg,paper
Gaussian_Blured_Pictures\blurred_metal57.jpg,metal
Gaussian_Blured_Pictures\blurred_cardboard321.jpg,cardboard
Gaussian_Blured_Pictures\blurred_paper392.jpg,paper
Gaussian_Blured_Pictures\blurred_plastic76.jpg,plastic
Gaussian_Blured_Pictures\blurred_plastic416.jpg,plastic
Gaussian_Blured_Pictures\blurred_metal105.jpg,metal
Gaussian_Blured_Pictures\blurred_glass134.jpg,glass
Gaussian_Blured_Pictures\blurred_glass139.jpg,glass
Gaussian_Blured_Pictures\blurred_paper189.jpg,paper
Gaussian_Blured_Pictures\blurred_metal238.jpg,metal
Gaussian_Blured_Pictures\blurred_plastic331.jpg,plastic
Gaussian_Blured_Pictures\blurred_cardboard258.jpg,cardboard
Gaussian_Blured_Pictures\blurred_glass28.jpg,glass
Gaussian_Blured_Pictures\blurred_glass474.jpg,glass
Gaussian_Blured_Pictures\blurred_metal267.jpg,metal
Gaussian_Blured_Pictures\blurred_cardboard63.jpg,cardboard
Gaussian_Blured_Pictures\blurred_cardboard62.jpg,cardboard
Gaussian_Blured_Pictures\blurred_cardboard233.jpg,cardboard
Gaussian_Blured_Pictures\blurred_glass388.jpg,glass
Gaussian_Blured_Pictures\blurred_metal379.jpg,metal
Gaussian_Blured_Pictures\blurred_paper547.jpg,paper
Gaussian_Blured_Pictures\blurred_metal151.jpg,metal
Gaussian_Blured_Pictures\blurred_plastic136.jpg,plastic
Gaussian_Blured_Pictures\blurred_plastic330.jpg,plastic
Gaussian_Blured_Pictures\blurred_paper541.jpg,paper
Gaussian_Blured_Pictures\blurred_metal315.jpg,metal
Gaussian_Blured_Pictures\blurred_trash38.jpg,trash
Gaussian_Blured_Pictures\blurred_plastic256.jpg,plastic
Gaussian_Blured_Pictures\blurred_paper97.jpg,paper
Gaussian_Blured_Pictures\blurred_paper349.jpg,paper
Gaussian_Blured_Pictures\blurred_paper438.jpg,paper
Gaussian_Blured_Pictures\blurred_glass281.jpg,glass
Gaussian_Blured_Pictures\blurred_paper556.jpg,paper
Gaussian_Blured_Pictures\blurred_glass496.jpg,glass
Gaussian_Blured_Pictures\blurred_cardboard165.jpg,cardboard
Gaussian_Blured_Pictures\blurred_paper412.jpg,paper
Gaussian_Blured_Pictures\blurred_paper11.jpg,paper
Gaussian_Blured_Pictures\blurred_paper136.jpg,paper
Gaussian_Blured_Pictures\blurred_paper172.jpg,paper
Gaussian_Blured_Pictures\blurred_metal122.jpg,metal
Gaussian_Blured_Pictures\blurred_metal313.jpg,metal
Gaussian_Blured_Pictures\blurred_plastic84.jpg,plastic
Gaussian_Blured_Pictures\blurred_paper489.jpg,paper
Gaussian_Blured_Pictures\blurred_paper183.jpg,paper
Gaussian_Blured_Pictures\blurred_paper543.jpg,paper
Gaussian_Blured_Pictures\blurred_glass113.jpg,glass
Gaussian_Blured_Pictures\blurred_metal55.jpg,metal
Gaussian_Blured_Pictures\blurred_metal12.jpg,metal
Gaussian_Blured_Pictures\blurred_glass350.jpg,glass
Gaussian_Blured_Pictures\blurred_glass123.jpg,glass
Gaussian_Blured_Pictures\blurred_cardboard181.jpg,cardboard
Gaussian_Blured_Pictures\blurred_paper237.jpg,paper
Gaussian_Blured_Pictures\blurred_glass450.jpg,glass
Gaussian_Blured_Pictures\blurred_metal58.jpg,metal
Gaussian_Blured_Pictures\blurred_metal284.jpg,metal
Gaussian_Blured_Pictures\blurred_plastic9.jpg,plastic
Gaussian_Blured_Pictures\blurred_cardboard337.jpg,cardboard
Gaussian_Blured_Pictures\blurred_glass488.jpg,glass
Gaussian_Blured_Pictures\blurred_glass434.jpg,glass
Gaussian_Blured_Pictures\blurred_metal25.jpg,metal
Gaussian_Blured_Pictures\blurred_paper487.jpg,paper
Gaussian_Blured_Pictures\blurred_glass314.jpg,glass
Gaussian_Blured_Pictures\blurred_glass243.jpg,glass
Gaussian_Blured_Pictures\blurred_paper9.jpg,paper
Gaussian_Blured_Pictures\blurred_metal343.jpg,metal
Gaussian_Blured_Pictures\blurred_metal387.jpg,metal
Gaussian_Blured_Pictures\blurred_cardboard79.jpg,cardboard
Gaussian_Blured_Pictures\blurred_cardboard399.jpg,cardboard
Gaussian_Blured_Pictures\blurred_glass387.jpg,glass
Gaussian_Blured_Pictures\blurred_plastic107.jpg,plastic
Gaussian_Blured_Pictures\blurred_cardboard119.jpg,cardboard
Gaussian_Blured_Pictures\blurred_metal187.jpg,metal
Gaussian_Blured_Pictures\blurred_glass46.jpg,glass
Gaussian_Blured_Pictures\blurred_paper241.jpg,paper
Gaussian_Blured_Pictures\blurred_trash133.jpg,trash
Gaussian_Blured_Pictures\blurred_paper109.jpg,paper
Gaussian_Blured_Pictures\blurred_glass10.jpg,glass
Gaussian_Blured_Pictures\blurred_paper229.jpg,paper
Gaussian_Blured_Pictures\blurred_metal84.jpg,metal
Gaussian_Blured_Pictures\blurred_metal230.jpg,metal
Gaussian_Blured_Pictures\blurred_plastic472.jpg,plastic
Gaussian_Blured_Pictures\blurred_metal143.jpg,metal
Gaussian_Blured_Pictures\blurred_plastic88.jpg,plastic
Gaussian_Blured_Pictures\blurred_plastic481.jpg,plastic
Gaussian_Blured_Pictures\blurred_cardboard275.jpg,cardboard
Gaussian_Blured_Pictures\blurred_glass291.jpg,glass
Gaussian_Blured_Pictures\blurred_glass381.jpg,glass
Gaussian_Blured_Pictures\blurred_glass108.jpg,glass
Gaussian_Blured_Pictures\blurred_cardboard74.jpg,cardboard
Gaussian_Blured_Pictures\blurred_cardboard41.jpg,cardboard
Gaussian_Blured_Pictures\blurred_paper128.jpg,paper
Gaussian_Blured_Pictures\blurred_plastic233.jpg,plastic
Gaussian_Blured_Pictures\blurred_cardboard398.jpg,cardboard
Gaussian_Blured_Pictures\blurred_trash60.jpg,trash
Gaussian_Blured_Pictures\blurred_plastic379.jpg,plastic
Gaussian_Blured_Pictures\blurred_trash112.jpg,trash
Gaussian_Blured_Pictures\blurred_metal54.jpg,metal
Gaussian_Blured_Pictures\blurred_metal333.jpg,metal
Gaussian_Blured_Pictures\blurred_glass212.jpg,glass
Gaussian_Blured_Pictures\blurred_plastic339.jpg,plastic
Gaussian_Blured_Pictures\blurred_plastic216.jpg,plastic
Gaussian_Blured_Pictures\blurred_paper64.jpg,paper
Gaussian_Blured_Pictures\blurred_trash117.jpg,trash
Gaussian_Blured_Pictures\blurred_cardboard208.jpg,cardboard
Gaussian_Blured_Pictures\blurred_cardboard116.jpg,cardboard
Gaussian_Blured_Pictures\blurred_metal403.jpg,metal
Gaussian_Blured_Pictures\blurred_paper119.jpg,paper
Gaussian_Blured_Pictures\blurred_cardboard126.jpg,cardboard
Gaussian_Blured_Pictures\blurred_metal104.jpg,metal
Gaussian_Blured_Pictures\blurred_glass335.jpg,glass
Gaussian_Blured_Pictures\blurred_glass198.jpg,glass
Gaussian_Blured_Pictures\blurred_metal138.jpg,metal
Gaussian_Blured_Pictures\blurred_metal130.jpg,metal
Gaussian_Blured_Pictures\blurred_cardboard71.jpg,cardboard
Gaussian_Blured_Pictures\blurred_glass104.jpg,glass
Gaussian_Blured_Pictures\blurred_paper57.jpg,paper
Gaussian_Blured_Pictures\blurred_plastic33.jpg,plastic
Gaussian_Blured_Pictures\blurred_plastic265.jpg,plastic
Gaussian_Blured_Pictures\blurred_paper583.jpg,paper
Gaussian_Blured_Pictures\blurred_paper585.jpg,paper
Gaussian_Blured_Pictures\blurred_plastic150.jpg,plastic
Gaussian_Blured_Pictures\blurred_paper515.jpg,paper
Gaussian_Blured_Pictures\blurred_paper2.jpg,paper
Gaussian_Blured_Pictures\blurred_plastic328.jpg,plastic
Gaussian_Blured_Pictures\blurred_paper531.jpg,paper
Gaussian_Blured_Pictures\blurred_glass1.jpg,glass
Gaussian_Blured_Pictures\blurred_glass93.jpg,glass
Gaussian_Blured_Pictures\blurred_paper157.jpg,paper
Gaussian_Blured_Pictures\blurred_cardboard89.jpg,cardboard
Gaussian_Blured_Pictures\blurred_paper78.jpg,paper
Gaussian_Blured_Pictures\blurred_glass128.jpg,glass
Gaussian_Blured_Pictures\blurred_cardboard101.jpg,cardboard
Gaussian_Blured_Pictures\blurred_metal394.jpg,metal
Gaussian_Blured_Pictures\blurred_paper166.jpg,paper
Gaussian_Blured_Pictures\blurred_plastic215.jpg,plastic
Gaussian_Blured_Pictures\blurred_paper150.jpg,paper
Gaussian_Blured_Pictures\blurred_paper338.jpg,paper
Gaussian_Blured_Pictures\blurred_cardboard306.jpg,cardboard
Gaussian_Blured_Pictures\blurred_glass406.jpg,glass
Gaussian_Blured_Pictures\blurred_glass294.jpg,glass
Gaussian_Blured_Pictures\blurred_plastic59.jpg,plastic
Gaussian_Blured_Pictures\blurred_paper224.jpg,paper
Gaussian_Blured_Pictures\blurred_metal119.jpg,metal
Gaussian_Blured_Pictures\blurred_metal71.jpg,metal
Gaussian_Blured_Pictures\blurred_trash127.jpg,trash
Gaussian_Blured_Pictures\blurred_plastic138.jpg,plastic
Gaussian_Blured_Pictures\blurred_cardboard154.jpg,cardboard
Gaussian_Blured_Pictures\blurred_paper340.jpg,paper
Gaussian_Blured_Pictures\blurred_glass362.jpg,glass
Gaussian_Blured_Pictures\blurred_paper557.jpg,paper
Gaussian_Blured_Pictures\blurred_metal348.jpg,metal
Gaussian_Blured_Pictures\blurred_plastic144.jpg,plastic
Gaussian_Blured_Pictures\blurred_plastic299.jpg,plastic
Gaussian_Blured_Pictures\blurred_plastic283.jpg,plastic
Gaussian_Blured_Pictures\blurred_plastic166.jpg,plastic
Gaussian_Blured_Pictures\blurred_trash22.jpg,trash
Gaussian_Blured_Pictures\blurred_glass45.jpg,glass
Gaussian_Blured_Pictures\blurred_metal148.jpg,metal
Gaussian_Blured_Pictures\blurred_plastic165.jpg,plastic
Gaussian_Blured_Pictures\blurred_glass23.jpg,glass
Gaussian_Blured_Pictures\blurred_trash58.jpg,trash
Gaussian_Blured_Pictures\blurred_metal206.jpg,metal
Gaussian_Blured_Pictures\blurred_metal195.jpg,metal
Gaussian_Blured_Pictures\blurred_metal96.jpg,metal
Gaussian_Blured_Pictures\blurred_plastic95.jpg,plastic
Gaussian_Blured_Pictures\blurred_paper291.jpg,paper
Gaussian_Blured_Pictures\blurred_glass393.jpg,glass
Gaussian_Blured_Pictures\blurred_paper102.jpg,paper
Gaussian_Blured_Pictures\blurred_metal253.jpg,metal
Gaussian_Blured_Pictures\blurred_trash34.jpg,trash
Gaussian_Blured_Pictures\blurred_paper195.jpg,paper
Gaussian_Blured_Pictures\blurred_paper591.jpg,paper
Gaussian_Blured_Pictures\blurred_glass205.jpg,glass
Gaussian_Blured_Pictures\blurred_cardboard352.jpg,cardboard
Gaussian_Blured_Pictures\blurred_cardboard319.jpg,cardboard
Gaussian_Blured_Pictures\blurred_paper153.jpg,paper
Gaussian_Blured_Pictures\blurred_cardboard59.jpg,cardboard
Gaussian_Blured_Pictures\blurred_metal118.jpg,metal
Gaussian_Blured_Pictures\blurred_trash102.jpg,trash
Gaussian_Blured_Pictures\blurred_metal384.jpg,metal
Gaussian_Blured_Pictures\blurred_plastic184.jpg,plastic
Gaussian_Blured_Pictures\blurred_glass151.jpg,glass
Gaussian_Blured_Pictures\blurred_paper106.jpg,paper
Gaussian_Blured_Pictures\blurred_paper203.jpg,paper
Gaussian_Blured_Pictures\blurred_plastic5.jpg,plastic
Gaussian_Blured_Pictures\blurred_plastic100.jpg,plastic
Gaussian_Blured_Pictures\blurred_metal208.jpg,metal
Gaussian_Blured_Pictures\blurred_glass120.jpg,glass
Gaussian_Blured_Pictures\blurred_metal346.jpg,metal
Gaussian_Blured_Pictures\blurred_trash82.jpg,trash
Gaussian_Blured_Pictures\blurred_cardboard229.jpg,cardboard
Gaussian_Blured_Pictures\blurred_plastic142.jpg,plastic
Gaussian_Blured_Pictures\blurred_trash71.jpg,trash
Gaussian_Blured_Pictures\blurred_metal368.jpg,metal
Gaussian_Blured_Pictures\blurred_cardboard367.jpg,cardboard
Gaussian_Blured_Pictures\blurred_metal153.jpg,metal
Gaussian_Blured_Pictures\blurred_metal360.jpg,metal
Gaussian_Blured_Pictures\blurred_metal341.jpg,metal
Gaussian_Blured_Pictures\blurred_metal145.jpg,metal
Gaussian_Blured_Pictures\blurred_cardboard122.jpg,cardboard
Gaussian_Blured_Pictures\blurred_plastic318.jpg,plastic
Gaussian_Blured_Pictures\blurred_glass331.jpg,glass
Gaussian_Blured_Pictures\blurred_paper323.jpg,paper
Gaussian_Blured_Pictures\blurred_cardboard49.jpg,cardboard
Gaussian_Blured_Pictures\blurred_paper142.jpg,paper
Gaussian_Blured_Pictures\blurred_cardboard334.jpg,cardboard
Gaussian_Blured_Pictures\blurred_metal215.jpg,metal
Gaussian_Blured_Pictures\blurred_plastic92.jpg,plastic
Gaussian_Blured_Pictures\blurred_cardboard31.jpg,cardboard
Gaussian_Blured_Pictures\blurred_paper24.jpg,paper
Gaussian_Blured_Pictures\blurred_trash27.jpg,trash
Gaussian_Blured_Pictures\blurred_glass458.jpg,glass
Gaussian_Blured_Pictures\blurred_paper177.jpg,paper
Gaussian_Blured_Pictures\blurred_glass365.jpg,glass
Gaussian_Blured_Pictures\blurred_glass326.jpg,glass
Gaussian_Blured_Pictures\blurred_paper357.jpg,paper
Gaussian_Blured_Pictures\blurred_paper502.jpg,paper
Gaussian_Blured_Pictures\blurred_metal102.jpg,metal
Gaussian_Blured_Pictures\blurred_cardboard359.jpg,cardboard
Gaussian_Blured_Pictures\blurred_paper453.jpg,paper
Gaussian_Blured_Pictures\blurred_glass218.jpg,glass
Gaussian_Blured_Pictures\blurred_metal87.jpg,metal
Gaussian_Blured_Pictures\blurred_cardboard246.jpg,cardboard
Gaussian_Blured_Pictures\blurred_plastic436.jpg,plastic
Gaussian_Blured_Pictures\blurred_paper199.jpg,paper
Gaussian_Blured_Pictures\blurred_glass323.jpg,glass
Gaussian_Blured_Pictures\blurred_metal385.jpg,metal
Gaussian_Blured_Pictures\blurred_cardboard215.jpg,cardboard
Gaussian_Blured_Pictures\blurred_metal85.jpg,metal
Gaussian_Blured_Pictures\blurred_glass74.jpg,glass
Gaussian_Blured_Pictures\blurred_plastic11.jpg,plastic
Gaussian_Blured_Pictures\blurred_cardboard44.jpg,cardboard
Gaussian_Blured_Pictures\blurred_glass456.jpg,glass
Gaussian_Blured_Pictures\blurred_metal50.jpg,metal
Gaussian_Blured_Pictures\blurred_glass338.jpg,glass
Gaussian_Blured_Pictures\blurred_trash16.jpg,trash
Gaussian_Blured_Pictures\blurred_cardboard140.jpg,cardboard
Gaussian_Blured_Pictures\blurred_glass137.jpg,glass
Gaussian_Blured_Pictures\blurred_metal281.jpg,metal
Gaussian_Blured_Pictures\blurred_paper461.jpg,paper
Gaussian_Blured_Pictures\blurred_metal282.jpg,metal
Gaussian_Blured_Pictures\blurred_cardboard326.jpg,cardboard
Gaussian_Blured_Pictures\blurred_paper82.jpg,paper
Gaussian_Blured_Pictures\blurred_glass102.jpg,glass
Gaussian_Blured_Pictures\blurred_paper95.jpg,paper
Gaussian_Blured_Pictures\blurred_metal150.jpg,metal
Gaussian_Blured_Pictures\blurred_plastic355.jpg,plastic
Gaussian_Blured_Pictures\blurred_paper348.jpg,paper
Gaussian_Blured_Pictures\blurred_glass51.jpg,glass
Gaussian_Blured_Pictures\blurred_metal382.jpg,metal
Gaussian_Blured_Pictures\blurred_glass478.jpg,glass
Gaussian_Blured_Pictures\blurred_metal186.jpg,metal
Gaussian_Blured_Pictures\blurred_glass75.jpg,glass
Gaussian_Blured_Pictures\blurred_glass55.jpg,glass
Gaussian_Blured_Pictures\blurred_plastic446.jpg,plastic
Gaussian_Blured_Pictures\blurred_paper462.jpg,paper
Gaussian_Blured_Pictures\blurred_paper25.jpg,paper
Gaussian_Blured_Pictures\blurred_plastic113.jpg,plastic
Gaussian_Blured_Pictures\blurred_glass110.jpg,glass
Gaussian_Blured_Pictures\blurred_plastic183.jpg,plastic
Gaussian_Blured_Pictures\blurred_plastic221.jpg,plastic
Gaussian_Blured_Pictures\blurred_trash94.jpg,trash
Gaussian_Blured_Pictures\blurred_glass276.jpg,glass
Gaussian_Blured_Pictures\blurred_plastic301.jpg,plastic
Gaussian_Blured_Pictures\blurred_cardboard206.jpg,cardboard
Gaussian_Blured_Pictures\blurred_cardboard151.jpg,cardboard
Gaussian_Blured_Pictures\blurred_paper7.jpg,paper
Gaussian_Blured_Pictures\blurred_cardboard227.jpg,cardboard
Gaussian_Blured_Pictures\blurred_paper1.jpg,paper
Gaussian_Blured_Pictures\blurred_glass195.jpg,glass
Gaussian_Blured_Pictures\blurred_paper309.jpg,paper
Gaussian_Blured_Pictures\blurred_metal398.jpg,metal
Gaussian_Blured_Pictures\blurred_metal302.jpg,metal
Gaussian_Blured_Pictures\blurred_plastic2.jpg,plastic
Gaussian_Blured_Pictures\blurred_cardboard256.jpg,cardboard
Gaussian_Blured_Pictures\blurred_glass355.jpg,glass
Gaussian_Blured_Pictures\blurred_paper415.jpg,paper
Gaussian_Blured_Pictures\blurred_paper361.jpg,paper
Gaussian_Blured_Pictures\blurred_glass31.jpg,glass
Gaussian_Blured_Pictures\blurred_metal273.jpg,metal
Gaussian_Blured_Pictures\blurred_glass391.jpg,glass
Gaussian_Blured_Pictures\blurred_cardboard73.jpg,cardboard
Gaussian_Blured_Pictures\blurred_plastic452.jpg,plastic
Gaussian_Blured_Pictures\blurred_plastic214.jpg,plastic
Gaussian_Blured_Pictures\blurred_paper243.jpg,paper
Gaussian_Blured_Pictures\blurred_metal31.jpg,metal
Gaussian_Blured_Pictures\blurred_metal20.jpg,metal
Gaussian_Blured_Pictures\blurred_plastic364.jpg,plastic
Gaussian_Blured_Pictures\blurred_metal250.jpg,metal
Gaussian_Blured_Pictures\blurred_cardboard201.jpg,cardboard
Gaussian_Blured_Pictures\blurred_plastic387.jpg,plastic
Gaussian_Blured_Pictures\blurred_trash55.jpg,trash
Gaussian_Blured_Pictures\blurred_metal91.jpg,metal
Gaussian_Blured_Pictures\blurred_plastic474.jpg,plastic
Gaussian_Blured_Pictures\blurred_plastic243.jpg,plastic
Gaussian_Blured_Pictures\blurred_cardboard60.jpg,cardboard
Gaussian_Blured_Pictures\blurred_plastic161.jpg,plastic
Gaussian_Blured_Pictures\blurred_glass316.jpg,glass
Gaussian_Blured_Pictures\blurred_paper326.jpg,paper
Gaussian_Blured_Pictures\blurred_cardboard284.jpg,cardboard
Gaussian_Blured_Pictures\blurred_paper290.jpg,paper
Gaussian_Blured_Pictures\blurred_glass236.jpg,glass
Gaussian_Blured_Pictures\blurred_paper206.jpg,paper
Gaussian_Blured_Pictures\blurred_glass170.jpg,glass
Gaussian_Blured_Pictures\blurred_cardboard351.jpg,cardboard
Gaussian_Blured_Pictures\blurred_glass380.jpg,glass
Gaussian_Blured_Pictures\blurred_paper190.jpg,paper
Gaussian_Blured_Pictures\blurred_plastic350.jpg,plastic
Gaussian_Blured_Pictures\blurred_paper263.jpg,paper
Gaussian_Blured_Pictures\blurred_glass374.jpg,glass
Gaussian_Blured_Pictures\blurred_paper473.jpg,paper
Gaussian_Blured_Pictures\blurred_metal399.jpg,metal
Gaussian_Blured_Pictures\blurred_paper83.jpg,paper
Gaussian_Blured_Pictures\blurred_plastic324.jpg,plastic
Gaussian_Blured_Pictures\blurred_metal83.jpg,metal
Gaussian_Blured_Pictures\blurred_paper74.jpg,paper
Gaussian_Blured_Pictures\blurred_plastic40.jpg,plastic
Gaussian_Blured_Pictures\blurred_paper275.jpg,paper
Gaussian_Blured_Pictures\blurred_metal41.jpg,metal
Gaussian_Blured_Pictures\blurred_metal276.jpg,metal
Gaussian_Blured_Pictures\blurred_cardboard309.jpg,cardboard
Gaussian_Blured_Pictures\blurred_paper116.jpg,paper
Gaussian_Blured_Pictures\blurred_paper288.jpg,paper
Gaussian_Blured_Pictures\blurred_plastic19.jpg,plastic
Gaussian_Blured_Pictures\blurred_paper217.jpg,paper
Gaussian_Blured_Pictures\blurred_paper446.jpg,paper
Gaussian_Blured_Pictures\blurred_glass449.jpg,glass
Gaussian_Blured_Pictures\blurred_glass295.jpg,glass
Gaussian_Blured_Pictures\blurred_paper455.jpg,paper
Gaussian_Blured_Pictures\blurred_paper248.jpg,paper
Gaussian_Blured_Pictures\blurred_plastic119.jpg,plastic
Gaussian_Blured_Pictures\blurred_cardboard13.jpg,cardboard
Gaussian_Blured_Pictures\blurred_glass366.jpg,glass
Gaussian_Blured_Pictures\blurred_metal410.jpg,metal
Gaussian_Blured_Pictures\blurred_metal216.jpg,metal
Gaussian_Blured_Pictures\blurred_metal332.jpg,metal
Gaussian_Blured_Pictures\blurred_trash72.jpg,trash
Gaussian_Blured_Pictures\blurred_plastic480.jpg,plastic
Gaussian_Blured_Pictures\blurred_metal144.jpg,metal
Gaussian_Blured_Pictures\blurred_metal5.jpg,metal
Gaussian_Blured_Pictures\blurred_paper465.jpg,paper
Gaussian_Blured_Pictures\blurred_cardboard358.jpg,cardboard
Gaussian_Blured_Pictures\blurred_metal70.jpg,metal
Gaussian_Blured_Pictures\blurred_plastic245.jpg,plastic
Gaussian_Blured_Pictures\blurred_paper280.jpg,paper
Gaussian_Blured_Pictures\blurred_paper443.jpg,paper
Gaussian_Blured_Pictures\blurred_paper445.jpg,paper
Gaussian_Blured_Pictures\blurred_plastic146.jpg,plastic
Gaussian_Blured_Pictures\blurred_cardboard75.jpg,cardboard
Gaussian_Blured_Pictures\blurred_paper84.jpg,paper
Gaussian_Blured_Pictures\blurred_plastic427.jpg,plastic
Gaussian_Blured_Pictures\blurred_metal254.jpg,metal
Gaussian_Blured_Pictures\blurred_plastic66.jpg,plastic
Gaussian_Blured_Pictures\blurred_cardboard95.jpg,cardboard
Gaussian_Blured_Pictures\blurred_cardboard204.jpg,cardboard
Gaussian_Blured_Pictures\blurred_plastic57.jpg,plastic
Gaussian_Blured_Pictures\blurred_cardboard384.jpg,cardboard
Gaussian_Blured_Pictures\blurred_paper244.jpg,paper
Gaussian_Blured_Pictures\blurred_plastic115.jpg,plastic
Gaussian_Blured_Pictures\blurred_paper581.jpg,paper
Gaussian_Blured_Pictures\blurred_paper62.jpg,paper
Gaussian_Blured_Pictures\blurred_cardboard211.jpg,cardboard
Gaussian_Blured_Pictures\blurred_cardboard274.jpg,cardboard
Gaussian_Blured_Pictures\blurred_cardboard180.jpg,cardboard
Gaussian_Blured_Pictures\blurred_glass246.jpg,glass
Gaussian_Blured_Pictures\blurred_cardboard243.jpg,cardboard
Gaussian_Blured_Pictures\blurred_plastic158.jpg,plastic
Gaussian_Blured_Pictures\blurred_cardboard303.jpg,cardboard
Gaussian_Blured_Pictures\blurred_plastic147.jpg,plastic
Gaussian_Blured_Pictures\blurred_glass356.jpg,glass
Gaussian_Blured_Pictures\blurred_metal363.jpg,metal
Gaussian_Blured_Pictures\blurred_glass225.jpg,glass
Gaussian_Blured_Pictures\blurred_cardboard2.jpg,cardboard
Gaussian_Blured_Pictures\blurred_cardboard277.jpg,cardboard
Gaussian_Blured_Pictures\blurred_metal141.jpg,metal
Gaussian_Blured_Pictures\blurred_glass91.jpg,glass
Gaussian_Blured_Pictures\blurred_metal325.jpg,metal
Gaussian_Blured_Pictures\blurred_glass24.jpg,glass
Gaussian_Blured_Pictures\blurred_paper87.jpg,paper
Gaussian_Blured_Pictures\blurred_glass72.jpg,glass
Gaussian_Blured_Pictures\blurred_metal209.jpg,metal
Gaussian_Blured_Pictures\blurred_cardboard335.jpg,cardboard
Gaussian_Blured_Pictures\blurred_plastic466.jpg,plastic
Gaussian_Blured_Pictures\blurred_glass133.jpg,glass
Gaussian_Blured_Pictures\blurred_trash75.jpg,trash
Gaussian_Blured_Pictures\blurred_cardboard14.jpg,cardboard
Gaussian_Blured_Pictures\blurred_cardboard311.jpg,cardboard
Gaussian_Blured_Pictures\blurred_plastic286.jpg,plastic
Gaussian_Blured_Pictures\blurred_glass412.jpg,glass
Gaussian_Blured_Pictures\blurred_glass142.jpg,glass
Gaussian_Blured_Pictures\blurred_plastic236.jpg,plastic
Gaussian_Blured_Pictures\blurred_plastic135.jpg,plastic
Gaussian_Blured_Pictures\blurred_cardboard142.jpg,cardboard
Gaussian_Blured_Pictures\blurred_glass61.jpg,glass
Gaussian_Blured_Pictures\blurred_plastic169.jpg,plastic
Gaussian_Blured_Pictures\blurred_plastic455.jpg,plastic
Gaussian_Blured_Pictures\blurred_trash3.jpg,trash
Gaussian_Blured_Pictures\blurred_glass82.jpg,glass
Gaussian_Blured_Pictures\blurred_plastic208.jpg,plastic
Gaussian_Blured_Pictures\blurred_paper115.jpg,paper
Gaussian_Blured_Pictures\blurred_paper284.jpg,paper
Gaussian_Blured_Pictures\blurred_metal80.jpg,metal
Gaussian_Blured_Pictures\blurred_plastic453.jpg,plastic
Gaussian_Blured_Pictures\blurred_cardboard24.jpg,cardboard
Gaussian_Blured_Pictures\blurred_glass84.jpg,glass
Gaussian_Blured_Pictures\blurred_cardboard207.jpg,cardboard
Gaussian_Blured_Pictures\blurred_paper558.jpg,paper
Gaussian_Blured_Pictures\blurred_paper369.jpg,paper
Gaussian_Blured_Pictures\blurred_plastic348.jpg,plastic
Gaussian_Blured_Pictures\blurred_paper79.jpg,paper
Gaussian_Blured_Pictures\blurred_cardboard146.jpg,cardboard
Gaussian_Blured_Pictures\blurred_plastic356.jpg,plastic
Gaussian_Blured_Pictures\blurred_cardboard341.jpg,cardboard
Gaussian_Blured_Pictures\blurred_trash62.jpg,trash
Gaussian_Blured_Pictures\blurred_cardboard110.jpg,cardboard
Gaussian_Blured_Pictures\blurred_paper508.jpg,paper
Gaussian_Blured_Pictures\blurred_cardboard261.jpg,cardboard
Gaussian_Blured_Pictures\blurred_glass382.jpg,glass
Gaussian_Blured_Pictures\blurred_metal67.jpg,metal
Gaussian_Blured_Pictures\blurred_paper384.jpg,paper
Gaussian_Blured_Pictures\blurred_plastic437.jpg,plastic
Gaussian_Blured_Pictures\blurred_paper505.jpg,paper
Gaussian_Blured_Pictures\blurred_trash120.jpg,trash
Gaussian_Blured_Pictures\blurred_plastic448.jpg,plastic
Gaussian_Blured_Pictures\blurred_glass484.jpg,glass
Gaussian_Blured_Pictures\blurred_plastic174.jpg,plastic
Gaussian_Blured_Pictures\blurred_paper495.jpg,paper
Gaussian_Blured_Pictures\blurred_metal194.jpg,metal
Gaussian_Blured_Pictures\blurred_plastic322.jpg,plastic
Gaussian_Blured_Pictures\blurred_metal290.jpg,metal
Gaussian_Blured_Pictures\blurred_metal362.jpg,metal
Gaussian_Blured_Pictures\blurred_plastic459.jpg,plastic
Gaussian_Blured_Pictures\blurred_paper564.jpg,paper
Gaussian_Blured_Pictures\blurred_glass180.jpg,glass
Gaussian_Blured_Pictures\blurred_paper160.jpg,paper
Gaussian_Blured_Pictures\blurred_glass279.jpg,glass
Gaussian_Blured_Pictures\blurred_plastic354.jpg,plastic
Gaussian_Blured_Pictures\blurred_paper479.jpg,paper
Gaussian_Blured_Pictures\blurred_trash44.jpg,trash
Gaussian_Blured_Pictures\blurred_paper416.jpg,paper
Gaussian_Blured_Pictures\blurred_paper32.jpg,paper
Gaussian_Blured_Pictures\blurred_glass76.jpg,glass
Gaussian_Blured_Pictures\blurred_paper318.jpg,paper
Gaussian_Blured_Pictures\blurred_glass360.jpg,glass
Gaussian_Blured_Pictures\blurred_glass337.jpg,glass
Gaussian_Blured_Pictures\blurred_plastic260.jpg,plastic
Gaussian_Blured_Pictures\blurred_cardboard65.jpg,cardboard
Gaussian_Blured_Pictures\blurred_plastic407.jpg,plastic
Gaussian_Blured_Pictures\blurred_paper58.jpg,paper
Gaussian_Blured_Pictures\blurred_cardboard293.jpg,cardboard
Gaussian_Blured_Pictures\blurred_paper70.jpg,paper
Gaussian_Blured_Pictures\blurred_paper376.jpg,paper
Gaussian_Blured_Pictures\blurred_paper520.jpg,paper
Gaussian_Blured_Pictures\blurred_metal291.jpg,metal
Gaussian_Blured_Pictures\blurred_plastic276.jpg,plastic
Gaussian_Blured_Pictures\blurred_plastic285.jpg,plastic
Gaussian_Blured_Pictures\blurred_glass395.jpg,glass
Gaussian_Blured_Pictures\blurred_glass419.jpg,glass
Gaussian_Blured_Pictures\blurred_metal389.jpg,metal
Gaussian_Blured_Pictures\blurred_cardboard134.jpg,cardboard
Gaussian_Blured_Pictures\blurred_metal407.jpg,metal
Gaussian_Blured_Pictures\blurred_paper176.jpg,paper
Gaussian_Blured_Pictures\blurred_glass414.jpg,glass
Gaussian_Blured_Pictures\blurred_glass213.jpg,glass
Gaussian_Blured_Pictures\blurred_metal316.jpg,metal
Gaussian_Blured_Pictures\blurred_paper262.jpg,paper
Gaussian_Blured_Pictures\blurred_paper481.jpg,paper
Gaussian_Blured_Pictures\blurred_glass469.jpg,glass
Gaussian_Blured_Pictures\blurred_paper4.jpg,paper
Gaussian_Blured_Pictures\blurred_glass86.jpg,glass
Gaussian_Blured_Pictures\blurred_glass62.jpg,glass
Gaussian_Blured_Pictures\blurred_paper100.jpg,paper
Gaussian_Blured_Pictures\blurred_paper504.jpg,paper
Gaussian_Blured_Pictures\blurred_paper483.jpg,paper
Gaussian_Blured_Pictures\blurred_paper360.jpg,paper
Gaussian_Blured_Pictures\blurred_metal386.jpg,metal
Gaussian_Blured_Pictures\blurred_paper188.jpg,paper
Gaussian_Blured_Pictures\blurred_metal278.jpg,metal
Gaussian_Blured_Pictures\blurred_metal298.jpg,metal
Gaussian_Blured_Pictures\blurred_glass174.jpg,glass
Gaussian_Blured_Pictures\blurred_plastic302.jpg,plastic
Gaussian_Blured_Pictures\blurred_metal201.jpg,metal
Gaussian_Blured_Pictures\blurred_paper530.jpg,paper
Gaussian_Blured_Pictures\blurred_paper165.jpg,paper
Gaussian_Blured_Pictures\blurred_cardboard149.jpg,cardboard
Gaussian_Blured_Pictures\blurred_cardboard23.jpg,cardboard
Gaussian_Blured_Pictures\blurred_metal406.jpg,metal
Gaussian_Blured_Pictures\blurred_metal51.jpg,metal
Gaussian_Blured_Pictures\blurred_plastic365.jpg,plastic
Gaussian_Blured_Pictures\blurred_plastic292.jpg,plastic
Gaussian_Blured_Pictures\blurred_metal146.jpg,metal
Gaussian_Blured_Pictures\blurred_trash104.jpg,trash
Gaussian_Blured_Pictures\blurred_plastic93.jpg,plastic
Gaussian_Blured_Pictures\blurred_metal76.jpg,metal
Gaussian_Blured_Pictures\blurred_cardboard39.jpg,cardboard
Gaussian_Blured_Pictures\blurred_plastic85.jpg,plastic
Gaussian_Blured_Pictures\blurred_glass481.jpg,glass
Gaussian_Blured_Pictures\blurred_glass443.jpg,glass
Gaussian_Blured_Pictures\blurred_paper60.jpg,paper
Gaussian_Blured_Pictures\blurred_trash21.jpg,trash
Gaussian_Blured_Pictures\blurred_plastic82.jpg,plastic
Gaussian_Blured_Pictures\blurred_glass70.jpg,glass
Gaussian_Blured_Pictures\blurred_cardboard162.jpg,cardboard
Gaussian_Blured_Pictures\blurred_cardboard27.jpg,cardboard
Gaussian_Blured_Pictures\blurred_glass285.jpg,glass
Gaussian_Blured_Pictures\blurred_plastic131.jpg,plastic
Gaussian_Blured_Pictures\blurred_cardboard115.jpg,cardboard
Gaussian_Blured_Pictures\blurred_trash110.jpg,trash
Gaussian_Blured_Pictures\blurred_paper401.jpg,paper
Gaussian_Blured_Pictures\blurred_plastic51.jpg,plastic
Gaussian_Blured_Pictures\blurred_metal94.jpg,metal
Gaussian_Blured_Pictures\blurred_metal207.jpg,metal
Gaussian_Blured_Pictures\blurred_glass444.jpg,glass
Gaussian_Blured_Pictures\blurred_cardboard21.jpg,cardboard
Gaussian_Blured_Pictures\blurred_paper140.jpg,paper
Gaussian_Blured_Pictures\blurred_paper292.jpg,paper
Gaussian_Blured_Pictures\blurred_plastic78.jpg,plastic
Gaussian_Blured_Pictures\blurred_glass69.jpg,glass
Gaussian_Blured_Pictures\blurred_trash124.jpg,trash
Gaussian_Blured_Pictures\blurred_trash86.jpg,trash
Gaussian_Blured_Pictures\blurred_paper372.jpg,paper
Gaussian_Blured_Pictures\blurred_plastic134.jpg,plastic
Gaussian_Blured_Pictures\blurred_trash123.jpg,trash
Gaussian_Blured_Pictures\blurred_plastic429.jpg,plastic
Gaussian_Blured_Pictures\blurred_glass54.jpg,glass
Gaussian_Blured_Pictures\blurred_cardboard8.jpg,cardboard
Gaussian_Blured_Pictures\blurred_glass460.jpg,glass
Gaussian_Blured_Pictures\blurred_paper86.jpg,paper
Gaussian_Blured_Pictures\blurred_paper586.jpg,paper
Gaussian_Blured_Pictures\blurred_trash119.jpg,trash
Gaussian_Blured_Pictures\blurred_paper126.jpg,paper
Gaussian_Blured_Pictures\blurred_paper164.jpg,paper
Gaussian_Blured_Pictures\blurred_plastic171.jpg,plastic
Gaussian_Blured_Pictures\blurred_plastic104.jpg,plastic
Gaussian_Blured_Pictures\blurred_plastic443.jpg,plastic
Gaussian_Blured_Pictures\blurred_cardboard400.jpg,cardboard
Gaussian_Blured_Pictures\blurred_paper266.jpg,paper
Gaussian_Blured_Pictures\blurred_paper536.jpg,paper
Gaussian_Blured_Pictures\blurred_glass489.jpg,glass
Gaussian_Blured_Pictures\blurred_metal46.jpg,metal
Gaussian_Blured_Pictures\blurred_plastic464.jpg,plastic
Gaussian_Blured_Pictures\blurred_paper388.jpg,paper
Gaussian_Blured_Pictures\blurred_plastic21.jpg,plastic
Gaussian_Blured_Pictures\blurred_glass325.jpg,glass
Gaussian_Blured_Pictures\blurred_trash65.jpg,trash
Gaussian_Blured_Pictures\blurred_trash106.jpg,trash
Gaussian_Blured_Pictures\blurred_trash4.jpg,trash
Gaussian_Blured_Pictures\blurred_plastic234.jpg,plastic
Gaussian_Blured_Pictures\blurred_trash29.jpg,trash
Gaussian_Blured_Pictures\blurred_paper73.jpg,paper
Gaussian_Blured_Pictures\blurred_metal135.jpg,metal
Gaussian_Blured_Pictures\blurred_plastic99.jpg,plastic
Gaussian_Blured_Pictures\blurred_cardboard318.jpg,cardboard
Gaussian_Blured_Pictures\blurred_paper209.jpg,paper
Gaussian_Blured_Pictures\blurred_trash17.jpg,trash
Gaussian_Blured_Pictures\blurred_paper373.jpg,paper
Gaussian_Blured_Pictures\blurred_plastic244.jpg,plastic
Gaussian_Blured_Pictures\blurred_glass249.jpg,glass
Gaussian_Blured_Pictures\blurred_paper23.jpg,paper
Gaussian_Blured_Pictures\blurred_paper16.jpg,paper
Gaussian_Blured_Pictures\blurred_paper207.jpg,paper
Gaussian_Blured_Pictures\blurred_glass175.jpg,glass
Gaussian_Blured_Pictures\blurred_paper336.jpg,paper
Gaussian_Blured_Pictures\blurred_cardboard281.jpg,cardboard
Gaussian_Blured_Pictures\blurred_trash130.jpg,trash
Gaussian_Blured_Pictures\blurred_paper408.jpg,paper
Gaussian_Blured_Pictures\blurred_glass404.jpg,glass
Gaussian_Blured_Pictures\blurred_cardboard308.jpg,cardboard
Gaussian_Blured_Pictures\blurred_paper546.jpg,paper
Gaussian_Blured_Pictures\blurred_trash7.jpg,trash
Gaussian_Blured_Pictures\blurred_paper253.jpg,paper
Gaussian_Blured_Pictures\blurred_cardboard29.jpg,cardboard
Gaussian_Blured_Pictures\blurred_glass15.jpg,glass
Gaussian_Blured_Pictures\blurred_glass52.jpg,glass
Gaussian_Blured_Pictures\blurred_paper420.jpg,paper
Gaussian_Blured_Pictures\blurred_glass307.jpg,glass
Gaussian_Blured_Pictures\blurred_cardboard331.jpg,cardboard
Gaussian_Blured_Pictures\blurred_glass206.jpg,glass
Gaussian_Blured_Pictures\blurred_paper317.jpg,paper
Gaussian_Blured_Pictures\blurred_glass30.jpg,glass
Gaussian_Blured_Pictures\blurred_glass44.jpg,glass
Gaussian_Blured_Pictures\blurred_glass48.jpg,glass
Gaussian_Blured_Pictures\blurred_cardboard296.jpg,cardboard
Gaussian_Blured_Pictures\blurred_paper293.jpg,paper
Gaussian_Blured_Pictures\blurred_glass340.jpg,glass
Gaussian_Blured_Pictures\blurred_paper514.jpg,paper
Gaussian_Blured_Pictures\blurred_paper468.jpg,paper
Gaussian_Blured_Pictures\blurred_paper510.jpg,paper
Gaussian_Blured_Pictures\blurred_glass318.jpg,glass
Gaussian_Blured_Pictures\blurred_cardboard364.jpg,cardboard
Gaussian_Blured_Pictures\blurred_glass150.jpg,glass
Gaussian_Blured_Pictures\blurred_metal65.jpg,metal
Gaussian_Blured_Pictures\blurred_paper482.jpg,paper
Gaussian_Blured_Pictures\blurred_cardboard137.jpg,cardboard
Gaussian_Blured_Pictures\blurred_cardboard267.jpg,cardboard
Gaussian_Blured_Pictures\blurred_paper470.jpg,paper
Gaussian_Blured_Pictures\blurred_plastic94.jpg,plastic
Gaussian_Blured_Pictures\blurred_paper287.jpg,paper
Gaussian_Blured_Pictures\blurred_cardboard7.jpg,cardboard
Gaussian_Blured_Pictures\blurred_metal106.jpg,metal
Gaussian_Blured_Pictures\blurred_paper594.jpg,paper
Gaussian_Blured_Pictures\blurred_cardboard356.jpg,cardboard
Gaussian_Blured_Pictures\blurred_glass172.jpg,glass
Gaussian_Blured_Pictures\blurred_paper395.jpg,paper
Gaussian_Blured_Pictures\blurred_paper299.jpg,paper
Gaussian_Blured_Pictures\blurred_metal47.jpg,metal
Gaussian_Blured_Pictures\blurred_paper149.jpg,paper
Gaussian_Blured_Pictures\blurred_glass90.jpg,glass
Gaussian_Blured_Pictures\blurred_metal189.jpg,metal
Gaussian_Blured_Pictures\blurred_paper12.jpg,paper
Gaussian_Blured_Pictures\blurred_paper110.jpg,paper
Gaussian_Blured_Pictures\blurred_paper277.jpg,paper
Gaussian_Blured_Pictures\blurred_cardboard129.jpg,cardboard
Gaussian_Blured_Pictures\blurred_metal114.jpg,metal
Gaussian_Blured_Pictures\blurred_trash90.jpg,trash
Gaussian_Blured_Pictures\blurred_glass127.jpg,glass
Gaussian_Blured_Pictures\blurred_cardboard329.jpg,cardboard
Gaussian_Blured_Pictures\blurred_plastic132.jpg,plastic
Gaussian_Blured_Pictures\blurred_paper406.jpg,paper
Gaussian_Blured_Pictures\blurred_plastic372.jpg,plastic
Gaussian_Blured_Pictures\blurred_glass256.jpg,glass
Gaussian_Blured_Pictures\blurred_plastic402.jpg,plastic
Gaussian_Blured_Pictures\blurred_metal321.jpg,metal
Gaussian_Blured_Pictures\blurred_plastic173.jpg,plastic
Gaussian_Blured_Pictures\blurred_metal221.jpg,metal
Gaussian_Blured_Pictures\blurred_metal37.jpg,metal
Gaussian_Blured_Pictures\blurred_trash39.jpg,trash
Gaussian_Blured_Pictures\blurred_cardboard248.jpg,cardboard
Gaussian_Blured_Pictures\blurred_glass122.jpg,glass
Gaussian_Blured_Pictures\blurred_paper36.jpg,paper
Gaussian_Blured_Pictures\blurred_plastic172.jpg,plastic
Gaussian_Blured_Pictures\blurred_paper472.jpg,paper
Gaussian_Blured_Pictures\blurred_cardboard4.jpg,cardboard
Gaussian_Blured_Pictures\blurred_paper152.jpg,paper
Gaussian_Blured_Pictures\blurred_metal358.jpg,metal
Gaussian_Blured_Pictures\blurred_metal197.jpg,metal
Gaussian_Blured_Pictures\blurred_glass242.jpg,glass
Gaussian_Blured_Pictures\blurred_glass183.jpg,glass
Gaussian_Blured_Pictures\blurred_glass397.jpg,glass
Gaussian_Blured_Pictures\blurred_paper561.jpg,paper
Gaussian_Blured_Pictures\blurred_glass485.jpg,glass
Gaussian_Blured_Pictures\blurred_cardboard159.jpg,cardboard
Gaussian_Blured_Pictures\blurred_paper228.jpg,paper
Gaussian_Blured_Pictures\blurred_cardboard117.jpg,cardboard
Gaussian_Blured_Pictures\blurred_glass241.jpg,glass
Gaussian_Blured_Pictures\blurred_cardboard3.jpg,cardboard
Gaussian_Blured_Pictures\blurred_glass296.jpg,glass
Gaussian_Blured_Pictures\blurred_paper130.jpg,paper
Gaussian_Blured_Pictures\blurred_glass199.jpg,glass
Gaussian_Blured_Pictures\blurred_paper362.jpg,paper
Gaussian_Blured_Pictures\blurred_metal88.jpg,metal
Gaussian_Blured_Pictures\blurred_metal219.jpg,metal
Gaussian_Blured_Pictures\blurred_cardboard150.jpg,cardboard
Gaussian_Blured_Pictures\blurred_metal154.jpg,metal
Gaussian_Blured_Pictures\blurred_cardboard121.jpg,cardboard
Gaussian_Blured_Pictures\blurred_glass202.jpg,glass
Gaussian_Blured_Pictures\blurred_plastic120.jpg,plastic
Gaussian_Blured_Pictures\blurred_glass319.jpg,glass
Gaussian_Blured_Pictures\blurred_plastic343.jpg,plastic
Gaussian_Blured_Pictures\blurred_paper426.jpg,paper
Gaussian_Blured_Pictures\blurred_paper516.jpg,paper
Gaussian_Blured_Pictures\blurred_glass162.jpg,glass
Gaussian_Blured_Pictures\blurred_paper475.jpg,paper
Gaussian_Blured_Pictures\blurred_glass250.jpg,glass
Gaussian_Blured_Pictures\blurred_paper168.jpg,paper
Gaussian_Blured_Pictures\blurred_plastic182.jpg,plastic
Gaussian_Blured_Pictures\blurred_glass428.jpg,glass
Gaussian_Blured_Pictures\blurred_glass364.jpg,glass
Gaussian_Blured_Pictures\blurred_plastic188.jpg,plastic
Gaussian_Blured_Pictures\blurred_glass367.jpg,glass
Gaussian_Blured_Pictures\blurred_metal327.jpg,metal
Gaussian_Blured_Pictures\blurred_glass43.jpg,glass
Gaussian_Blured_Pictures\blurred_plastic287.jpg,plastic
Gaussian_Blured_Pictures\blurred_glass191.jpg,glass
Gaussian_Blured_Pictures\blurred_cardboard158.jpg,cardboard
Gaussian_Blured_Pictures\blurred_metal109.jpg,metal
Gaussian_Blured_Pictures\blurred_metal117.jpg,metal
Gaussian_Blured_Pictures\blurred_plastic401.jpg,plastic
Gaussian_Blured_Pictures\blurred_paper346.jpg,paper
Gaussian_Blured_Pictures\blurred_plastic281.jpg,plastic
Gaussian_Blured_Pictures\blurred_paper521.jpg,paper
Gaussian_Blured_Pictures\blurred_cardboard177.jpg,cardboard
Gaussian_Blured_Pictures\blurred_plastic91.jpg,plastic
Gaussian_Blured_Pictures\blurred_cardboard164.jpg,cardboard
Gaussian_Blured_Pictures\blurred_trash19.jpg,trash
Gaussian_Blured_Pictures\blurred_plastic306.jpg,plastic
Gaussian_Blured_Pictures\blurred_paper337.jpg,paper
Gaussian_Blured_Pictures\blurred_glass106.jpg,glass
Gaussian_Blured_Pictures\blurred_plastic266.jpg,plastic
Gaussian_Blured_Pictures\blurred_plastic75.jpg,plastic
Gaussian_Blured_Pictures\blurred_plastic123.jpg,plastic
Gaussian_Blured_Pictures\blurred_metal160.jpg,metal
Gaussian_Blured_Pictures\blurred_plastic137.jpg,plastic
Gaussian_Blured_Pictures\blurred_metal356.jpg,metal
Gaussian_Blured_Pictures\blurred_paper155.jpg,paper
Gaussian_Blured_Pictures\blurred_plastic96.jpg,plastic
Gaussian_Blured_Pictures\blurred_cardboard294.jpg,cardboard
Gaussian_Blured_Pictures\blurred_trash129.jpg,trash
Gaussian_Blured_Pictures\blurred_plastic31.jpg,plastic
Gaussian_Blured_Pictures\blurred_plastic410.jpg,plastic
Gaussian_Blured_Pictures\blurred_metal174.jpg,metal
Gaussian_Blured_Pictures\blurred_glass216.jpg,glass
Gaussian_Blured_Pictures\blurred_plastic451.jpg,plastic
Gaussian_Blured_Pictures\blurred_paper576.jpg,paper
Gaussian_Blured_Pictures\blurred_cardboard111.jpg,cardboard
Gaussian_Blured_Pictures\blurred_glass143.jpg,glass
Gaussian_Blured_Pictures\blurred_glass209.jpg,glass
Gaussian_Blured_Pictures\blurred_cardboard168.jpg,cardboard
Gaussian_Blured_Pictures\blurred_metal29.jpg,metal
Gaussian_Blured_Pictures\blurred_paper169.jpg,paper
Gaussian_Blured_Pictures\blurred_cardboard170.jpg,cardboard
Gaussian_Blured_Pictures\blurred_metal352.jpg,metal
Gaussian_Blured_Pictures\blurred_metal326.jpg,metal
Gaussian_Blured_Pictures\blurred_plastic291.jpg,plastic
Gaussian_Blured_Pictures\blurred_plastic35.jpg,plastic
Gaussian_Blured_Pictures\blurred_plastic90.jpg,plastic
Gaussian_Blured_Pictures\blurred_metal22.jpg,metal
Gaussian_Blured_Pictures\blurred_glass238.jpg,glass
Gaussian_Blured_Pictures\blurred_glass105.jpg,glass
Gaussian_Blured_Pictures\blurred_paper492.jpg,paper
Gaussian_Blured_Pictures\blurred_trash8.jpg,trash
Gaussian_Blured_Pictures\blurred_cardboard183.jpg,cardboard
Gaussian_Blured_Pictures\blurred_cardboard297.jpg,cardboard
Gaussian_Blured_Pictures\blurred_cardboard102.jpg,cardboard
Gaussian_Blured_Pictures\blurred_paper29.jpg,paper
Gaussian_Blured_Pictures\blurred_metal294.jpg,metal
Gaussian_Blured_Pictures\blurred_trash77.jpg,trash
Gaussian_Blured_Pictures\blurred_glass187.jpg,glass
Gaussian_Blured_Pictures\blurred_paper466.jpg,paper
Gaussian_Blured_Pictures\blurred_metal15.jpg,metal
Gaussian_Blured_Pictures\blurred_glass455.jpg,glass
Gaussian_Blured_Pictures\blurred_glass476.jpg,glass
Gaussian_Blured_Pictures\blurred_paper69.jpg,paper
Gaussian_Blured_Pictures\blurred_cardboard379.jpg,cardboard
Gaussian_Blured_Pictures\blurred_metal90.jpg,metal
Gaussian_Blured_Pictures\blurred_glass408.jpg,glass
Gaussian_Blured_Pictures\blurred_plastic222.jpg,plastic
Gaussian_Blured_Pictures\blurred_paper186.jpg,paper
Gaussian_Blured_Pictures\blurred_cardboard345.jpg,cardboard
Gaussian_Blured_Pictures\blurred_metal168.jpg,metal
Gaussian_Blured_Pictures\blurred_metal190.jpg,metal
Gaussian_Blured_Pictures\blurred_cardboard291.jpg,cardboard
Gaussian_Blured_Pictures\blurred_trash80.jpg,trash
Gaussian_Blured_Pictures\blurred_metal217.jpg,metal
Gaussian_Blured_Pictures\blurred_plastic98.jpg,plastic
Gaussian_Blured_Pictures\blurred_plastic240.jpg,plastic
Gaussian_Blured_Pictures\blurred_glass347.jpg,glass
Gaussian_Blured_Pictures\blurred_glass130.jpg,glass
Gaussian_Blured_Pictures\blurred_glass165.jpg,glass
Gaussian_Blured_Pictures\blurred_glass282.jpg,glass
Gaussian_Blured_Pictures\blurred_glass258.jpg,glass
Gaussian_Blured_Pictures\blurred_cardboard363.jpg,cardboard
Gaussian_Blured_Pictures\blurred_cardboard355.jpg,cardboard
Gaussian_Blured_Pictures\blurred_paper365.jpg,paper
Gaussian_Blured_Pictures\blurred_plastic315.jpg,plastic
Gaussian_Blured_Pictures\blurred_glass339.jpg,glass
Gaussian_Blured_Pictures\blurred_paper56.jpg,paper
Gaussian_Blured_Pictures\blurred_paper146.jpg,paper
Gaussian_Blured_Pictures\blurred_cardboard197.jpg,cardboard
Gaussian_Blured_Pictures\blurred_glass342.jpg,glass
Gaussian_Blured_Pictures\blurred_plastic363.jpg,plastic
Gaussian_Blured_Pictures\blurred_trash30.jpg,trash
Gaussian_Blured_Pictures\blurred_plastic114.jpg,plastic
Gaussian_Blured_Pictures\blurred_paper321.jpg,paper
Gaussian_Blured_Pictures\blurred_glass85.jpg,glass
Gaussian_Blured_Pictures\blurred_metal322.jpg,metal
Gaussian_Blured_Pictures\blurred_glass269.jpg,glass
Gaussian_Blured_Pictures\blurred_paper506.jpg,paper
Gaussian_Blured_Pictures\blurred_paper44.jpg,paper
Gaussian_Blured_Pictures\blurred_cardboard120.jpg,cardboard
Gaussian_Blured_Pictures\blurred_paper274.jpg,paper
Gaussian_Blured_Pictures\blurred_paper127.jpg,paper
Gaussian_Blured_Pictures\blurred_paper374.jpg,paper
Gaussian_Blured_Pictures\blurred_metal390.jpg,metal
Gaussian_Blured_Pictures\blurred_plastic149.jpg,plastic
Gaussian_Blured_Pictures\blurred_trash33.jpg,trash
Gaussian_Blured_Pictures\blurred_plastic469.jpg,plastic
Gaussian_Blured_Pictures\blurred_paper324.jpg,paper
Gaussian_Blured_Pictures\blurred_glass270.jpg,glass
Gaussian_Blured_Pictures\blurred_paper417.jpg,paper
Gaussian_Blured_Pictures\blurred_paper428.jpg,paper
Gaussian_Blured_Pictures\blurred_plastic65.jpg,plastic
Gaussian_Blured_Pictures\blurred_cardboard235.jpg,cardboard
Gaussian_Blured_Pictures\blurred_paper366.jpg,paper
Gaussian_Blured_Pictures\blurred_paper51.jpg,paper
Gaussian_Blured_Pictures\blurred_paper398.jpg,paper
Gaussian_Blured_Pictures\blurred_cardboard139.jpg,cardboard
Gaussian_Blured_Pictures\blurred_trash63.jpg,trash
Gaussian_Blured_Pictures\blurred_paper28.jpg,paper
Gaussian_Blured_Pictures\blurred_cardboard402.jpg,cardboard
Gaussian_Blured_Pictures\blurred_plastic460.jpg,plastic
Gaussian_Blured_Pictures\blurred_paper593.jpg,paper
Gaussian_Blured_Pictures\blurred_glass377.jpg,glass
Gaussian_Blured_Pictures\blurred_paper42.jpg,paper
Gaussian_Blured_Pictures\blurred_cardboard242.jpg,cardboard
Gaussian_Blured_Pictures\blurred_paper435.jpg,paper
Gaussian_Blured_Pictures\blurred_metal236.jpg,metal
Gaussian_Blured_Pictures\blurred_paper503.jpg,paper
Gaussian_Blured_Pictures\blurred_trash36.jpg,trash
Gaussian_Blured_Pictures\blurred_metal202.jpg,metal
Gaussian_Blured_Pictures\blurred_metal44.jpg,metal
Gaussian_Blured_Pictures\blurred_glass201.jpg,glass
Gaussian_Blured_Pictures\blurred_paper410.jpg,paper
Gaussian_Blured_Pictures\blurred_paper476.jpg,paper
Gaussian_Blured_Pictures\blurred_metal372.jpg,metal
Gaussian_Blured_Pictures\blurred_glass284.jpg,glass
Gaussian_Blured_Pictures\blurred_metal21.jpg,metal
Gaussian_Blured_Pictures\blurred_cardboard278.jpg,cardboard
Gaussian_Blured_Pictures\blurred_plastic344.jpg,plastic
Gaussian_Blured_Pictures\blurred_paper430.jpg,paper
Gaussian_Blured_Pictures\blurred_glass483.jpg,glass
Gaussian_Blured_Pictures\blurred_cardboard282.jpg,cardboard
Gaussian_Blured_Pictures\blurred_cardboard348.jpg,cardboard
Gaussian_Blured_Pictures\blurred_cardboard368.jpg,cardboard
Gaussian_Blured_Pictures\blurred_paper525.jpg,paper
Gaussian_Blured_Pictures\blurred_glass224.jpg,glass
Gaussian_Blured_Pictures\blurred_glass259.jpg,glass
Gaussian_Blured_Pictures\blurred_cardboard32.jpg,cardboard
Gaussian_Blured_Pictures\blurred_cardboard118.jpg,cardboard
Gaussian_Blured_Pictures\blurred_plastic13.jpg,plastic
Gaussian_Blured_Pictures\blurred_glass479.jpg,glass
Gaussian_Blured_Pictures\blurred_metal92.jpg,metal
Gaussian_Blured_Pictures\blurred_trash95.jpg,trash
Gaussian_Blured_Pictures\blurred_metal268.jpg,metal
Gaussian_Blured_Pictures\blurred_plastic89.jpg,plastic
Gaussian_Blured_Pictures\blurred_trash98.jpg,trash
Gaussian_Blured_Pictures\blurred_glass440.jpg,glass
Gaussian_Blured_Pictures\blurred_trash6.jpg,trash
Gaussian_Blured_Pictures\blurred_metal357.jpg,metal
Gaussian_Blured_Pictures\blurred_cardboard30.jpg,cardboard
Gaussian_Blured_Pictures\blurred_paper537.jpg,paper
Gaussian_Blured_Pictures\blurred_trash89.jpg,trash
Gaussian_Blured_Pictures\blurred_plastic205.jpg,plastic
Gaussian_Blured_Pictures\blurred_paper315.jpg,paper
Gaussian_Blured_Pictures\blurred_paper331.jpg,paper
Gaussian_Blured_Pictures\blurred_cardboard232.jpg,cardboard
Gaussian_Blured_Pictures\blurred_paper590.jpg,paper
Gaussian_Blured_Pictures\blurred_cardboard386.jpg,cardboard
Gaussian_Blured_Pictures\blurred_plastic403.jpg,plastic
Gaussian_Blured_Pictures\blurred_glass267.jpg,glass
Gaussian_Blured_Pictures\blurred_glass171.jpg,glass
Gaussian_Blured_Pictures\blurred_glass20.jpg,glass
Gaussian_Blured_Pictures\blurred_paper104.jpg,paper
Gaussian_Blured_Pictures\blurred_cardboard160.jpg,cardboard
Gaussian_Blured_Pictures\blurred_plastic305.jpg,plastic
Gaussian_Blured_Pictures\blurred_metal156.jpg,metal
Gaussian_Blured_Pictures\blurred_paper469.jpg,paper
Gaussian_Blured_Pictures\blurred_plastic279.jpg,plastic
Gaussian_Blured_Pictures\blurred_metal36.jpg,metal
Gaussian_Blured_Pictures\blurred_glass265.jpg,glass
Gaussian_Blured_Pictures\blurred_plastic148.jpg,plastic
Gaussian_Blured_Pictures\blurred_trash31.jpg,trash
Gaussian_Blured_Pictures\blurred_paper250.jpg,paper
Gaussian_Blured_Pictures\blurred_paper302.jpg,paper
Gaussian_Blured_Pictures\blurred_metal13.jpg,metal
Gaussian_Blured_Pictures\blurred_cardboard202.jpg,cardboard
Gaussian_Blured_Pictures\blurred_paper436.jpg,paper
Gaussian_Blured_Pictures\blurred_glass40.jpg,glass
Gaussian_Blured_Pictures\blurred_plastic398.jpg,plastic
Gaussian_Blured_Pictures\blurred_metal376.jpg,metal
Gaussian_Blured_Pictures\blurred_paper560.jpg,paper
Gaussian_Blured_Pictures\blurred_cardboard161.jpg,cardboard
Gaussian_Blured_Pictures\blurred_trash84.jpg,trash
Gaussian_Blured_Pictures\blurred_paper378.jpg,paper
Gaussian_Blured_Pictures\blurred_plastic308.jpg,plastic
Gaussian_Blured_Pictures\blurred_glass124.jpg,glass
Gaussian_Blured_Pictures\blurred_paper20.jpg,paper
Gaussian_Blured_Pictures\blurred_metal52.jpg,metal
Gaussian_Blured_Pictures\blurred_metal334.jpg,metal
Gaussian_Blured_Pictures\blurred_plastic103.jpg,plastic
Gaussian_Blured_Pictures\blurred_plastic432.jpg,plastic
Gaussian_Blured_Pictures\blurred_paper66.jpg,paper
Gaussian_Blured_Pictures\blurred_glass192.jpg,glass
Gaussian_Blured_Pictures\blurred_cardboard385.jpg,cardboard
Gaussian_Blured_Pictures\blurred_cardboard72.jpg,cardboard
Gaussian_Blured_Pictures\blurred_metal312.jpg,metal
Gaussian_Blured_Pictures\blurred_plastic462.jpg,plastic
Gaussian_Blured_Pictures\blurred_paper77.jpg,paper
Gaussian_Blured_Pictures\blurred_metal139.jpg,metal
Gaussian_Blured_Pictures\blurred_metal323.jpg,metal
Gaussian_Blured_Pictures\blurred_paper181.jpg,paper
Gaussian_Blured_Pictures\blurred_cardboard143.jpg,cardboard
Gaussian_Blured_Pictures\blurred_cardboard16.jpg,cardboard
Gaussian_Blured_Pictures\blurred_plastic428.jpg,plastic
Gaussian_Blured_Pictures\blurred_paper377.jpg,paper
Gaussian_Blured_Pictures\blurred_glass403.jpg,glass
Gaussian_Blured_Pictures\blurred_metal178.jpg,metal
Gaussian_Blured_Pictures\blurred_cardboard105.jpg,cardboard
Gaussian_Blured_Pictures\blurred_metal211.jpg,metal
Gaussian_Blured_Pictures\blurred_paper544.jpg,paper
Gaussian_Blured_Pictures\blurred_cardboard317.jpg,cardboard
Gaussian_Blured_Pictures\blurred_glass386.jpg,glass
Gaussian_Blured_Pictures\blurred_trash12.jpg,trash
Gaussian_Blured_Pictures\blurred_metal361.jpg,metal
Gaussian_Blured_Pictures\blurred_plastic431.jpg,plastic
Gaussian_Blured_Pictures\blurred_metal264.jpg,metal
Gaussian_Blured_Pictures\blurred_paper213.jpg,paper
Gaussian_Blured_Pictures\blurred_glass492.jpg,glass
Gaussian_Blured_Pictures\blurred_metal163.jpg,metal
Gaussian_Blured_Pictures\blurred_metal210.jpg,metal
Gaussian_Blured_Pictures\blurred_cardboard68.jpg,cardboard
Gaussian_Blured_Pictures\blurred_trash53.jpg,trash
Gaussian_Blured_Pictures\blurred_cardboard198.jpg,cardboard
Gaussian_Blured_Pictures\blurred_metal7.jpg,metal
Gaussian_Blured_Pictures\blurred_glass111.jpg,glass
Gaussian_Blured_Pictures\blurred_paper491.jpg,paper
Gaussian_Blured_Pictures\blurred_paper5.jpg,paper
Gaussian_Blured_Pictures\blurred_cardboard373.jpg,cardboard
Gaussian_Blured_Pictures\blurred_metal345.jpg,metal
Gaussian_Blured_Pictures\blurred_plastic360.jpg,plastic
Gaussian_Blured_Pictures\blurred_cardboard56.jpg,cardboard
Gaussian_Blured_Pictures\blurred_cardboard200.jpg,cardboard
Gaussian_Blured_Pictures\blurred_plastic411.jpg,plastic
Gaussian_Blured_Pictures\blurred_glass237.jpg,glass
Gaussian_Blured_Pictures\blurred_glass272.jpg,glass
Gaussian_Blured_Pictures\blurred_paper297.jpg,paper
Gaussian_Blured_Pictures\blurred_glass36.jpg,glass
Gaussian_Blured_Pictures\blurred_plastic141.jpg,plastic
Gaussian_Blured_Pictures\blurred_glass47.jpg,glass
Gaussian_Blured_Pictures\blurred_paper35.jpg,paper
Gaussian_Blured_Pictures\blurred_trash67.jpg,trash
Gaussian_Blured_Pictures\blurred_cardboard279.jpg,cardboard
Gaussian_Blured_Pictures\blurred_glass376.jpg,glass
Gaussian_Blured_Pictures\blurred_cardboard324.jpg,cardboard
Gaussian_Blured_Pictures\blurred_plastic478.jpg,plastic
Gaussian_Blured_Pictures\blurred_plastic130.jpg,plastic
Gaussian_Blured_Pictures\blurred_plastic204.jpg,plastic
Gaussian_Blured_Pictures\blurred_glass11.jpg,glass
Gaussian_Blured_Pictures\blurred_plastic53.jpg,plastic
Gaussian_Blured_Pictures\blurred_metal375.jpg,metal
Gaussian_Blured_Pictures\blurred_plastic386.jpg,plastic
Gaussian_Blured_Pictures\blurred_cardboard153.jpg,cardboard
Gaussian_Blured_Pictures\blurred_cardboard130.jpg,cardboard
Gaussian_Blured_Pictures\blurred_plastic378.jpg,plastic
Gaussian_Blured_Pictures\blurred_metal228.jpg,metal
Gaussian_Blured_Pictures\blurred_paper580.jpg,paper
Gaussian_Blured_Pictures\blurred_paper22.jpg,paper
Gaussian_Blured_Pictures\blurred_plastic10.jpg,plastic
Gaussian_Blured_Pictures\blurred_glass333.jpg,glass
Gaussian_Blured_Pictures\blurred_glass306.jpg,glass
Gaussian_Blured_Pictures\blurred_trash35.jpg,trash
Gaussian_Blured_Pictures\blurred_glass42.jpg,glass
Gaussian_Blured_Pictures\blurred_paper350.jpg,paper
Gaussian_Blured_Pictures\blurred_paper193.jpg,paper
Gaussian_Blured_Pictures\blurred_plastic340.jpg,plastic
Gaussian_Blured_Pictures\blurred_trash9.jpg,trash
Gaussian_Blured_Pictures\blurred_plastic207.jpg,plastic
Gaussian_Blured_Pictures\blurred_plastic18.jpg,plastic
Gaussian_Blured_Pictures\blurred_cardboard38.jpg,cardboard
Gaussian_Blured_Pictures\blurred_cardboard230.jpg,cardboard
Gaussian_Blured_Pictures\blurred_plastic351.jpg,plastic
Gaussian_Blured_Pictures\blurred_paper325.jpg,paper
Gaussian_Blured_Pictures\blurred_paper363.jpg,paper
Gaussian_Blured_Pictures\blurred_plastic333.jpg,plastic
Gaussian_Blured_Pictures\blurred_glass392.jpg,glass
Gaussian_Blured_Pictures\blurred_trash91.jpg,trash
Gaussian_Blured_Pictures\blurred_plastic294.jpg,plastic
Gaussian_Blured_Pictures\blurred_glass140.jpg,glass
Gaussian_Blured_Pictures\blurred_glass112.jpg,glass
Gaussian_Blured_Pictures\blurred_paper540.jpg,paper
Gaussian_Blured_Pictures\blurred_cardboard300.jpg,cardboard
Gaussian_Blured_Pictures\blurred_metal77.jpg,metal
Gaussian_Blured_Pictures\blurred_plastic439.jpg,plastic
Gaussian_Blured_Pictures\blurred_glass349.jpg,glass
Gaussian_Blured_Pictures\blurred_cardboard51.jpg,cardboard
Gaussian_Blured_Pictures\blurred_glass301.jpg,glass
Gaussian_Blured_Pictures\blurred_cardboard103.jpg,cardboard
Gaussian_Blured_Pictures\blurred_paper566.jpg,paper
Gaussian_Blured_Pictures\blurred_glass329.jpg,glass
Gaussian_Blured_Pictures\blurred_paper501.jpg,paper
Gaussian_Blured_Pictures\blurred_trash85.jpg,trash
Gaussian_Blured_Pictures\blurred_trash59.jpg,trash
Gaussian_Blured_Pictures\blurred_cardboard80.jpg,cardboard
Gaussian_Blured_Pictures\blurred_metal280.jpg,metal
Gaussian_Blured_Pictures\blurred_plastic376.jpg,plastic
Gaussian_Blured_Pictures\blurred_glass35.jpg,glass
Gaussian_Blured_Pictures\blurred_glass12.jpg,glass
Gaussian_Blured_Pictures\blurred_metal383.jpg,metal
Gaussian_Blured_Pictures\blurred_plastic430.jpg,plastic
Gaussian_Blured_Pictures\blurred_metal79.jpg,metal
Gaussian_Blured_Pictures\blurred_trash64.jpg,trash
Gaussian_Blured_Pictures\blurred_cardboard372.jpg,cardboard
Gaussian_Blured_Pictures\blurred_plastic250.jpg,plastic
Gaussian_Blured_Pictures\blurred_paper528.jpg,paper
Gaussian_Blured_Pictures\blurred_plastic311.jpg,plastic
Gaussian_Blured_Pictures\blurred_paper122.jpg,paper
Gaussian_Blured_Pictures\blurred_paper589.jpg,paper
Gaussian_Blured_Pictures\blurred_paper519.jpg,paper
Gaussian_Blured_Pictures\blurred_cardboard369.jpg,cardboard
Gaussian_Blured_Pictures\blurred_cardboard333.jpg,cardboard
Gaussian_Blured_Pictures\blurred_paper113.jpg,paper
Gaussian_Blured_Pictures\blurred_cardboard340.jpg,cardboard
Gaussian_Blured_Pictures\blurred_glass254.jpg,glass
Gaussian_Blured_Pictures\blurred_trash46.jpg,trash
Gaussian_Blured_Pictures\blurred_plastic334.jpg,plastic
Gaussian_Blured_Pictures\blurred_cardboard145.jpg,cardboard
Gaussian_Blured_Pictures\blurred_cardboard377.jpg,cardboard
Gaussian_Blured_Pictures\blurred_metal125.jpg,metal
Gaussian_Blured_Pictures\blurred_metal370.jpg,metal
Gaussian_Blured_Pictures\blurred_glass345.jpg,glass
Gaussian_Blured_Pictures\blurred_plastic377.jpg,plastic
Gaussian_Blured_Pictures\blurred_glass453.jpg,glass
Gaussian_Blured_Pictures\blurred_plastic394.jpg,plastic
Gaussian_Blured_Pictures\blurred_glass22.jpg,glass
Gaussian_Blured_Pictures\blurred_cardboard239.jpg,cardboard
Gaussian_Blured_Pictures\blurred_plastic449.jpg,plastic
Gaussian_Blured_Pictures\blurred_metal40.jpg,metal
Gaussian_Blured_Pictures\blurred_glass207.jpg,glass
Gaussian_Blured_Pictures\blurred_cardboard9.jpg,cardboard
Gaussian_Blured_Pictures\blurred_metal66.jpg,metal
Gaussian_Blured_Pictures\blurred_plastic272.jpg,plastic
Gaussian_Blured_Pictures\blurred_cardboard262.jpg,cardboard
Gaussian_Blured_Pictures\blurred_plastic195.jpg,plastic
Gaussian_Blured_Pictures\blurred_metal78.jpg,metal
Gaussian_Blured_Pictures\blurred_paper579.jpg,paper
Gaussian_Blured_Pictures\blurred_plastic304.jpg,plastic
Gaussian_Blured_Pictures\blurred_cardboard353.jpg,cardboard
Gaussian_Blured_Pictures\blurred_paper380.jpg,paper
Gaussian_Blured_Pictures\blurred_cardboard128.jpg,cardboard
Gaussian_Blured_Pictures\blurred_glass344.jpg,glass
Gaussian_Blured_Pictures\blurred_plastic479.jpg,plastic
Gaussian_Blured_Pictures\blurred_paper368.jpg,paper
Gaussian_Blured_Pictures\blurred_glass3.jpg,glass
Gaussian_Blured_Pictures\blurred_paper138.jpg,paper
Gaussian_Blured_Pictures\blurred_plastic7.jpg,plastic
Gaussian_Blured_Pictures\blurred_plastic271.jpg,plastic
Gaussian_Blured_Pictures\blurred_metal27.jpg,metal
Gaussian_Blured_Pictures\blurred_glass274.jpg,glass
Gaussian_Blured_Pictures\blurred_paper158.jpg,paper
Gaussian_Blured_Pictures\blurred_glass315.jpg,glass
Gaussian_Blured_Pictures\blurred_plastic246.jpg,plastic
Gaussian_Blured_Pictures\blurred_paper245.jpg,paper
Gaussian_Blured_Pictures\blurred_metal256.jpg,metal
Gaussian_Blured_Pictures\blurred_plastic252.jpg,plastic
Gaussian_Blured_Pictures\blurred_plastic231.jpg,plastic
Gaussian_Blured_Pictures\blurred_paper307.jpg,paper
Gaussian_Blured_Pictures\blurred_paper121.jpg,paper
Gaussian_Blured_Pictures\blurred_metal245.jpg,metal
Gaussian_Blured_Pictures\blurred_trash45.jpg,trash
Gaussian_Blured_Pictures\blurred_paper403.jpg,paper
Gaussian_Blured_Pictures\blurred_paper133.jpg,paper
Gaussian_Blured_Pictures\blurred_trash103.jpg,trash
Gaussian_Blured_Pictures\blurred_paper235.jpg,paper
Gaussian_Blured_Pictures\blurred_trash81.jpg,trash
Gaussian_Blured_Pictures\blurred_trash70.jpg,trash
Gaussian_Blured_Pictures\blurred_trash76.jpg,trash
Gaussian_Blured_Pictures\blurred_cardboard263.jpg,cardboard
Gaussian_Blured_Pictures\blurred_glass470.jpg,glass
Gaussian_Blured_Pictures\blurred_metal369.jpg,metal
Gaussian_Blured_Pictures\blurred_glass302.jpg,glass
Gaussian_Blured_Pictures\blurred_glass252.jpg,glass
Gaussian_Blured_Pictures\blurred_plastic39.jpg,plastic
Gaussian_Blured_Pictures\blurred_glass34.jpg,glass
Gaussian_Blured_Pictures\blurred_plastic156.jpg,plastic
Gaussian_Blured_Pictures\blurred_plastic393.jpg,plastic
Gaussian_Blured_Pictures\blurred_metal162.jpg,metal
Gaussian_Blured_Pictures\blurred_plastic106.jpg,plastic
Gaussian_Blured_Pictures\blurred_metal193.jpg,metal
Gaussian_Blured_Pictures\blurred_cardboard272.jpg,cardboard
Gaussian_Blured_Pictures\blurred_metal374.jpg,metal
Gaussian_Blured_Pictures\blurred_trash51.jpg,trash
Gaussian_Blured_Pictures\blurred_trash43.jpg,trash
Gaussian_Blured_Pictures\blurred_trash101.jpg,trash
Gaussian_Blured_Pictures\blurred_paper370.jpg,paper
Gaussian_Blured_Pictures\blurred_cardboard305.jpg,cardboard
Gaussian_Blured_Pictures\blurred_metal205.jpg,metal
Gaussian_Blured_Pictures\blurred_glass92.jpg,glass
Gaussian_Blured_Pictures\blurred_glass454.jpg,glass
Gaussian_Blured_Pictures\blurred_glass352.jpg,glass
Gaussian_Blured_Pictures\blurred_paper548.jpg,paper
Gaussian_Blured_Pictures\blurred_metal171.jpg,metal
Gaussian_Blured_Pictures\blurred_paper569.jpg,paper
Gaussian_Blured_Pictures\blurred_metal310.jpg,metal
Gaussian_Blured_Pictures\blurred_metal14.jpg,metal
Gaussian_Blured_Pictures\blurred_cardboard295.jpg,cardboard
Gaussian_Blured_Pictures\blurred_plastic127.jpg,plastic
Gaussian_Blured_Pictures\blurred_metal402.jpg,metal
Gaussian_Blured_Pictures\blurred_cardboard125.jpg,cardboard
Gaussian_Blured_Pictures\blurred_metal309.jpg,metal
Gaussian_Blured_Pictures\blurred_plastic342.jpg,plastic
Gaussian_Blured_Pictures\blurred_cardboard210.jpg,cardboard
Gaussian_Blured_Pictures\blurred_plastic267.jpg,plastic
Gaussian_Blured_Pictures\blurred_metal24.jpg,metal
Gaussian_Blured_Pictures\blurred_paper450.jpg,paper
Gaussian_Blured_Pictures\blurred_paper117.jpg,paper
Gaussian_Blured_Pictures\blurred_metal299.jpg,metal
Gaussian_Blured_Pictures\blurred_glass288.jpg,glass
Gaussian_Blured_Pictures\blurred_paper364.jpg,paper
Gaussian_Blured_Pictures\blurred_metal340.jpg,metal
Gaussian_Blured_Pictures\blurred_glass322.jpg,glass
Gaussian_Blured_Pictures\blurred_plastic338.jpg,plastic
Gaussian_Blured_Pictures\blurred_cardboard209.jpg,cardboard
Gaussian_Blured_Pictures\blurred_plastic454.jpg,plastic
Gaussian_Blured_Pictures\blurred_paper351.jpg,paper
Gaussian_Blured_Pictures\blurred_metal226.jpg,metal
Gaussian_Blured_Pictures\blurred_glass311.jpg,glass
Gaussian_Blured_Pictures\blurred_plastic23.jpg,plastic
Gaussian_Blured_Pictures\blurred_cardboard148.jpg,cardboard
Gaussian_Blured_Pictures\blurred_plastic374.jpg,plastic
Gaussian_Blured_Pictures\blurred_metal170.jpg,metal
Gaussian_Blured_Pictures\blurred_plastic341.jpg,plastic
Gaussian_Blured_Pictures\blurred_cardboard269.jpg,cardboard
Gaussian_Blured_Pictures\blurred_paper486.jpg,paper
Gaussian_Blured_Pictures\blurred_glass217.jpg,glass
Gaussian_Blured_Pictures\blurred_glass190.jpg,glass
Gaussian_Blured_Pictures\blurred_paper246.jpg,paper
Gaussian_Blured_Pictures\blurred_paper91.jpg,paper
Gaussian_Blured_Pictures\blurred_paper132.jpg,paper
Gaussian_Blured_Pictures\blurred_glass204.jpg,glass
Gaussian_Blured_Pictures\blurred_plastic230.jpg,plastic
Gaussian_Blured_Pictures\blurred_plastic262.jpg,plastic
Gaussian_Blured_Pictures\blurred_plastic154.jpg,plastic
Gaussian_Blured_Pictures\blurred_cardboard93.jpg,cardboard
Gaussian_Blured_Pictures\blurred_glass357.jpg,glass
Gaussian_Blured_Pictures\blurred_metal338.jpg,metal
Gaussian_Blured_Pictures\blurred_paper247.jpg,paper
Gaussian_Blured_Pictures\blurred_trash114.jpg,trash
Gaussian_Blured_Pictures\blurred_glass87.jpg,glass
Gaussian_Blured_Pictures\blurred_plastic167.jpg,plastic
Gaussian_Blured_Pictures\blurred_metal140.jpg,metal
Gaussian_Blured_Pictures\blurred_cardboard185.jpg,cardboard
Gaussian_Blured_Pictures\blurred_metal308.jpg,metal
Gaussian_Blured_Pictures\blurred_metal161.jpg,metal
Gaussian_Blured_Pictures\blurred_paper30.jpg,paper
Gaussian_Blured_Pictures\blurred_paper563.jpg,paper
Gaussian_Blured_Pictures\blurred_plastic42.jpg,plastic
Gaussian_Blured_Pictures\blurred_plastic300.jpg,plastic
Gaussian_Blured_Pictures\blurred_glass493.jpg,glass
Gaussian_Blured_Pictures\blurred_metal200.jpg,metal
Gaussian_Blured_Pictures\blurred_cardboard264.jpg,cardboard
Gaussian_Blured_Pictures\blurred_plastic160.jpg,plastic
Gaussian_Blured_Pictures\blurred_metal232.jpg,metal
Gaussian_Blured_Pictures\blurred_plastic273.jpg,plastic
Gaussian_Blured_Pictures\blurred_paper238.jpg,paper
Gaussian_Blured_Pictures\blurred_paper93.jpg,paper
Gaussian_Blured_Pictures\blurred_metal388.jpg,metal
Gaussian_Blured_Pictures\blurred_glass445.jpg,glass
Gaussian_Blured_Pictures\blurred_glass98.jpg,glass
Gaussian_Blured_Pictures\blurred_glass4.jpg,glass
Gaussian_Blured_Pictures\blurred_glass119.jpg,glass
Gaussian_Blured_Pictures\blurred_glass83.jpg,glass
Gaussian_Blured_Pictures\blurred_glass330.jpg,glass
Gaussian_Blured_Pictures\blurred_paper156.jpg,paper
Gaussian_Blured_Pictures\blurred_plastic111.jpg,plastic
Gaussian_Blured_Pictures\blurred_cardboard383.jpg,cardboard
Gaussian_Blured_Pictures\blurred_cardboard245.jpg,cardboard
Gaussian_Blured_Pictures\blurred_plastic383.jpg,plastic
Gaussian_Blured_Pictures\blurred_plastic24.jpg,plastic
Gaussian_Blured_Pictures\blurred_paper286.jpg,paper
Gaussian_Blured_Pictures\blurred_plastic400.jpg,plastic
Gaussian_Blured_Pictures\blurred_plastic280.jpg,plastic
Gaussian_Blured_Pictures\blurred_metal127.jpg,metal
Gaussian_Blured_Pictures\blurred_paper234.jpg,paper
Gaussian_Blured_Pictures\blurred_paper184.jpg,paper
Gaussian_Blured_Pictures\blurred_plastic347.jpg,plastic
Gaussian_Blured_Pictures\blurred_plastic49.jpg,plastic
Gaussian_Blured_Pictures\blurred_plastic28.jpg,plastic
Gaussian_Blured_Pictures\blurred_plastic288.jpg,plastic
Gaussian_Blured_Pictures\blurred_metal274.jpg,metal
Gaussian_Blured_Pictures\blurred_cardboard225.jpg,cardboard
Gaussian_Blured_Pictures\blurred_paper61.jpg,paper
Gaussian_Blured_Pictures\blurred_cardboard218.jpg,cardboard
Gaussian_Blured_Pictures\blurred_cardboard224.jpg,cardboard
Gaussian_Blured_Pictures\blurred_paper359.jpg,paper
Gaussian_Blured_Pictures\blurred_plastic421.jpg,plastic
Gaussian_Blured_Pictures\blurred_paper256.jpg,paper
Gaussian_Blured_Pictures\blurred_glass293.jpg,glass
Gaussian_Blured_Pictures\blurred_glass157.jpg,glass
Gaussian_Blured_Pictures\blurred_glass385.jpg,glass
Gaussian_Blured_Pictures\blurred_metal157.jpg,metal
Gaussian_Blured_Pictures\blurred_metal115.jpg,metal
Gaussian_Blured_Pictures\blurred_cardboard403.jpg,cardboard
Gaussian_Blured_Pictures\blurred_glass49.jpg,glass
Gaussian_Blured_Pictures\blurred_paper478.jpg,paper
Gaussian_Blured_Pictures\blurred_plastic468.jpg,plastic
Gaussian_Blured_Pictures\blurred_paper471.jpg,paper
Gaussian_Blured_Pictures\blurred_plastic352.jpg,plastic
Gaussian_Blured_Pictures\blurred_cardboard304.jpg,cardboard
Gaussian_Blured_Pictures\blurred_paper393.jpg,paper
Gaussian_Blured_Pictures\blurred_paper411.jpg,paper
Gaussian_Blured_Pictures\blurred_cardboard370.jpg,cardboard
Gaussian_Blured_Pictures\blurred_glass379.jpg,glass
Gaussian_Blured_Pictures\blurred_cardboard196.jpg,cardboard
Gaussian_Blured_Pictures\blurred_trash131.jpg,trash
Gaussian_Blured_Pictures\blurred_plastic101.jpg,plastic
Gaussian_Blured_Pictures\blurred_plastic133.jpg,plastic
Gaussian_Blured_Pictures\blurred_paper10.jpg,paper
Gaussian_Blured_Pictures\blurred_paper545.jpg,paper
Gaussian_Blured_Pictures\blurred_metal101.jpg,metal
Gaussian_Blured_Pictures\blurred_plastic14.jpg,plastic
Gaussian_Blured_Pictures\blurred_glass475.jpg,glass
Gaussian_Blured_Pictures\blurred_metal75.jpg,metal
Gaussian_Blured_Pictures\blurred_paper273.jpg,paper
Gaussian_Blured_Pictures\blurred_glass417.jpg,glass
Gaussian_Blured_Pictures\blurred_metal251.jpg,metal
Gaussian_Blured_Pictures\blurred_metal306.jpg,metal
Gaussian_Blured_Pictures\blurred_plastic254.jpg,plastic
Gaussian_Blured_Pictures\blurred_metal121.jpg,metal
Gaussian_Blured_Pictures\blurred_metal42.jpg,metal
Gaussian_Blured_Pictures\blurred_cardboard327.jpg,cardboard
Gaussian_Blured_Pictures\blurred_glass135.jpg,glass
Gaussian_Blured_Pictures\blurred_glass179.jpg,glass
Gaussian_Blured_Pictures\blurred_plastic423.jpg,plastic
Gaussian_Blured_Pictures\blurred_plastic473.jpg,plastic
Gaussian_Blured_Pictures\blurred_plastic251.jpg,plastic
Gaussian_Blured_Pictures\blurred_paper493.jpg,paper
Gaussian_Blured_Pictures\blurred_paper257.jpg,paper
Gaussian_Blured_Pictures\blurred_metal11.jpg,metal
Gaussian_Blured_Pictures\blurred_cardboard187.jpg,cardboard
Gaussian_Blured_Pictures\blurred_metal181.jpg,metal
Gaussian_Blured_Pictures\blurred_plastic412.jpg,plastic
Gaussian_Blured_Pictures\blurred_trash49.jpg,trash
Gaussian_Blured_Pictures\blurred_glass161.jpg,glass
Gaussian_Blured_Pictures\blurred_glass390.jpg,glass
Gaussian_Blured_Pictures\blurred_trash135.jpg,trash
Gaussian_Blured_Pictures\blurred_cardboard332.jpg,cardboard
Gaussian_Blured_Pictures\blurred_plastic293.jpg,plastic
Gaussian_Blured_Pictures\blurred_plastic74.jpg,plastic
Gaussian_Blured_Pictures\blurred_paper534.jpg,paper
Gaussian_Blured_Pictures\blurred_glass155.jpg,glass
Gaussian_Blured_Pictures\blurred_plastic220.jpg,plastic
Gaussian_Blured_Pictures\blurred_paper18.jpg,paper
Gaussian_Blured_Pictures\blurred_paper432.jpg,paper
Gaussian_Blured_Pictures\blurred_metal242.jpg,metal
Gaussian_Blured_Pictures\blurred_metal350.jpg,metal
Gaussian_Blured_Pictures\blurred_trash26.jpg,trash
Gaussian_Blured_Pictures\blurred_glass439.jpg,glass
Gaussian_Blured_Pictures\blurred_paper111.jpg,paper
Gaussian_Blured_Pictures\blurred_paper418.jpg,paper
Gaussian_Blured_Pictures\blurred_paper441.jpg,paper
Gaussian_Blured_Pictures\blurred_cardboard88.jpg,cardboard
Gaussian_Blured_Pictures\blurred_glass369.jpg,glass
Gaussian_Blured_Pictures\blurred_metal60.jpg,metal
Gaussian_Blured_Pictures\blurred_glass425.jpg,glass
Gaussian_Blured_Pictures\blurred_plastic467.jpg,plastic
Gaussian_Blured_Pictures\blurred_paper575.jpg,paper
Gaussian_Blured_Pictures\blurred_plastic177.jpg,plastic
Gaussian_Blured_Pictures\blurred_cardboard393.jpg,cardboard
Gaussian_Blured_Pictures\blurred_paper268.jpg,paper
Gaussian_Blured_Pictures\blurred_paper137.jpg,paper
Gaussian_Blured_Pictures\blurred_paper327.jpg,paper
Gaussian_Blured_Pictures\blurred_plastic406.jpg,plastic
Gaussian_Blured_Pictures\blurred_paper523.jpg,paper
Gaussian_Blured_Pictures\blurred_paper180.jpg,paper
Gaussian_Blured_Pictures\blurred_glass368.jpg,glass
Gaussian_Blured_Pictures\blurred_plastic194.jpg,plastic
Gaussian_Blured_Pictures\blurred_cardboard285.jpg,cardboard
Gaussian_Blured_Pictures\blurred_glass235.jpg,glass
Gaussian_Blured_Pictures\blurred_metal120.jpg,metal
Gaussian_Blured_Pictures\blurred_metal287.jpg,metal
Gaussian_Blured_Pictures\blurred_plastic321.jpg,plastic
Gaussian_Blured_Pictures\blurred_metal179.jpg,metal
Gaussian_Blured_Pictures\blurred_cardboard97.jpg,cardboard
Gaussian_Blured_Pictures\blurred_trash15.jpg,trash
Gaussian_Blured_Pictures\blurred_plastic362.jpg,plastic
Gaussian_Blured_Pictures\blurred_cardboard397.jpg,cardboard
Gaussian_Blured_Pictures\blurred_cardboard191.jpg,cardboard
Gaussian_Blured_Pictures\blurred_paper457.jpg,paper
Gaussian_Blured_Pictures\blurred_metal269.jpg,metal
Gaussian_Blured_Pictures\blurred_paper578.jpg,paper
Gaussian_Blured_Pictures\blurred_plastic345.jpg,plastic
Gaussian_Blured_Pictures\blurred_trash54.jpg,trash
Gaussian_Blured_Pictures\blurred_trash48.jpg,trash
Gaussian_Blured_Pictures\blurred_glass221.jpg,glass
Gaussian_Blured_Pictures\blurred_paper459.jpg,paper
Gaussian_Blured_Pictures\blurred_paper573.jpg,paper
Gaussian_Blured_Pictures\blurred_paper103.jpg,paper
Gaussian_Blured_Pictures\blurred_metal59.jpg,metal
Gaussian_Blured_Pictures\blurred_metal93.jpg,metal
Gaussian_Blured_Pictures\blurred_cardboard91.jpg,cardboard
Gaussian_Blured_Pictures\blurred_glass145.jpg,glass
Gaussian_Blured_Pictures\blurred_plastic126.jpg,plastic
Gaussian_Blured_Pictures\blurred_cardboard287.jpg,cardboard
Gaussian_Blured_Pictures\blurred_glass17.jpg,glass
Gaussian_Blured_Pictures\blurred_metal86.jpg,metal
Gaussian_Blured_Pictures\blurred_trash115.jpg,trash
Gaussian_Blured_Pictures\blurred_paper320.jpg,paper
Gaussian_Blured_Pictures\blurred_metal304.jpg,metal
Gaussian_Blured_Pictures\blurred_paper498.jpg,paper
Gaussian_Blured_Pictures\blurred_cardboard401.jpg,cardboard
Gaussian_Blured_Pictures\blurred_paper518.jpg,paper
Gaussian_Blured_Pictures\blurred_glass423.jpg,glass
Gaussian_Blured_Pictures\blurred_trash118.jpg,trash
Gaussian_Blured_Pictures\blurred_plastic80.jpg,plastic
Gaussian_Blured_Pictures\blurred_metal212.jpg,metal
Gaussian_Blured_Pictures\blurred_paper162.jpg,paper
Gaussian_Blured_Pictures\blurred_trash96.jpg,trash
Gaussian_Blured_Pictures\blurred_metal23.jpg,metal
Gaussian_Blured_Pictures\blurred_metal10.jpg,metal
Gaussian_Blured_Pictures\blurred_glass313.jpg,glass
Gaussian_Blured_Pictures\blurred_plastic399.jpg,plastic
Gaussian_Blured_Pictures\blurred_cardboard26.jpg,cardboard
Gaussian_Blured_Pictures\blurred_paper198.jpg,paper
Gaussian_Blured_Pictures\blurred_cardboard354.jpg,cardboard
Gaussian_Blured_Pictures\blurred_cardboard387.jpg,cardboard
Gaussian_Blured_Pictures\blurred_metal222.jpg,metal
Gaussian_Blured_Pictures\blurred_glass181.jpg,glass
Gaussian_Blured_Pictures\blurred_trash92.jpg,trash
Gaussian_Blured_Pictures\blurred_cardboard157.jpg,cardboard
Gaussian_Blured_Pictures\blurred_paper49.jpg,paper
Gaussian_Blured_Pictures\blurred_plastic227.jpg,plastic
Gaussian_Blured_Pictures\blurred_plastic181.jpg,plastic
Gaussian_Blured_Pictures\blurred_plastic332.jpg,plastic
Gaussian_Blured_Pictures\blurred_cardboard90.jpg,cardboard
Gaussian_Blured_Pictures\blurred_trash18.jpg,trash
Gaussian_Blured_Pictures\blurred_plastic189.jpg,plastic
Gaussian_Blured_Pictures\blurred_metal317.jpg,metal
Gaussian_Blured_Pictures\blurred_metal233.jpg,metal
Gaussian_Blured_Pictures\blurred_paper272.jpg,paper
Gaussian_Blured_Pictures\blurred_paper314.jpg,paper
Gaussian_Blured_Pictures\blurred_glass289.jpg,glass
Gaussian_Blured_Pictures\blurred_glass255.jpg,glass
Gaussian_Blured_Pictures\blurred_glass126.jpg,glass
Gaussian_Blured_Pictures\blurred_metal180.jpg,metal
Gaussian_Blured_Pictures\blurred_paper582.jpg,paper
Gaussian_Blured_Pictures\blurred_paper167.jpg,paper
Gaussian_Blured_Pictures\blurred_plastic320.jpg,plastic
Gaussian_Blured_Pictures\blurred_plastic420.jpg,plastic
Gaussian_Blured_Pictures\blurred_plastic112.jpg,plastic
Gaussian_Blured_Pictures\blurred_plastic139.jpg,plastic
Gaussian_Blured_Pictures\blurred_cardboard292.jpg,cardboard
Gaussian_Blured_Pictures\blurred_paper308.jpg,paper
Gaussian_Blured_Pictures\blurred_metal231.jpg,metal
Gaussian_Blured_Pictures\blurred_cardboard380.jpg,cardboard
Gaussian_Blured_Pictures\blurred_cardboard99.jpg,cardboard
Gaussian_Blured_Pictures\blurred_cardboard172.jpg,cardboard
Gaussian_Blured_Pictures\blurred_glass500.jpg,glass
Gaussian_Blured_Pictures\blurred_metal214.jpg,metal
Gaussian_Blured_Pictures\blurred_metal126.jpg,metal
Gaussian_Blured_Pictures\blurred_glass227.jpg,glass
Gaussian_Blured_Pictures\blurred_paper267.jpg,paper
Gaussian_Blured_Pictures\blurred_glass378.jpg,glass
Gaussian_Blured_Pictures\blurred_metal191.jpg,metal
Gaussian_Blured_Pictures\blurred_glass220.jpg,glass
Gaussian_Blured_Pictures\blurred_metal39.jpg,metal
Gaussian_Blured_Pictures\blurred_paper205.jpg,paper
Gaussian_Blured_Pictures\blurred_cardboard339.jpg,cardboard
Gaussian_Blured_Pictures\blurred_glass156.jpg,glass
Gaussian_Blured_Pictures\blurred_plastic408.jpg,plastic
Gaussian_Blured_Pictures\blurred_cardboard70.jpg,cardboard
Gaussian_Blured_Pictures\blurred_cardboard228.jpg,cardboard
Gaussian_Blured_Pictures\blurred_metal329.jpg,metal
Gaussian_Blured_Pictures\blurred_glass309.jpg,glass
Gaussian_Blured_Pictures\blurred_cardboard135.jpg,cardboard
Gaussian_Blured_Pictures\blurred_cardboard114.jpg,cardboard
Gaussian_Blured_Pictures\blurred_glass89.jpg,glass
Gaussian_Blured_Pictures\blurred_paper311.jpg,paper
Gaussian_Blured_Pictures\blurred_paper120.jpg,paper
Gaussian_Blured_Pictures\blurred_cardboard18.jpg,cardboard
Gaussian_Blured_Pictures\blurred_glass372.jpg,glass
Gaussian_Blured_Pictures\blurred_metal330.jpg,metal
Gaussian_Blured_Pictures\blurred_paper230.jpg,paper
Gaussian_Blured_Pictures\blurred_cardboard104.jpg,cardboard
Gaussian_Blured_Pictures\blurred_paper211.jpg,paper
Gaussian_Blured_Pictures\blurred_paper371.jpg,paper
Gaussian_Blured_Pictures\blurred_glass436.jpg,glass
Gaussian_Blured_Pictures\blurred_glass176.jpg,glass
Gaussian_Blured_Pictures\blurred_cardboard221.jpg,cardboard
Gaussian_Blured_Pictures\blurred_plastic108.jpg,plastic
Gaussian_Blured_Pictures\blurred_paper312.jpg,paper
Gaussian_Blured_Pictures\blurred_cardboard388.jpg,cardboard
Gaussian_Blured_Pictures\blurred_paper13.jpg,paper
Gaussian_Blured_Pictures\blurred_glass184.jpg,glass
Gaussian_Blured_Pictures\blurred_trash69.jpg,trash
Gaussian_Blured_Pictures\blurred_glass490.jpg,glass
Gaussian_Blured_Pictures\blurred_plastic259.jpg,plastic
Gaussian_Blured_Pictures\blurred_plastic367.jpg,plastic
Gaussian_Blured_Pictures\blurred_metal38.jpg,metal
Gaussian_Blured_Pictures\blurred_plastic303.jpg,plastic
Gaussian_Blured_Pictures\blurred_metal364.jpg,metal
Gaussian_Blured_Pictures\blurred_plastic385.jpg,plastic
Gaussian_Blured_Pictures\blurred_metal108.jpg,metal
Gaussian_Blured_Pictures\blurred_glass433.jpg,glass
Gaussian_Blured_Pictures\blurred_glass424.jpg,glass
Gaussian_Blured_Pictures\blurred_paper231.jpg,paper
Gaussian_Blured_Pictures\blurred_plastic223.jpg,plastic
Gaussian_Blured_Pictures\blurred_plastic128.jpg,plastic
Gaussian_Blured_Pictures\blurred_cardboard188.jpg,cardboard
Gaussian_Blured_Pictures\blurred_metal175.jpg,metal
Gaussian_Blured_Pictures\blurred_glass320.jpg,glass
Gaussian_Blured_Pictures\blurred_metal297.jpg,metal
Gaussian_Blured_Pictures\blurred_metal262.jpg,metal
Gaussian_Blured_Pictures\blurred_cardboard163.jpg,cardboard
Gaussian_Blured_Pictures\blurred_metal61.jpg,metal
Gaussian_Blured_Pictures\blurred_glass375.jpg,glass
Gaussian_Blured_Pictures\blurred_paper173.jpg,paper
Gaussian_Blured_Pictures\blurred_glass116.jpg,glass
Gaussian_Blured_Pictures\blurred_plastic295.jpg,plastic
Gaussian_Blured_Pictures\blurred_plastic237.jpg,plastic
Gaussian_Blured_Pictures\blurred_cardboard106.jpg,cardboard
Gaussian_Blured_Pictures\blurred_cardboard205.jpg,cardboard
Gaussian_Blured_Pictures\blurred_plastic278.jpg,plastic
Gaussian_Blured_Pictures\blurred_cardboard253.jpg,cardboard
Gaussian_Blured_Pictures\blurred_paper391.jpg,paper
Gaussian_Blured_Pictures\blurred_metal392.jpg,metal
Gaussian_Blured_Pictures\blurred_metal129.jpg,metal
Gaussian_Blured_Pictures\blurred_paper467.jpg,paper
Gaussian_Blured_Pictures\blurred_glass131.jpg,glass
Gaussian_Blured_Pictures\blurred_plastic275.jpg,plastic
Gaussian_Blured_Pictures\blurred_metal48.jpg,metal
Gaussian_Blured_Pictures\blurred_plastic312.jpg,plastic
Gaussian_Blured_Pictures\blurred_glass359.jpg,glass
Gaussian_Blured_Pictures\blurred_glass68.jpg,glass
Gaussian_Blured_Pictures\blurred_paper105.jpg,paper
Gaussian_Blured_Pictures\blurred_glass398.jpg,glass
Gaussian_Blured_Pictures\blurred_paper456.jpg,paper
Gaussian_Blured_Pictures\blurred_cardboard376.jpg,cardboard
Gaussian_Blured_Pictures\blurred_cardboard28.jpg,cardboard
Gaussian_Blured_Pictures\blurred_cardboard222.jpg,cardboard
Gaussian_Blured_Pictures\blurred_glass409.jpg,glass
Gaussian_Blured_Pictures\blurred_glass9.jpg,glass
Gaussian_Blured_Pictures\blurred_plastic274.jpg,plastic
Gaussian_Blured_Pictures\blurred_glass499.jpg,glass
Gaussian_Blured_Pictures\blurred_paper330.jpg,paper
Gaussian_Blured_Pictures\blurred_paper329.jpg,paper
Gaussian_Blured_Pictures\blurred_glass383.jpg,glass
Gaussian_Blured_Pictures\blurred_cardboard250.jpg,cardboard
Gaussian_Blured_Pictures\blurred_cardboard57.jpg,cardboard
Gaussian_Blured_Pictures\blurred_cardboard144.jpg,cardboard
Gaussian_Blured_Pictures\blurred_plastic482.jpg,plastic
Gaussian_Blured_Pictures\blurred_metal237.jpg,metal
Gaussian_Blured_Pictures\blurred_plastic298.jpg,plastic
Gaussian_Blured_Pictures\blurred_glass346.jpg,glass
Gaussian_Blured_Pictures\blurred_paper509.jpg,paper
Gaussian_Blured_Pictures\blurred_plastic50.jpg,plastic
Gaussian_Blured_Pictures\blurred_cardboard85.jpg,cardboard
Gaussian_Blured_Pictures\blurred_glass473.jpg,glass
Gaussian_Blured_Pictures\blurred_paper202.jpg,paper
Gaussian_Blured_Pictures\blurred_paper532.jpg,paper
Gaussian_Blured_Pictures\blurred_metal295.jpg,metal
Gaussian_Blured_Pictures\blurred_metal255.jpg,metal
Gaussian_Blured_Pictures\blurred_cardboard166.jpg,cardboard
Gaussian_Blured_Pictures\blurred_paper295.jpg,paper
Gaussian_Blured_Pictures\blurred_cardboard328.jpg,cardboard
Gaussian_Blured_Pictures\blurred_paper538.jpg,paper
Gaussian_Blured_Pictures\blurred_paper107.jpg,paper
Gaussian_Blured_Pictures\blurred_paper54.jpg,paper
Gaussian_Blured_Pictures\blurred_glass132.jpg,glass
Gaussian_Blured_Pictures\blurred_paper474.jpg,paper
Gaussian_Blured_Pictures\blurred_paper219.jpg,paper
Gaussian_Blured_Pictures\blurred_paper226.jpg,paper
Gaussian_Blured_Pictures\blurred_cardboard147.jpg,cardboard
Gaussian_Blured_Pictures\blurred_trash113.jpg,trash
Gaussian_Blured_Pictures\blurred_metal203.jpg,metal
Gaussian_Blured_Pictures\blurred_glass19.jpg,glass
Gaussian_Blured_Pictures\blurred_metal393.jpg,metal
Gaussian_Blured_Pictures\blurred_paper178.jpg,paper
Gaussian_Blured_Pictures\blurred_plastic396.jpg,plastic
Gaussian_Blured_Pictures\blurred_paper390.jpg,paper
Gaussian_Blured_Pictures\blurred_trash100.jpg,trash
Gaussian_Blured_Pictures\blurred_paper27.jpg,paper
Gaussian_Blured_Pictures\blurred_paper131.jpg,paper
Gaussian_Blured_Pictures\blurred_glass163.jpg,glass
Gaussian_Blured_Pictures\blurred_paper171.jpg,paper
Gaussian_Blured_Pictures\blurred_plastic242.jpg,plastic
Gaussian_Blured_Pictures\blurred_paper381.jpg,paper
Gaussian_Blured_Pictures\blurred_metal279.jpg,metal
Gaussian_Blured_Pictures\blurred_glass153.jpg,glass
Gaussian_Blured_Pictures\blurred_cardboard42.jpg,cardboard
Gaussian_Blured_Pictures\blurred_plastic64.jpg,plastic
Gaussian_Blured_Pictures\blurred_cardboard66.jpg,cardboard
Gaussian_Blured_Pictures\blurred_glass67.jpg,glass
Gaussian_Blured_Pictures\blurred_cardboard212.jpg,cardboard
Gaussian_Blured_Pictures\blurred_plastic45.jpg,plastic
Gaussian_Blured_Pictures\blurred_cardboard113.jpg,cardboard
Gaussian_Blured_Pictures\blurred_paper431.jpg,paper
Gaussian_Blured_Pictures\blurred_paper449.jpg,paper
Gaussian_Blured_Pictures\blurred_paper301.jpg,paper
Gaussian_Blured_Pictures\blurred_paper170.jpg,paper
Gaussian_Blured_Pictures\blurred_plastic151.jpg,plastic
Gaussian_Blured_Pictures\blurred_metal43.jpg,metal
Gaussian_Blured_Pictures\blurred_paper511.jpg,paper
Gaussian_Blured_Pictures\blurred_trash93.jpg,trash
Gaussian_Blured_Pictures\blurred_metal166.jpg,metal
Gaussian_Blured_Pictures\blurred_glass324.jpg,glass
Gaussian_Blured_Pictures\blurred_metal149.jpg,metal
Gaussian_Blured_Pictures\blurred_plastic55.jpg,plastic
Gaussian_Blured_Pictures\blurred_glass59.jpg,glass
Gaussian_Blured_Pictures\blurred_metal344.jpg,metal
Gaussian_Blured_Pictures\blurred_plastic326.jpg,plastic
Gaussian_Blured_Pictures\blurred_paper201.jpg,paper
Gaussian_Blured_Pictures\blurred_glass278.jpg,glass
Gaussian_Blured_Pictures\blurred_plastic413.jpg,plastic
Gaussian_Blured_Pictures\blurred_paper6.jpg,paper
Gaussian_Blured_Pictures\blurred_metal319.jpg,metal
Gaussian_Blured_Pictures\blurred_paper196.jpg,paper
Gaussian_Blured_Pictures\blurred_glass16.jpg,glass
Gaussian_Blured_Pictures\blurred_metal408.jpg,metal
Gaussian_Blured_Pictures\blurred_plastic224.jpg,plastic
Gaussian_Blured_Pictures\blurred_paper65.jpg,paper
Gaussian_Blured_Pictures\blurred_metal6.jpg,metal
Gaussian_Blured_Pictures\blurred_metal328.jpg,metal
Gaussian_Blured_Pictures\blurred_paper154.jpg,paper
Gaussian_Blured_Pictures\blurred_plastic77.jpg,plastic
Gaussian_Blured_Pictures\blurred_paper375.jpg,paper
Gaussian_Blured_Pictures\blurred_paper356.jpg,paper
Gaussian_Blured_Pictures\blurred_cardboard15.jpg,cardboard
Gaussian_Blured_Pictures\blurred_metal335.jpg,metal
Gaussian_Blured_Pictures\blurred_glass312.jpg,glass
Gaussian_Blured_Pictures\blurred_glass273.jpg,glass
Gaussian_Blured_Pictures\blurred_glass459.jpg,glass
Gaussian_Blured_Pictures\blurred_metal224.jpg,metal
Gaussian_Blured_Pictures\blurred_glass33.jpg,glass
Gaussian_Blured_Pictures\blurred_metal164.jpg,metal
Gaussian_Blured_Pictures\blurred_cardboard299.jpg,cardboard
Gaussian_Blured_Pictures\blurred_plastic373.jpg,plastic
Gaussian_Blured_Pictures\blurred_paper227.jpg,paper
Gaussian_Blured_Pictures\blurred_paper313.jpg,paper
Gaussian_Blured_Pictures\blurred_metal311.jpg,metal
Gaussian_Blured_Pictures\blurred_plastic417.jpg,plastic
Gaussian_Blured_Pictures\blurred_glass219.jpg,glass
Gaussian_Blured_Pictures\blurred_plastic465.jpg,plastic
Gaussian_Blured_Pictures\blurred_cardboard320.jpg,cardboard
Gaussian_Blured_Pictures\blurred_plastic124.jpg,plastic
Gaussian_Blured_Pictures\blurred_metal49.jpg,metal
Gaussian_Blured_Pictures\blurred_cardboard252.jpg,cardboard
Gaussian_Blured_Pictures\blurred_paper215.jpg,paper
Gaussian_Blured_Pictures\blurred_trash126.jpg,trash
Gaussian_Blured_Pictures\blurred_metal19.jpg,metal
Gaussian_Blured_Pictures\blurred_glass298.jpg,glass
Gaussian_Blured_Pictures\blurred_cardboard76.jpg,cardboard
Gaussian_Blured_Pictures\blurred_plastic17.jpg,plastic
Gaussian_Blured_Pictures\blurred_plastic70.jpg,plastic
Gaussian_Blured_Pictures\blurred_glass154.jpg,glass
Gaussian_Blured_Pictures\blurred_glass77.jpg,glass
Gaussian_Blured_Pictures\blurred_glass196.jpg,glass
Gaussian_Blured_Pictures\blurred_metal336.jpg,metal
Gaussian_Blured_Pictures\blurred_paper444.jpg,paper
Gaussian_Blured_Pictures\blurred_cardboard179.jpg,cardboard
Gaussian_Blured_Pictures\blurred_plastic314.jpg,plastic
Gaussian_Blured_Pictures\blurred_glass21.jpg,glass
Gaussian_Blured_Pictures\blurred_metal159.jpg,metal
Gaussian_Blured_Pictures\blurred_glass407.jpg,glass
Gaussian_Blured_Pictures\blurred_paper52.jpg,paper
Gaussian_Blured_Pictures\blurred_glass328.jpg,glass
Gaussian_Blured_Pictures\blurred_glass384.jpg,glass
Gaussian_Blured_Pictures\blurred_paper17.jpg,paper
Gaussian_Blured_Pictures\blurred_paper40.jpg,paper
Gaussian_Blured_Pictures\blurred_glass430.jpg,glass
Gaussian_Blured_Pictures\blurred_glass229.jpg,glass
Gaussian_Blured_Pictures\blurred_plastic438.jpg,plastic
Gaussian_Blured_Pictures\blurred_trash116.jpg,trash
Gaussian_Blured_Pictures\blurred_plastic153.jpg,plastic
Gaussian_Blured_Pictures\blurred_cardboard251.jpg,cardboard
Gaussian_Blured_Pictures\blurred_metal142.jpg,metal
Gaussian_Blured_Pictures\blurred_glass495.jpg,glass
Gaussian_Blured_Pictures\blurred_paper382.jpg,paper
Gaussian_Blured_Pictures\blurred_glass8.jpg,glass
Gaussian_Blured_Pictures\blurred_paper383.jpg,paper
Gaussian_Blured_Pictures\blurred_plastic307.jpg,plastic
Gaussian_Blured_Pictures\blurred_metal73.jpg,metal
Gaussian_Blured_Pictures\blurred_plastic81.jpg,plastic
Gaussian_Blured_Pictures\blurred_paper334.jpg,paper
Gaussian_Blured_Pictures\blurred_paper26.jpg,paper
Gaussian_Blured_Pictures\blurred_glass118.jpg,glass
Gaussian_Blured_Pictures\blurred_plastic284.jpg,plastic
Gaussian_Blured_Pictures\blurred_metal342.jpg,metal
Gaussian_Blured_Pictures\blurred_plastic461.jpg,plastic
Gaussian_Blured_Pictures\blurred_metal243.jpg,metal
Gaussian_Blured_Pictures\blurred_cardboard343.jpg,cardboard
Gaussian_Blured_Pictures\blurred_metal395.jpg,metal
Gaussian_Blured_Pictures\blurred_plastic441.jpg,plastic
Gaussian_Blured_Pictures\blurred_metal405.jpg,metal
Gaussian_Blured_Pictures\blurred_plastic168.jpg,plastic
Gaussian_Blured_Pictures\blurred_paper433.jpg,paper
Gaussian_Blured_Pictures\blurred_metal272.jpg,metal
Gaussian_Blured_Pictures\blurred_paper212.jpg,paper
Gaussian_Blured_Pictures\blurred_plastic381.jpg,plastic
Gaussian_Blured_Pictures\blurred_paper463.jpg,paper
Gaussian_Blured_Pictures\blurred_cardboard307.jpg,cardboard
Gaussian_Blured_Pictures\blurred_plastic329.jpg,plastic
Gaussian_Blured_Pictures\blurred_glass413.jpg,glass
Gaussian_Blured_Pictures\blurred_paper92.jpg,paper
Gaussian_Blured_Pictures\blurred_paper191.jpg,paper
Gaussian_Blured_Pictures\blurred_paper37.jpg,paper
Gaussian_Blured_Pictures\blurred_metal289.jpg,metal
Gaussian_Blured_Pictures\blurred_paper296.jpg,paper
Gaussian_Blured_Pictures\blurred_plastic391.jpg,plastic
Gaussian_Blured_Pictures\blurred_paper527.jpg,paper
Gaussian_Blured_Pictures\blurred_metal198.jpg,metal
Gaussian_Blured_Pictures\blurred_paper500.jpg,paper
Gaussian_Blured_Pictures\blurred_metal34.jpg,metal
Gaussian_Blured_Pictures\blurred_trash24.jpg,trash
Gaussian_Blured_Pictures\blurred_plastic16.jpg,plastic
Gaussian_Blured_Pictures\blurred_paper394.jpg,paper
Gaussian_Blured_Pictures\blurred_plastic170.jpg,plastic
Gaussian_Blured_Pictures\blurred_trash108.jpg,trash
Gaussian_Blured_Pictures\blurred_paper409.jpg,paper
Gaussian_Blured_Pictures\blurred_paper21.jpg,paper
Gaussian_Blured_Pictures\blurred_glass262.jpg,glass
Gaussian_Blured_Pictures\blurred_paper281.jpg,paper
Gaussian_Blured_Pictures\blurred_plastic232.jpg,plastic
Gaussian_Blured_Pictures\blurred_glass5.jpg,glass
Gaussian_Blured_Pictures\blurred_paper424.jpg,paper
Gaussian_Blured_Pictures\blurred_cardboard108.jpg,cardboard
Gaussian_Blured_Pictures\blurred_cardboard226.jpg,cardboard
Gaussian_Blured_Pictures\blurred_trash56.jpg,trash
Gaussian_Blured_Pictures\blurred_paper421.jpg,paper
Gaussian_Blured_Pictures\blurred_plastic47.jpg,plastic
Gaussian_Blured_Pictures\blurred_trash122.jpg,trash
Gaussian_Blured_Pictures\blurred_metal188.jpg,metal
Gaussian_Blured_Pictures\blurred_paper496.jpg,paper
Gaussian_Blured_Pictures\blurred_cardboard283.jpg,cardboard
Gaussian_Blured_Pictures\blurred_cardboard346.jpg,cardboard
Gaussian_Blured_Pictures\blurred_glass222.jpg,glass
Gaussian_Blured_Pictures\blurred_glass29.jpg,glass
Gaussian_Blured_Pictures\blurred_glass64.jpg,glass
Gaussian_Blured_Pictures\blurred_plastic447.jpg,plastic
Gaussian_Blured_Pictures\blurred_metal53.jpg,metal
Gaussian_Blured_Pictures\blurred_plastic63.jpg,plastic
Gaussian_Blured_Pictures\blurred_paper38.jpg,paper
Gaussian_Blured_Pictures\blurred_cardboard77.jpg,cardboard
Gaussian_Blured_Pictures\blurred_plastic200.jpg,plastic
Gaussian_Blured_Pictures\blurred_plastic277.jpg,plastic
Gaussian_Blured_Pictures\blurred_paper358.jpg,paper
Gaussian_Blured_Pictures\blurred_trash40.jpg,trash
Gaussian_Blured_Pictures\blurred_plastic270.jpg,plastic
Gaussian_Blured_Pictures\blurred_cardboard64.jpg,cardboard
Gaussian_Blured_Pictures\blurred_glass422.jpg,glass
Gaussian_Blured_Pictures\blurred_metal33.jpg,metal
Gaussian_Blured_Pictures\blurred_cardboard36.jpg,cardboard
Gaussian_Blured_Pictures\blurred_paper572.jpg,paper
Gaussian_Blured_Pictures\blurred_paper220.jpg,paper
Gaussian_Blured_Pictures\blurred_cardboard92.jpg,cardboard
Gaussian_Blured_Pictures\blurred_paper41.jpg,paper
Gaussian_Blured_Pictures\blurred_metal270.jpg,metal
Gaussian_Blured_Pictures\blurred_plastic470.jpg,plastic
Gaussian_Blured_Pictures\blurred_glass78.jpg,glass
Gaussian_Blured_Pictures\blurred_trash78.jpg,trash
Gaussian_Blured_Pictures\blurred_cardboard361.jpg,cardboard
Gaussian_Blured_Pictures\blurred_glass334.jpg,glass
Gaussian_Blured_Pictures\blurred_cardboard47.jpg,cardboard
Gaussian_Blured_Pictures\blurred_cardboard83.jpg,cardboard
Gaussian_Blured_Pictures\blurred_plastic353.jpg,plastic
Gaussian_Blured_Pictures\blurred_paper452.jpg,paper
Gaussian_Blured_Pictures\blurred_glass25.jpg,glass
Gaussian_Blured_Pictures\blurred_glass308.jpg,glass
Gaussian_Blured_Pictures\blurred_glass58.jpg,glass
Gaussian_Blured_Pictures\blurred_trash20.jpg,trash
Gaussian_Blured_Pictures\blurred_plastic122.jpg,plastic
Gaussian_Blured_Pictures\blurred_plastic247.jpg,plastic
Gaussian_Blured_Pictures\blurred_paper143.jpg,paper
Gaussian_Blured_Pictures\blurred_paper187.jpg,paper
Gaussian_Blured_Pictures\blurred_plastic121.jpg,plastic
Gaussian_Blured_Pictures\blurred_glass447.jpg,glass
Gaussian_Blured_Pictures\blurred_paper279.jpg,paper
Gaussian_Blured_Pictures\blurred_trash83.jpg,trash
Gaussian_Blured_Pictures\blurred_glass415.jpg,glass
Gaussian_Blured_Pictures\blurred_plastic422.jpg,plastic
Gaussian_Blured_Pictures\blurred_glass437.jpg,glass
Gaussian_Blured_Pictures\blurred_glass208.jpg,glass
Gaussian_Blured_Pictures\blurred_metal89.jpg,metal
Gaussian_Blured_Pictures\blurred_paper258.jpg,paper
Gaussian_Blured_Pictures\blurred_paper526.jpg,paper
Gaussian_Blured_Pictures\blurred_plastic359.jpg,plastic
Gaussian_Blured_Pictures\blurred_plastic366.jpg,plastic
Gaussian_Blured_Pictures\blurred_cardboard35.jpg,cardboard
Gaussian_Blured_Pictures\blurred_cardboard138.jpg,cardboard
Gaussian_Blured_Pictures\blurred_metal81.jpg,metal
Gaussian_Blured_Pictures\blurred_cardboard266.jpg,cardboard
Gaussian_Blured_Pictures\blurred_glass305.jpg,glass
Gaussian_Blured_Pictures\blurred_glass400.jpg,glass
Gaussian_Blured_Pictures\blurred_metal2.jpg,metal
Gaussian_Blured_Pictures\blurred_plastic409.jpg,plastic
Gaussian_Blured_Pictures\blurred_cardboard20.jpg,cardboard
Gaussian_Blured_Pictures\blurred_plastic219.jpg,plastic
Gaussian_Blured_Pictures\blurred_plastic8.jpg,plastic
Gaussian_Blured_Pictures\blurred_cardboard107.jpg,cardboard
Gaussian_Blured_Pictures\blurred_paper48.jpg,paper
Gaussian_Blured_Pictures\blurred_trash134.jpg,trash
