imgPath,label
archive/Garbage Classification\paper\paper214.jpg,paper
archive/Garbage Classification\cardboard\cardboard365.jpg,cardboard
archive/Garbage Classification\paper\paper353.jpg,paper
archive/Garbage Classification\cardboard\cardboard219.jpg,cardboard
archive/Garbage Classification\metal\metal123.jpg,metal
archive/Garbage Classification\metal\metal401.jpg,metal
archive/Garbage Classification\paper\paper232.jpg,paper
archive/Garbage Classification\trash\trash11.jpg,trash
archive/Garbage Classification\metal\metal271.jpg,metal
archive/Garbage Classification\glass\glass228.jpg,glass
archive/Garbage Classification\plastic\plastic477.jpg,plastic
archive/Garbage Classification\glass\glass117.jpg,glass
archive/Garbage Classification\metal\metal288.jpg,metal
archive/Garbage Classification\glass\glass348.jpg,glass
archive/Garbage Classification\plastic\plastic310.jpg,plastic
archive/Garbage Classification\paper\paper440.jpg,paper
archive/Garbage Classification\plastic\plastic20.jpg,plastic
archive/Garbage Classification\plastic\plastic212.jpg,plastic
archive/Garbage Classification\metal\metal165.jpg,metal
archive/Garbage Classification\paper\paper72.jpg,paper
archive/Garbage Classification\plastic\plastic392.jpg,plastic
archive/Garbage Classification\metal\metal258.jpg,metal
archive/Garbage Classification\metal\metal18.jpg,metal
archive/Garbage Classification\trash\trash74.jpg,trash
archive/Garbage Classification\paper\paper447.jpg,paper
archive/Garbage Classification\paper\paper524.jpg,paper
archive/Garbage Classification\cardboard\cardboard276.jpg,cardboard
archive/Garbage Classification\paper\paper413.jpg,paper
archive/Garbage Classification\plastic\plastic395.jpg,plastic
archive/Garbage Classification\glass\glass432.jpg,glass
archive/Garbage Classification\glass\glass26.jpg,glass
archive/Garbage Classification\glass\glass32.jpg,glass
archive/Garbage Classification\glass\glass253.jpg,glass
archive/Garbage Classification\paper\paper344.jpg,paper
archive/Garbage Classification\glass\glass358.jpg,glass
archive/Garbage Classification\metal\metal263.jpg,metal
archive/Garbage Classification\paper\paper448.jpg,paper
archive/Garbage Classification\plastic\plastic229.jpg,plastic
archive/Garbage Classification\glass\glass177.jpg,glass
archive/Garbage Classification\cardboard\cardboard301.jpg,cardboard
archive/Garbage Classification\paper\paper497.jpg,paper
archive/Garbage Classification\plastic\plastic191.jpg,plastic
archive/Garbage Classification\cardboard\cardboard338.jpg,cardboard
archive/Garbage Classification\paper\paper539.jpg,paper
archive/Garbage Classification\cardboard\cardboard325.jpg,cardboard
archive/Garbage Classification\cardboard\cardboard315.jpg,cardboard
archive/Garbage Classification\plastic\plastic52.jpg,plastic
archive/Garbage Classification\metal\metal246.jpg,metal
archive/Garbage Classification\paper\paper46.jpg,paper
archive/Garbage Classification\cardboard\cardboard54.jpg,cardboard
archive/Garbage Classification\paper\paper76.jpg,paper
archive/Garbage Classification\glass\glass7.jpg,glass
archive/Garbage Classification\plastic\plastic97.jpg,plastic
archive/Garbage Classification\plastic\plastic346.jpg,plastic
archive/Garbage Classification\glass\glass169.jpg,glass
archive/Garbage Classification\glass\glass286.jpg,glass
archive/Garbage Classification\metal\metal377.jpg,metal
archive/Garbage Classification\cardboard\cardboard171.jpg,cardboard
archive/Garbage Classification\cardboard\cardboard314.jpg,cardboard
archive/Garbage Classification\paper\paper208.jpg,paper
archive/Garbage Classification\glass\glass396.jpg,glass
archive/Garbage Classification\paper\paper194.jpg,paper
archive/Garbage Classification\paper\paper345.jpg,paper
archive/Garbage Classification\plastic\plastic60.jpg,plastic
archive/Garbage Classification\plastic\plastic36.jpg,plastic
archive/Garbage Classification\plastic\plastic206.jpg,plastic
archive/Garbage Classification\glass\glass494.jpg,glass
archive/Garbage Classification\cardboard\cardboard5.jpg,cardboard
archive/Garbage Classification\glass\glass482.jpg,glass
archive/Garbage Classification\glass\glass497.jpg,glass
archive/Garbage Classification\paper\paper218.jpg,paper
archive/Garbage Classification\plastic\plastic217.jpg,plastic
archive/Garbage Classification\metal\metal347.jpg,metal
archive/Garbage Classification\paper\paper55.jpg,paper
archive/Garbage Classification\plastic\plastic249.jpg,plastic
archive/Garbage Classification\paper\paper251.jpg,paper
archive/Garbage Classification\metal\metal62.jpg,metal
archive/Garbage Classification\metal\metal252.jpg,metal
archive/Garbage Classification\metal\metal9.jpg,metal
archive/Garbage Classification\glass\glass477.jpg,glass
archive/Garbage Classification\glass\glass297.jpg,glass
archive/Garbage Classification\cardboard\cardboard109.jpg,cardboard
archive/Garbage Classification\trash\trash13.jpg,trash
archive/Garbage Classification\paper\paper125.jpg,paper
archive/Garbage Classification\plastic\plastic268.jpg,plastic
archive/Garbage Classification\plastic\plastic26.jpg,plastic
archive/Garbage Classification\paper\paper161.jpg,paper
archive/Garbage Classification\metal\metal28.jpg,metal
archive/Garbage Classification\plastic\plastic117.jpg,plastic
archive/Garbage Classification\glass\glass232.jpg,glass
archive/Garbage Classification\cardboard\cardboard25.jpg,cardboard
archive/Garbage Classification\paper\paper442.jpg,paper
archive/Garbage Classification\paper\paper249.jpg,paper
archive/Garbage Classification\glass\glass389.jpg,glass
archive/Garbage Classification\glass\glass257.jpg,glass
archive/Garbage Classification\plastic\plastic211.jpg,plastic
archive/Garbage Classification\plastic\plastic213.jpg,plastic
archive/Garbage Classification\cardboard\cardboard259.jpg,cardboard
archive/Garbage Classification\cardboard\cardboard255.jpg,cardboard
archive/Garbage Classification\cardboard\cardboard136.jpg,cardboard
archive/Garbage Classification\glass\glass498.jpg,glass
archive/Garbage Classification\plastic\plastic424.jpg,plastic
archive/Garbage Classification\cardboard\cardboard220.jpg,cardboard
archive/Garbage Classification\glass\glass50.jpg,glass
archive/Garbage Classification\cardboard\cardboard323.jpg,cardboard
archive/Garbage Classification\cardboard\cardboard375.jpg,cardboard
archive/Garbage Classification\paper\paper367.jpg,paper
archive/Garbage Classification\glass\glass321.jpg,glass
archive/Garbage Classification\plastic\plastic197.jpg,plastic
archive/Garbage Classification\cardboard\cardboard193.jpg,cardboard
archive/Garbage Classification\paper\paper304.jpg,paper
archive/Garbage Classification\paper\paper179.jpg,paper
archive/Garbage Classification\metal\metal136.jpg,metal
archive/Garbage Classification\trash\trash125.jpg,trash
archive/Garbage Classification\paper\paper141.jpg,paper
archive/Garbage Classification\metal\metal16.jpg,metal
archive/Garbage Classification\glass\glass310.jpg,glass
archive/Garbage Classification\plastic\plastic336.jpg,plastic
archive/Garbage Classification\cardboard\cardboard310.jpg,cardboard
archive/Garbage Classification\plastic\plastic116.jpg,plastic
archive/Garbage Classification\glass\glass446.jpg,glass
archive/Garbage Classification\paper\paper422.jpg,paper
archive/Garbage Classification\glass\glass245.jpg,glass
archive/Garbage Classification\cardboard\cardboard302.jpg,cardboard
archive/Garbage Classification\plastic\plastic261.jpg,plastic
archive/Garbage Classification\paper\paper39.jpg,paper
archive/Garbage Classification\glass\glass210.jpg,glass
archive/Garbage Classification\paper\paper45.jpg,paper
archive/Garbage Classification\glass\glass226.jpg,glass
archive/Garbage Classification\paper\paper59.jpg,paper
archive/Garbage Classification\metal\metal196.jpg,metal
archive/Garbage Classification\trash\trash128.jpg,trash
archive/Garbage Classification\paper\paper339.jpg,paper
archive/Garbage Classification\glass\glass57.jpg,glass
archive/Garbage Classification\plastic\plastic239.jpg,plastic
archive/Garbage Classification\paper\paper458.jpg,paper
archive/Garbage Classification\cardboard\cardboard322.jpg,cardboard
archive/Garbage Classification\metal\metal225.jpg,metal
archive/Garbage Classification\metal\metal314.jpg,metal
archive/Garbage Classification\trash\trash97.jpg,trash
archive/Garbage Classification\paper\paper14.jpg,paper
archive/Garbage Classification\cardboard\cardboard127.jpg,cardboard
archive/Garbage Classification\plastic\plastic72.jpg,plastic
archive/Garbage Classification\plastic\plastic46.jpg,plastic
archive/Garbage Classification\cardboard\cardboard1.jpg,cardboard
archive/Garbage Classification\plastic\plastic471.jpg,plastic
archive/Garbage Classification\glass\glass271.jpg,glass
archive/Garbage Classification\glass\glass38.jpg,glass
archive/Garbage Classification\cardboard\cardboard223.jpg,cardboard
archive/Garbage Classification\plastic\plastic175.jpg,plastic
archive/Garbage Classification\glass\glass99.jpg,glass
archive/Garbage Classification\paper\paper352.jpg,paper
archive/Garbage Classification\plastic\plastic388.jpg,plastic
archive/Garbage Classification\cardboard\cardboard94.jpg,cardboard
archive/Garbage Classification\glass\glass405.jpg,glass
archive/Garbage Classification\plastic\plastic202.jpg,plastic
archive/Garbage Classification\glass\glass427.jpg,glass
archive/Garbage Classification\paper\paper175.jpg,paper
archive/Garbage Classification\cardboard\cardboard203.jpg,cardboard
archive/Garbage Classification\cardboard\cardboard392.jpg,cardboard
archive/Garbage Classification\paper\paper33.jpg,paper
archive/Garbage Classification\paper\paper310.jpg,paper
archive/Garbage Classification\cardboard\cardboard141.jpg,cardboard
archive/Garbage Classification\metal\metal68.jpg,metal
archive/Garbage Classification\trash\trash132.jpg,trash
archive/Garbage Classification\paper\paper333.jpg,paper
archive/Garbage Classification\plastic\plastic405.jpg,plastic
archive/Garbage Classification\trash\trash73.jpg,trash
archive/Garbage Classification\metal\metal373.jpg,metal
archive/Garbage Classification\glass\glass53.jpg,glass
archive/Garbage Classification\paper\paper108.jpg,paper
archive/Garbage Classification\paper\paper494.jpg,paper
archive/Garbage Classification\metal\metal275.jpg,metal
archive/Garbage Classification\cardboard\cardboard186.jpg,cardboard
archive/Garbage Classification\cardboard\cardboard33.jpg,cardboard
archive/Garbage Classification\cardboard\cardboard371.jpg,cardboard
archive/Garbage Classification\plastic\plastic317.jpg,plastic
archive/Garbage Classification\plastic\plastic180.jpg,plastic
archive/Garbage Classification\cardboard\cardboard236.jpg,cardboard
archive/Garbage Classification\plastic\plastic118.jpg,plastic
archive/Garbage Classification\cardboard\cardboard169.jpg,cardboard
archive/Garbage Classification\paper\paper574.jpg,paper
archive/Garbage Classification\plastic\plastic61.jpg,plastic
archive/Garbage Classification\metal\metal112.jpg,metal
archive/Garbage Classification\metal\metal241.jpg,metal
archive/Garbage Classification\glass\glass173.jpg,glass
archive/Garbage Classification\paper\paper335.jpg,paper
archive/Garbage Classification\plastic\plastic426.jpg,plastic
archive/Garbage Classification\paper\paper477.jpg,paper
archive/Garbage Classification\cardboard\cardboard390.jpg,cardboard
archive/Garbage Classification\metal\metal74.jpg,metal
archive/Garbage Classification\trash\trash87.jpg,trash
archive/Garbage Classification\glass\glass426.jpg,glass
archive/Garbage Classification\paper\paper423.jpg,paper
archive/Garbage Classification\glass\glass2.jpg,glass
archive/Garbage Classification\glass\glass336.jpg,glass
archive/Garbage Classification\cardboard\cardboard22.jpg,cardboard
archive/Garbage Classification\paper\paper264.jpg,paper
archive/Garbage Classification\trash\trash79.jpg,trash
archive/Garbage Classification\plastic\plastic186.jpg,plastic
archive/Garbage Classification\cardboard\cardboard152.jpg,cardboard
archive/Garbage Classification\trash\trash32.jpg,trash
archive/Garbage Classification\cardboard\cardboard249.jpg,cardboard
archive/Garbage Classification\glass\glass166.jpg,glass
archive/Garbage Classification\paper\paper204.jpg,paper
archive/Garbage Classification\trash\trash136.jpg,trash
archive/Garbage Classification\glass\glass81.jpg,glass
archive/Garbage Classification\paper\paper123.jpg,paper
archive/Garbage Classification\metal\metal147.jpg,metal
archive/Garbage Classification\paper\paper50.jpg,paper
archive/Garbage Classification\glass\glass136.jpg,glass
archive/Garbage Classification\plastic\plastic316.jpg,plastic
archive/Garbage Classification\plastic\plastic218.jpg,plastic
archive/Garbage Classification\plastic\plastic67.jpg,plastic
archive/Garbage Classification\glass\glass292.jpg,glass
archive/Garbage Classification\plastic\plastic444.jpg,plastic
archive/Garbage Classification\glass\glass277.jpg,glass
archive/Garbage Classification\paper\paper387.jpg,paper
archive/Garbage Classification\plastic\plastic38.jpg,plastic
archive/Garbage Classification\plastic\plastic27.jpg,plastic
archive/Garbage Classification\metal\metal1.jpg,metal
archive/Garbage Classification\paper\paper259.jpg,paper
archive/Garbage Classification\cardboard\cardboard336.jpg,cardboard
archive/Garbage Classification\metal\metal247.jpg,metal
archive/Garbage Classification\paper\paper147.jpg,paper
archive/Garbage Classification\cardboard\cardboard316.jpg,cardboard
archive/Garbage Classification\cardboard\cardboard58.jpg,cardboard
archive/Garbage Classification\metal\metal131.jpg,metal
archive/Garbage Classification\paper\paper513.jpg,paper
archive/Garbage Classification\paper\paper550.jpg,paper
archive/Garbage Classification\glass\glass464.jpg,glass
archive/Garbage Classification\cardboard\cardboard357.jpg,cardboard
archive/Garbage Classification\paper\paper577.jpg,paper
archive/Garbage Classification\paper\paper507.jpg,paper
archive/Garbage Classification\cardboard\cardboard194.jpg,cardboard
archive/Garbage Classification\trash\trash52.jpg,trash
archive/Garbage Classification\paper\paper414.jpg,paper
archive/Garbage Classification\cardboard\cardboard12.jpg,cardboard
archive/Garbage Classification\metal\metal277.jpg,metal
archive/Garbage Classification\paper\paper15.jpg,paper
archive/Garbage Classification\metal\metal301.jpg,metal
archive/Garbage Classification\glass\glass451.jpg,glass
archive/Garbage Classification\glass\glass248.jpg,glass
archive/Garbage Classification\paper\paper124.jpg,paper
archive/Garbage Classification\metal\metal318.jpg,metal
archive/Garbage Classification\cardboard\cardboard270.jpg,cardboard
archive/Garbage Classification\paper\paper112.jpg,paper
archive/Garbage Classification\plastic\plastic4.jpg,plastic
archive/Garbage Classification\plastic\plastic32.jpg,plastic
archive/Garbage Classification\glass\glass197.jpg,glass
archive/Garbage Classification\glass\glass167.jpg,glass
archive/Garbage Classification\paper\paper99.jpg,paper
archive/Garbage Classification\glass\glass275.jpg,glass
archive/Garbage Classification\trash\trash107.jpg,trash
archive/Garbage Classification\metal\metal381.jpg,metal
archive/Garbage Classification\glass\glass60.jpg,glass
archive/Garbage Classification\metal\metal366.jpg,metal
archive/Garbage Classification\metal\metal409.jpg,metal
archive/Garbage Classification\plastic\plastic145.jpg,plastic
archive/Garbage Classification\cardboard\cardboard84.jpg,cardboard
archive/Garbage Classification\trash\trash50.jpg,trash
archive/Garbage Classification\glass\glass178.jpg,glass
archive/Garbage Classification\metal\metal244.jpg,metal
archive/Garbage Classification\paper\paper385.jpg,paper
archive/Garbage Classification\plastic\plastic201.jpg,plastic
archive/Garbage Classification\plastic\plastic435.jpg,plastic
archive/Garbage Classification\glass\glass435.jpg,glass
archive/Garbage Classification\metal\metal400.jpg,metal
archive/Garbage Classification\glass\glass287.jpg,glass
archive/Garbage Classification\glass\glass441.jpg,glass
archive/Garbage Classification\plastic\plastic226.jpg,plastic
archive/Garbage Classification\plastic\plastic178.jpg,plastic
archive/Garbage Classification\cardboard\cardboard123.jpg,cardboard
archive/Garbage Classification\plastic\plastic30.jpg,plastic
archive/Garbage Classification\glass\glass263.jpg,glass
archive/Garbage Classification\metal\metal17.jpg,metal
archive/Garbage Classification\metal\metal307.jpg,metal
archive/Garbage Classification\plastic\plastic440.jpg,plastic
archive/Garbage Classification\plastic\plastic450.jpg,plastic
archive/Garbage Classification\metal\metal213.jpg,metal
archive/Garbage Classification\cardboard\cardboard237.jpg,cardboard
archive/Garbage Classification\cardboard\cardboard362.jpg,cardboard
archive/Garbage Classification\plastic\plastic176.jpg,plastic
archive/Garbage Classification\glass\glass463.jpg,glass
archive/Garbage Classification\cardboard\cardboard238.jpg,cardboard
archive/Garbage Classification\cardboard\cardboard213.jpg,cardboard
archive/Garbage Classification\plastic\plastic86.jpg,plastic
archive/Garbage Classification\paper\paper225.jpg,paper
archive/Garbage Classification\paper\paper425.jpg,paper
archive/Garbage Classification\paper\paper485.jpg,paper
archive/Garbage Classification\plastic\plastic290.jpg,plastic
archive/Garbage Classification\glass\glass341.jpg,glass
archive/Garbage Classification\metal\metal69.jpg,metal
archive/Garbage Classification\plastic\plastic319.jpg,plastic
archive/Garbage Classification\cardboard\cardboard286.jpg,cardboard
archive/Garbage Classification\glass\glass18.jpg,glass
archive/Garbage Classification\glass\glass193.jpg,glass
archive/Garbage Classification\glass\glass80.jpg,glass
archive/Garbage Classification\paper\paper255.jpg,paper
archive/Garbage Classification\cardboard\cardboard182.jpg,cardboard
archive/Garbage Classification\cardboard\cardboard378.jpg,cardboard
archive/Garbage Classification\plastic\plastic297.jpg,plastic
archive/Garbage Classification\paper\paper242.jpg,paper
archive/Garbage Classification\trash\trash111.jpg,trash
archive/Garbage Classification\metal\metal133.jpg,metal
archive/Garbage Classification\plastic\plastic418.jpg,plastic
archive/Garbage Classification\paper\paper460.jpg,paper
archive/Garbage Classification\glass\glass194.jpg,glass
archive/Garbage Classification\metal\metal64.jpg,metal
archive/Garbage Classification\glass\glass501.jpg,glass
archive/Garbage Classification\cardboard\cardboard349.jpg,cardboard
archive/Garbage Classification\paper\paper552.jpg,paper
archive/Garbage Classification\glass\glass109.jpg,glass
archive/Garbage Classification\glass\glass343.jpg,glass
archive/Garbage Classification\plastic\plastic253.jpg,plastic
archive/Garbage Classification\trash\trash5.jpg,trash
archive/Garbage Classification\plastic\plastic335.jpg,plastic
archive/Garbage Classification\plastic\plastic12.jpg,plastic
archive/Garbage Classification\paper\paper405.jpg,paper
archive/Garbage Classification\plastic\plastic475.jpg,plastic
archive/Garbage Classification\metal\metal63.jpg,metal
archive/Garbage Classification\paper\paper354.jpg,paper
archive/Garbage Classification\paper\paper386.jpg,paper
archive/Garbage Classification\metal\metal182.jpg,metal
archive/Garbage Classification\glass\glass158.jpg,glass
archive/Garbage Classification\paper\paper571.jpg,paper
archive/Garbage Classification\cardboard\cardboard240.jpg,cardboard
archive/Garbage Classification\cardboard\cardboard132.jpg,cardboard
archive/Garbage Classification\trash\trash1.jpg,trash
archive/Garbage Classification\metal\metal355.jpg,metal
archive/Garbage Classification\paper\paper588.jpg,paper
archive/Garbage Classification\plastic\plastic309.jpg,plastic
archive/Garbage Classification\metal\metal45.jpg,metal
archive/Garbage Classification\cardboard\cardboard34.jpg,cardboard
archive/Garbage Classification\glass\glass280.jpg,glass
archive/Garbage Classification\trash\trash66.jpg,trash
archive/Garbage Classification\metal\metal353.jpg,metal
archive/Garbage Classification\metal\metal286.jpg,metal
archive/Garbage Classification\cardboard\cardboard53.jpg,cardboard
archive/Garbage Classification\plastic\plastic425.jpg,plastic
archive/Garbage Classification\glass\glass203.jpg,glass
archive/Garbage Classification\paper\paper182.jpg,paper
archive/Garbage Classification\paper\paper200.jpg,paper
archive/Garbage Classification\paper\paper174.jpg,paper
archive/Garbage Classification\paper\paper517.jpg,paper
archive/Garbage Classification\glass\glass487.jpg,glass
archive/Garbage Classification\plastic\plastic368.jpg,plastic
archive/Garbage Classification\paper\paper239.jpg,paper
archive/Garbage Classification\cardboard\cardboard216.jpg,cardboard
archive/Garbage Classification\paper\paper542.jpg,paper
archive/Garbage Classification\metal\metal354.jpg,metal
archive/Garbage Classification\glass\glass125.jpg,glass
archive/Garbage Classification\paper\paper464.jpg,paper
archive/Garbage Classification\paper\paper223.jpg,paper
archive/Garbage Classification\plastic\plastic187.jpg,plastic
archive/Garbage Classification\glass\glass148.jpg,glass
archive/Garbage Classification\plastic\plastic54.jpg,plastic
archive/Garbage Classification\plastic\plastic73.jpg,plastic
archive/Garbage Classification\plastic\plastic414.jpg,plastic
archive/Garbage Classification\cardboard\cardboard241.jpg,cardboard
archive/Garbage Classification\paper\paper269.jpg,paper
archive/Garbage Classification\metal\metal26.jpg,metal
archive/Garbage Classification\metal\metal30.jpg,metal
archive/Garbage Classification\plastic\plastic155.jpg,plastic
archive/Garbage Classification\glass\glass471.jpg,glass
archive/Garbage Classification\glass\glass261.jpg,glass
archive/Garbage Classification\plastic\plastic140.jpg,plastic
archive/Garbage Classification\glass\glass230.jpg,glass
archive/Garbage Classification\paper\paper31.jpg,paper
archive/Garbage Classification\paper\paper592.jpg,paper
archive/Garbage Classification\glass\glass149.jpg,glass
archive/Garbage Classification\glass\glass107.jpg,glass
archive/Garbage Classification\plastic\plastic380.jpg,plastic
archive/Garbage Classification\metal\metal158.jpg,metal
archive/Garbage Classification\cardboard\cardboard112.jpg,cardboard
archive/Garbage Classification\plastic\plastic79.jpg,plastic
archive/Garbage Classification\glass\glass214.jpg,glass
archive/Garbage Classification\plastic\plastic248.jpg,plastic
archive/Garbage Classification\glass\glass465.jpg,glass
archive/Garbage Classification\paper\paper570.jpg,paper
archive/Garbage Classification\glass\glass63.jpg,glass
archive/Garbage Classification\glass\glass146.jpg,glass
archive/Garbage Classification\plastic\plastic198.jpg,plastic
archive/Garbage Classification\plastic\plastic179.jpg,plastic
archive/Garbage Classification\glass\glass147.jpg,glass
archive/Garbage Classification\metal\metal371.jpg,metal
archive/Garbage Classification\trash\trash137.jpg,trash
archive/Garbage Classification\cardboard\cardboard280.jpg,cardboard
archive/Garbage Classification\plastic\plastic433.jpg,plastic
archive/Garbage Classification\cardboard\cardboard192.jpg,cardboard
archive/Garbage Classification\plastic\plastic6.jpg,plastic
archive/Garbage Classification\plastic\plastic110.jpg,plastic
archive/Garbage Classification\paper\paper151.jpg,paper
archive/Garbage Classification\glass\glass27.jpg,glass
archive/Garbage Classification\metal\metal391.jpg,metal
archive/Garbage Classification\glass\glass65.jpg,glass
archive/Garbage Classification\glass\glass115.jpg,glass
archive/Garbage Classification\metal\metal183.jpg,metal
archive/Garbage Classification\paper\paper47.jpg,paper
archive/Garbage Classification\plastic\plastic143.jpg,plastic
archive/Garbage Classification\paper\paper451.jpg,paper
archive/Garbage Classification\glass\glass121.jpg,glass
archive/Garbage Classification\plastic\plastic313.jpg,plastic
archive/Garbage Classification\metal\metal292.jpg,metal
archive/Garbage Classification\metal\metal103.jpg,metal
archive/Garbage Classification\paper\paper562.jpg,paper
archive/Garbage Classification\plastic\plastic325.jpg,plastic
archive/Garbage Classification\metal\metal199.jpg,metal
archive/Garbage Classification\cardboard\cardboard271.jpg,cardboard
archive/Garbage Classification\cardboard\cardboard330.jpg,cardboard
archive/Garbage Classification\glass\glass182.jpg,glass
archive/Garbage Classification\metal\metal128.jpg,metal
archive/Garbage Classification\paper\paper118.jpg,paper
archive/Garbage Classification\paper\paper332.jpg,paper
archive/Garbage Classification\cardboard\cardboard382.jpg,cardboard
archive/Garbage Classification\metal\metal235.jpg,metal
archive/Garbage Classification\paper\paper134.jpg,paper
archive/Garbage Classification\trash\trash37.jpg,trash
archive/Garbage Classification\glass\glass304.jpg,glass
archive/Garbage Classification\glass\glass353.jpg,glass
archive/Garbage Classification\plastic\plastic228.jpg,plastic
archive/Garbage Classification\paper\paper96.jpg,paper
archive/Garbage Classification\metal\metal116.jpg,metal
archive/Garbage Classification\cardboard\cardboard167.jpg,cardboard
archive/Garbage Classification\glass\glass251.jpg,glass
archive/Garbage Classification\plastic\plastic404.jpg,plastic
archive/Garbage Classification\glass\glass299.jpg,glass
archive/Garbage Classification\glass\glass95.jpg,glass
archive/Garbage Classification\plastic\plastic241.jpg,plastic
archive/Garbage Classification\plastic\plastic102.jpg,plastic
archive/Garbage Classification\cardboard\cardboard96.jpg,cardboard
archive/Garbage Classification\metal\metal396.jpg,metal
archive/Garbage Classification\cardboard\cardboard395.jpg,cardboard
archive/Garbage Classification\plastic\plastic71.jpg,plastic
archive/Garbage Classification\plastic\plastic22.jpg,plastic
archive/Garbage Classification\cardboard\cardboard214.jpg,cardboard
archive/Garbage Classification\plastic\plastic193.jpg,plastic
archive/Garbage Classification\cardboard\cardboard288.jpg,cardboard
archive/Garbage Classification\metal\metal56.jpg,metal
archive/Garbage Classification\glass\glass491.jpg,glass
archive/Garbage Classification\cardboard\cardboard175.jpg,cardboard
archive/Garbage Classification\paper\paper185.jpg,paper
archive/Garbage Classification\metal\metal95.jpg,metal
archive/Garbage Classification\cardboard\cardboard10.jpg,cardboard
archive/Garbage Classification\metal\metal4.jpg,metal
archive/Garbage Classification\metal\metal177.jpg,metal
archive/Garbage Classification\plastic\plastic152.jpg,plastic
archive/Garbage Classification\glass\glass351.jpg,glass
archive/Garbage Classification\cardboard\cardboard394.jpg,cardboard
archive/Garbage Classification\paper\paper216.jpg,paper
archive/Garbage Classification\metal\metal132.jpg,metal
archive/Garbage Classification\metal\metal380.jpg,metal
archive/Garbage Classification\glass\glass264.jpg,glass
archive/Garbage Classification\metal\metal82.jpg,metal
archive/Garbage Classification\paper\paper163.jpg,paper
archive/Garbage Classification\glass\glass168.jpg,glass
archive/Garbage Classification\plastic\plastic255.jpg,plastic
archive/Garbage Classification\metal\metal293.jpg,metal
archive/Garbage Classification\cardboard\cardboard396.jpg,cardboard
archive/Garbage Classification\cardboard\cardboard347.jpg,cardboard
archive/Garbage Classification\plastic\plastic390.jpg,plastic
archive/Garbage Classification\plastic\plastic282.jpg,plastic
archive/Garbage Classification\plastic\plastic43.jpg,plastic
archive/Garbage Classification\glass\glass114.jpg,glass
archive/Garbage Classification\glass\glass152.jpg,glass
archive/Garbage Classification\paper\paper565.jpg,paper
archive/Garbage Classification\metal\metal223.jpg,metal
archive/Garbage Classification\plastic\plastic263.jpg,plastic
archive/Garbage Classification\metal\metal204.jpg,metal
archive/Garbage Classification\cardboard\cardboard52.jpg,cardboard
archive/Garbage Classification\paper\paper114.jpg,paper
archive/Garbage Classification\paper\paper529.jpg,paper
archive/Garbage Classification\metal\metal349.jpg,metal
archive/Garbage Classification\plastic\plastic225.jpg,plastic
archive/Garbage Classification\paper\paper85.jpg,paper
archive/Garbage Classification\cardboard\cardboard234.jpg,cardboard
archive/Garbage Classification\metal\metal97.jpg,metal
archive/Garbage Classification\cardboard\cardboard156.jpg,cardboard
archive/Garbage Classification\cardboard\cardboard289.jpg,cardboard
archive/Garbage Classification\plastic\plastic463.jpg,plastic
archive/Garbage Classification\paper\paper43.jpg,paper
archive/Garbage Classification\cardboard\cardboard37.jpg,cardboard
archive/Garbage Classification\metal\metal98.jpg,metal
archive/Garbage Classification\paper\paper276.jpg,paper
archive/Garbage Classification\glass\glass468.jpg,glass
archive/Garbage Classification\paper\paper427.jpg,paper
archive/Garbage Classification\paper\paper355.jpg,paper
archive/Garbage Classification\metal\metal137.jpg,metal
archive/Garbage Classification\plastic\plastic210.jpg,plastic
archive/Garbage Classification\metal\metal229.jpg,metal
archive/Garbage Classification\paper\paper499.jpg,paper
archive/Garbage Classification\paper\paper192.jpg,paper
archive/Garbage Classification\paper\paper289.jpg,paper
archive/Garbage Classification\glass\glass240.jpg,glass
archive/Garbage Classification\paper\paper535.jpg,paper
archive/Garbage Classification\paper\paper306.jpg,paper
archive/Garbage Classification\plastic\plastic442.jpg,plastic
archive/Garbage Classification\paper\paper88.jpg,paper
archive/Garbage Classification\cardboard\cardboard273.jpg,cardboard
archive/Garbage Classification\plastic\plastic349.jpg,plastic
archive/Garbage Classification\paper\paper81.jpg,paper
archive/Garbage Classification\metal\metal100.jpg,metal
archive/Garbage Classification\glass\glass290.jpg,glass
archive/Garbage Classification\paper\paper404.jpg,paper
archive/Garbage Classification\glass\glass429.jpg,glass
archive/Garbage Classification\glass\glass327.jpg,glass
archive/Garbage Classification\glass\glass234.jpg,glass
archive/Garbage Classification\plastic\plastic296.jpg,plastic
archive/Garbage Classification\plastic\plastic445.jpg,plastic
archive/Garbage Classification\metal\metal249.jpg,metal
archive/Garbage Classification\glass\glass371.jpg,glass
archive/Garbage Classification\paper\paper305.jpg,paper
archive/Garbage Classification\cardboard\cardboard350.jpg,cardboard
archive/Garbage Classification\paper\paper554.jpg,paper
archive/Garbage Classification\cardboard\cardboard82.jpg,cardboard
archive/Garbage Classification\metal\metal227.jpg,metal
archive/Garbage Classification\metal\metal248.jpg,metal
archive/Garbage Classification\metal\metal265.jpg,metal
archive/Garbage Classification\paper\paper567.jpg,paper
archive/Garbage Classification\plastic\plastic235.jpg,plastic
archive/Garbage Classification\glass\glass185.jpg,glass
archive/Garbage Classification\cardboard\cardboard360.jpg,cardboard
archive/Garbage Classification\cardboard\cardboard124.jpg,cardboard
archive/Garbage Classification\plastic\plastic458.jpg,plastic
archive/Garbage Classification\metal\metal260.jpg,metal
archive/Garbage Classification\plastic\plastic337.jpg,plastic
archive/Garbage Classification\glass\glass373.jpg,glass
archive/Garbage Classification\cardboard\cardboard298.jpg,cardboard
archive/Garbage Classification\paper\paper559.jpg,paper
archive/Garbage Classification\glass\glass462.jpg,glass
archive/Garbage Classification\glass\glass416.jpg,glass
archive/Garbage Classification\metal\metal234.jpg,metal
archive/Garbage Classification\paper\paper139.jpg,paper
archive/Garbage Classification\plastic\plastic357.jpg,plastic
archive/Garbage Classification\glass\glass103.jpg,glass
archive/Garbage Classification\plastic\plastic196.jpg,plastic
archive/Garbage Classification\plastic\plastic209.jpg,plastic
archive/Garbage Classification\paper\paper129.jpg,paper
archive/Garbage Classification\metal\metal152.jpg,metal
archive/Garbage Classification\glass\glass6.jpg,glass
archive/Garbage Classification\paper\paper429.jpg,paper
archive/Garbage Classification\metal\metal3.jpg,metal
archive/Garbage Classification\glass\glass211.jpg,glass
archive/Garbage Classification\metal\metal72.jpg,metal
archive/Garbage Classification\glass\glass14.jpg,glass
archive/Garbage Classification\metal\metal296.jpg,metal
archive/Garbage Classification\metal\metal257.jpg,metal
archive/Garbage Classification\glass\glass37.jpg,glass
archive/Garbage Classification\trash\trash47.jpg,trash
archive/Garbage Classification\paper\paper407.jpg,paper
archive/Garbage Classification\plastic\plastic238.jpg,plastic
archive/Garbage Classification\cardboard\cardboard342.jpg,cardboard
archive/Garbage Classification\plastic\plastic157.jpg,plastic
archive/Garbage Classification\cardboard\cardboard50.jpg,cardboard
archive/Garbage Classification\cardboard\cardboard178.jpg,cardboard
archive/Garbage Classification\plastic\plastic476.jpg,plastic
archive/Garbage Classification\cardboard\cardboard40.jpg,cardboard
archive/Garbage Classification\glass\glass486.jpg,glass
archive/Garbage Classification\metal\metal192.jpg,metal
archive/Garbage Classification\glass\glass420.jpg,glass
archive/Garbage Classification\paper\paper343.jpg,paper
archive/Garbage Classification\metal\metal176.jpg,metal
archive/Garbage Classification\glass\glass96.jpg,glass
archive/Garbage Classification\cardboard\cardboard231.jpg,cardboard
archive/Garbage Classification\plastic\plastic25.jpg,plastic
archive/Garbage Classification\glass\glass215.jpg,glass
archive/Garbage Classification\metal\metal155.jpg,metal
archive/Garbage Classification\metal\metal184.jpg,metal
archive/Garbage Classification\cardboard\cardboard391.jpg,cardboard
archive/Garbage Classification\plastic\plastic415.jpg,plastic
archive/Garbage Classification\cardboard\cardboard265.jpg,cardboard
archive/Garbage Classification\plastic\plastic41.jpg,plastic
archive/Garbage Classification\plastic\plastic382.jpg,plastic
archive/Garbage Classification\plastic\plastic185.jpg,plastic
archive/Garbage Classification\cardboard\cardboard48.jpg,cardboard
archive/Garbage Classification\cardboard\cardboard195.jpg,cardboard
archive/Garbage Classification\glass\glass354.jpg,glass
archive/Garbage Classification\metal\metal351.jpg,metal
archive/Garbage Classification\trash\trash109.jpg,trash
archive/Garbage Classification\glass\glass71.jpg,glass
archive/Garbage Classification\glass\glass466.jpg,glass
archive/Garbage Classification\paper\paper34.jpg,paper
archive/Garbage Classification\plastic\plastic192.jpg,plastic
archive/Garbage Classification\paper\paper67.jpg,paper
archive/Garbage Classification\plastic\plastic389.jpg,plastic
archive/Garbage Classification\plastic\plastic125.jpg,plastic
archive/Garbage Classification\plastic\plastic3.jpg,plastic
archive/Garbage Classification\paper\paper300.jpg,paper
archive/Garbage Classification\glass\glass164.jpg,glass
archive/Garbage Classification\glass\glass402.jpg,glass
archive/Garbage Classification\metal\metal300.jpg,metal
archive/Garbage Classification\cardboard\cardboard43.jpg,cardboard
archive/Garbage Classification\glass\glass239.jpg,glass
archive/Garbage Classification\paper\paper222.jpg,paper
archive/Garbage Classification\metal\metal113.jpg,metal
archive/Garbage Classification\paper\paper397.jpg,paper
archive/Garbage Classification\plastic\plastic361.jpg,plastic
archive/Garbage Classification\metal\metal339.jpg,metal
archive/Garbage Classification\glass\glass418.jpg,glass
archive/Garbage Classification\cardboard\cardboard6.jpg,cardboard
archive/Garbage Classification\trash\trash99.jpg,trash
archive/Garbage Classification\plastic\plastic83.jpg,plastic
archive/Garbage Classification\plastic\plastic159.jpg,plastic
archive/Garbage Classification\paper\paper265.jpg,paper
archive/Garbage Classification\paper\paper19.jpg,paper
archive/Garbage Classification\paper\paper587.jpg,paper
archive/Garbage Classification\plastic\plastic87.jpg,plastic
archive/Garbage Classification\cardboard\cardboard312.jpg,cardboard
archive/Garbage Classification\plastic\plastic29.jpg,plastic
archive/Garbage Classification\paper\paper551.jpg,paper
archive/Garbage Classification\metal\metal305.jpg,metal
archive/Garbage Classification\paper\paper210.jpg,paper
archive/Garbage Classification\cardboard\cardboard254.jpg,cardboard
archive/Garbage Classification\glass\glass88.jpg,glass
archive/Garbage Classification\plastic\plastic34.jpg,plastic
archive/Garbage Classification\paper\paper454.jpg,paper
archive/Garbage Classification\metal\metal218.jpg,metal
archive/Garbage Classification\metal\metal185.jpg,metal
archive/Garbage Classification\paper\paper316.jpg,paper
archive/Garbage Classification\cardboard\cardboard133.jpg,cardboard
archive/Garbage Classification\metal\metal404.jpg,metal
archive/Garbage Classification\trash\trash61.jpg,trash
archive/Garbage Classification\paper\paper233.jpg,paper
archive/Garbage Classification\glass\glass472.jpg,glass
archive/Garbage Classification\plastic\plastic358.jpg,plastic
archive/Garbage Classification\plastic\plastic369.jpg,plastic
archive/Garbage Classification\glass\glass39.jpg,glass
archive/Garbage Classification\cardboard\cardboard313.jpg,cardboard
archive/Garbage Classification\trash\trash88.jpg,trash
archive/Garbage Classification\glass\glass332.jpg,glass
archive/Garbage Classification\glass\glass231.jpg,glass
archive/Garbage Classification\glass\glass159.jpg,glass
archive/Garbage Classification\plastic\plastic327.jpg,plastic
archive/Garbage Classification\paper\paper303.jpg,paper
archive/Garbage Classification\trash\trash10.jpg,trash
archive/Garbage Classification\glass\glass480.jpg,glass
archive/Garbage Classification\plastic\plastic163.jpg,plastic
archive/Garbage Classification\cardboard\cardboard184.jpg,cardboard
archive/Garbage Classification\metal\metal111.jpg,metal
archive/Garbage Classification\paper\paper396.jpg,paper
archive/Garbage Classification\paper\paper549.jpg,paper
archive/Garbage Classification\glass\glass410.jpg,glass
archive/Garbage Classification\glass\glass401.jpg,glass
archive/Garbage Classification\metal\metal110.jpg,metal
archive/Garbage Classification\metal\metal367.jpg,metal
archive/Garbage Classification\paper\paper90.jpg,paper
archive/Garbage Classification\plastic\plastic109.jpg,plastic
archive/Garbage Classification\cardboard\cardboard176.jpg,cardboard
archive/Garbage Classification\paper\paper80.jpg,paper
archive/Garbage Classification\paper\paper488.jpg,paper
archive/Garbage Classification\cardboard\cardboard87.jpg,cardboard
archive/Garbage Classification\metal\metal285.jpg,metal
archive/Garbage Classification\metal\metal337.jpg,metal
archive/Garbage Classification\glass\glass266.jpg,glass
archive/Garbage Classification\paper\paper402.jpg,paper
archive/Garbage Classification\metal\metal172.jpg,metal
archive/Garbage Classification\plastic\plastic384.jpg,plastic
archive/Garbage Classification\plastic\plastic289.jpg,plastic
archive/Garbage Classification\plastic\plastic56.jpg,plastic
archive/Garbage Classification\glass\glass452.jpg,glass
archive/Garbage Classification\cardboard\cardboard199.jpg,cardboard
archive/Garbage Classification\paper\paper144.jpg,paper
archive/Garbage Classification\cardboard\cardboard344.jpg,cardboard
archive/Garbage Classification\glass\glass66.jpg,glass
archive/Garbage Classification\paper\paper260.jpg,paper
archive/Garbage Classification\plastic\plastic323.jpg,plastic
archive/Garbage Classification\paper\paper400.jpg,paper
archive/Garbage Classification\trash\trash28.jpg,trash
archive/Garbage Classification\plastic\plastic457.jpg,plastic
archive/Garbage Classification\paper\paper568.jpg,paper
archive/Garbage Classification\metal\metal220.jpg,metal
archive/Garbage Classification\cardboard\cardboard61.jpg,cardboard
archive/Garbage Classification\paper\paper342.jpg,paper
archive/Garbage Classification\paper\paper379.jpg,paper
archive/Garbage Classification\glass\glass260.jpg,glass
archive/Garbage Classification\trash\trash121.jpg,trash
archive/Garbage Classification\cardboard\cardboard268.jpg,cardboard
archive/Garbage Classification\plastic\plastic397.jpg,plastic
archive/Garbage Classification\paper\paper283.jpg,paper
archive/Garbage Classification\cardboard\cardboard11.jpg,cardboard
archive/Garbage Classification\glass\glass244.jpg,glass
archive/Garbage Classification\glass\glass138.jpg,glass
archive/Garbage Classification\glass\glass94.jpg,glass
archive/Garbage Classification\plastic\plastic456.jpg,plastic
archive/Garbage Classification\glass\glass189.jpg,glass
archive/Garbage Classification\metal\metal397.jpg,metal
archive/Garbage Classification\glass\glass300.jpg,glass
archive/Garbage Classification\paper\paper145.jpg,paper
archive/Garbage Classification\trash\trash41.jpg,trash
archive/Garbage Classification\glass\glass467.jpg,glass
archive/Garbage Classification\plastic\plastic434.jpg,plastic
archive/Garbage Classification\plastic\plastic258.jpg,plastic
archive/Garbage Classification\cardboard\cardboard190.jpg,cardboard
archive/Garbage Classification\cardboard\cardboard69.jpg,cardboard
archive/Garbage Classification\glass\glass394.jpg,glass
archive/Garbage Classification\glass\glass186.jpg,glass
archive/Garbage Classification\paper\paper68.jpg,paper
archive/Garbage Classification\paper\paper148.jpg,paper
archive/Garbage Classification\paper\paper135.jpg,paper
archive/Garbage Classification\metal\metal169.jpg,metal
archive/Garbage Classification\glass\glass56.jpg,glass
archive/Garbage Classification\trash\trash105.jpg,trash
archive/Garbage Classification\trash\trash68.jpg,trash
archive/Garbage Classification\cardboard\cardboard290.jpg,cardboard
archive/Garbage Classification\cardboard\cardboard86.jpg,cardboard
archive/Garbage Classification\glass\glass233.jpg,glass
archive/Garbage Classification\plastic\plastic371.jpg,plastic
archive/Garbage Classification\paper\paper236.jpg,paper
archive/Garbage Classification\glass\glass431.jpg,glass
archive/Garbage Classification\paper\paper101.jpg,paper
archive/Garbage Classification\paper\paper252.jpg,paper
archive/Garbage Classification\glass\glass303.jpg,glass
archive/Garbage Classification\glass\glass100.jpg,glass
archive/Garbage Classification\trash\trash42.jpg,trash
archive/Garbage Classification\cardboard\cardboard173.jpg,cardboard
archive/Garbage Classification\glass\glass141.jpg,glass
archive/Garbage Classification\cardboard\cardboard244.jpg,cardboard
archive/Garbage Classification\paper\paper419.jpg,paper
archive/Garbage Classification\cardboard\cardboard46.jpg,cardboard
archive/Garbage Classification\plastic\plastic1.jpg,plastic
archive/Garbage Classification\trash\trash57.jpg,trash
archive/Garbage Classification\glass\glass13.jpg,glass
archive/Garbage Classification\glass\glass160.jpg,glass
archive/Garbage Classification\paper\paper3.jpg,paper
archive/Garbage Classification\plastic\plastic419.jpg,plastic
archive/Garbage Classification\glass\glass421.jpg,glass
archive/Garbage Classification\paper\paper98.jpg,paper
archive/Garbage Classification\paper\paper298.jpg,paper
archive/Garbage Classification\paper\paper89.jpg,paper
archive/Garbage Classification\glass\glass144.jpg,glass
archive/Garbage Classification\paper\paper278.jpg,paper
archive/Garbage Classification\paper\paper490.jpg,paper
archive/Garbage Classification\metal\metal259.jpg,metal
archive/Garbage Classification\glass\glass188.jpg,glass
archive/Garbage Classification\plastic\plastic105.jpg,plastic
archive/Garbage Classification\paper\paper53.jpg,paper
archive/Garbage Classification\plastic\plastic69.jpg,plastic
archive/Garbage Classification\glass\glass101.jpg,glass
archive/Garbage Classification\cardboard\cardboard366.jpg,cardboard
archive/Garbage Classification\cardboard\cardboard389.jpg,cardboard
archive/Garbage Classification\glass\glass370.jpg,glass
archive/Garbage Classification\paper\paper270.jpg,paper
archive/Garbage Classification\glass\glass461.jpg,glass
archive/Garbage Classification\glass\glass317.jpg,glass
archive/Garbage Classification\cardboard\cardboard100.jpg,cardboard
archive/Garbage Classification\glass\glass73.jpg,glass
archive/Garbage Classification\plastic\plastic190.jpg,plastic
archive/Garbage Classification\paper\paper261.jpg,paper
archive/Garbage Classification\metal\metal266.jpg,metal
archive/Garbage Classification\glass\glass129.jpg,glass
archive/Garbage Classification\plastic\plastic264.jpg,plastic
archive/Garbage Classification\paper\paper294.jpg,paper
archive/Garbage Classification\paper\paper584.jpg,paper
archive/Garbage Classification\glass\glass361.jpg,glass
archive/Garbage Classification\metal\metal365.jpg,metal
archive/Garbage Classification\cardboard\cardboard67.jpg,cardboard
archive/Garbage Classification\plastic\plastic62.jpg,plastic
archive/Garbage Classification\plastic\plastic257.jpg,plastic
archive/Garbage Classification\metal\metal283.jpg,metal
archive/Garbage Classification\metal\metal35.jpg,metal
archive/Garbage Classification\plastic\plastic164.jpg,plastic
archive/Garbage Classification\cardboard\cardboard81.jpg,cardboard
archive/Garbage Classification\paper\paper322.jpg,paper
archive/Garbage Classification\cardboard\cardboard78.jpg,cardboard
archive/Garbage Classification\plastic\plastic48.jpg,plastic
archive/Garbage Classification\metal\metal239.jpg,metal
archive/Garbage Classification\cardboard\cardboard174.jpg,cardboard
archive/Garbage Classification\trash\trash25.jpg,trash
archive/Garbage Classification\trash\trash2.jpg,trash
archive/Garbage Classification\paper\paper94.jpg,paper
archive/Garbage Classification\paper\paper341.jpg,paper
archive/Garbage Classification\glass\glass448.jpg,glass
archive/Garbage Classification\glass\glass79.jpg,glass
archive/Garbage Classification\paper\paper197.jpg,paper
archive/Garbage Classification\glass\glass223.jpg,glass
archive/Garbage Classification\glass\glass457.jpg,glass
archive/Garbage Classification\trash\trash14.jpg,trash
archive/Garbage Classification\paper\paper437.jpg,paper
archive/Garbage Classification\metal\metal378.jpg,metal
archive/Garbage Classification\plastic\plastic37.jpg,plastic
archive/Garbage Classification\paper\paper282.jpg,paper
archive/Garbage Classification\paper\paper533.jpg,paper
archive/Garbage Classification\paper\paper389.jpg,paper
archive/Garbage Classification\metal\metal303.jpg,metal
archive/Garbage Classification\cardboard\cardboard45.jpg,cardboard
archive/Garbage Classification\glass\glass438.jpg,glass
archive/Garbage Classification\glass\glass200.jpg,glass
archive/Garbage Classification\trash\trash23.jpg,trash
archive/Garbage Classification\paper\paper8.jpg,paper
archive/Garbage Classification\paper\paper63.jpg,paper
archive/Garbage Classification\metal\metal134.jpg,metal
archive/Garbage Classification\paper\paper254.jpg,paper
archive/Garbage Classification\cardboard\cardboard155.jpg,cardboard
archive/Garbage Classification\metal\metal99.jpg,metal
archive/Garbage Classification\glass\glass268.jpg,glass
archive/Garbage Classification\paper\paper522.jpg,paper
archive/Garbage Classification\glass\glass399.jpg,glass
archive/Garbage Classification\plastic\plastic129.jpg,plastic
archive/Garbage Classification\cardboard\cardboard381.jpg,cardboard
archive/Garbage Classification\plastic\plastic370.jpg,plastic
archive/Garbage Classification\paper\paper328.jpg,paper
archive/Garbage Classification\metal\metal324.jpg,metal
archive/Garbage Classification\paper\paper347.jpg,paper
archive/Garbage Classification\paper\paper159.jpg,paper
archive/Garbage Classification\plastic\plastic199.jpg,plastic
archive/Garbage Classification\metal\metal8.jpg,metal
archive/Garbage Classification\cardboard\cardboard19.jpg,cardboard
archive/Garbage Classification\metal\metal331.jpg,metal
archive/Garbage Classification\glass\glass411.jpg,glass
archive/Garbage Classification\metal\metal167.jpg,metal
archive/Garbage Classification\metal\metal359.jpg,metal
archive/Garbage Classification\plastic\plastic269.jpg,plastic
archive/Garbage Classification\metal\metal173.jpg,metal
archive/Garbage Classification\metal\metal240.jpg,metal
archive/Garbage Classification\metal\metal107.jpg,metal
archive/Garbage Classification\plastic\plastic58.jpg,plastic
archive/Garbage Classification\paper\paper271.jpg,paper
archive/Garbage Classification\cardboard\cardboard247.jpg,cardboard
archive/Garbage Classification\cardboard\cardboard17.jpg,cardboard
archive/Garbage Classification\glass\glass442.jpg,glass
archive/Garbage Classification\plastic\plastic68.jpg,plastic
archive/Garbage Classification\cardboard\cardboard98.jpg,cardboard
archive/Garbage Classification\paper\paper555.jpg,paper
archive/Garbage Classification\glass\glass283.jpg,glass
archive/Garbage Classification\plastic\plastic375.jpg,plastic
archive/Garbage Classification\paper\paper484.jpg,paper
archive/Garbage Classification\paper\paper221.jpg,paper
archive/Garbage Classification\metal\metal32.jpg,metal
archive/Garbage Classification\paper\paper240.jpg,paper
archive/Garbage Classification\paper\paper553.jpg,paper
archive/Garbage Classification\paper\paper434.jpg,paper
archive/Garbage Classification\cardboard\cardboard260.jpg,cardboard
archive/Garbage Classification\cardboard\cardboard131.jpg,cardboard
archive/Garbage Classification\glass\glass97.jpg,glass
archive/Garbage Classification\glass\glass41.jpg,glass
archive/Garbage Classification\glass\glass363.jpg,glass
archive/Garbage Classification\cardboard\cardboard374.jpg,cardboard
archive/Garbage Classification\plastic\plastic44.jpg,plastic
archive/Garbage Classification\glass\glass247.jpg,glass
archive/Garbage Classification\plastic\plastic162.jpg,plastic
archive/Garbage Classification\cardboard\cardboard217.jpg,cardboard
archive/Garbage Classification\paper\paper285.jpg,paper
archive/Garbage Classification\metal\metal320.jpg,metal
archive/Garbage Classification\metal\metal261.jpg,metal
archive/Garbage Classification\paper\paper480.jpg,paper
archive/Garbage Classification\cardboard\cardboard55.jpg,cardboard
archive/Garbage Classification\paper\paper512.jpg,paper
archive/Garbage Classification\cardboard\cardboard189.jpg,cardboard
archive/Garbage Classification\paper\paper75.jpg,paper
archive/Garbage Classification\metal\metal124.jpg,metal
archive/Garbage Classification\paper\paper319.jpg,paper
archive/Garbage Classification\paper\paper439.jpg,paper
archive/Garbage Classification\paper\paper71.jpg,paper
archive/Garbage Classification\plastic\plastic15.jpg,plastic
archive/Garbage Classification\cardboard\cardboard257.jpg,cardboard
archive/Garbage Classification\plastic\plastic203.jpg,plastic
archive/Garbage Classification\paper\paper399.jpg,paper
archive/Garbage Classification\metal\metal57.jpg,metal
archive/Garbage Classification\cardboard\cardboard321.jpg,cardboard
archive/Garbage Classification\paper\paper392.jpg,paper
archive/Garbage Classification\plastic\plastic76.jpg,plastic
archive/Garbage Classification\plastic\plastic416.jpg,plastic
archive/Garbage Classification\metal\metal105.jpg,metal
archive/Garbage Classification\glass\glass134.jpg,glass
archive/Garbage Classification\glass\glass139.jpg,glass
archive/Garbage Classification\paper\paper189.jpg,paper
archive/Garbage Classification\metal\metal238.jpg,metal
archive/Garbage Classification\plastic\plastic331.jpg,plastic
archive/Garbage Classification\cardboard\cardboard258.jpg,cardboard
archive/Garbage Classification\glass\glass28.jpg,glass
archive/Garbage Classification\glass\glass474.jpg,glass
archive/Garbage Classification\metal\metal267.jpg,metal
archive/Garbage Classification\cardboard\cardboard63.jpg,cardboard
archive/Garbage Classification\cardboard\cardboard62.jpg,cardboard
archive/Garbage Classification\cardboard\cardboard233.jpg,cardboard
archive/Garbage Classification\glass\glass388.jpg,glass
archive/Garbage Classification\metal\metal379.jpg,metal
archive/Garbage Classification\paper\paper547.jpg,paper
archive/Garbage Classification\metal\metal151.jpg,metal
archive/Garbage Classification\plastic\plastic136.jpg,plastic
archive/Garbage Classification\plastic\plastic330.jpg,plastic
archive/Garbage Classification\paper\paper541.jpg,paper
archive/Garbage Classification\metal\metal315.jpg,metal
archive/Garbage Classification\trash\trash38.jpg,trash
archive/Garbage Classification\plastic\plastic256.jpg,plastic
archive/Garbage Classification\paper\paper97.jpg,paper
archive/Garbage Classification\paper\paper349.jpg,paper
archive/Garbage Classification\paper\paper438.jpg,paper
archive/Garbage Classification\glass\glass281.jpg,glass
archive/Garbage Classification\paper\paper556.jpg,paper
archive/Garbage Classification\glass\glass496.jpg,glass
archive/Garbage Classification\cardboard\cardboard165.jpg,cardboard
archive/Garbage Classification\paper\paper412.jpg,paper
archive/Garbage Classification\paper\paper11.jpg,paper
archive/Garbage Classification\paper\paper136.jpg,paper
archive/Garbage Classification\paper\paper172.jpg,paper
archive/Garbage Classification\metal\metal122.jpg,metal
archive/Garbage Classification\metal\metal313.jpg,metal
archive/Garbage Classification\plastic\plastic84.jpg,plastic
archive/Garbage Classification\paper\paper489.jpg,paper
archive/Garbage Classification\paper\paper183.jpg,paper
archive/Garbage Classification\paper\paper543.jpg,paper
archive/Garbage Classification\glass\glass113.jpg,glass
archive/Garbage Classification\metal\metal55.jpg,metal
archive/Garbage Classification\metal\metal12.jpg,metal
archive/Garbage Classification\glass\glass350.jpg,glass
archive/Garbage Classification\glass\glass123.jpg,glass
archive/Garbage Classification\cardboard\cardboard181.jpg,cardboard
archive/Garbage Classification\paper\paper237.jpg,paper
archive/Garbage Classification\glass\glass450.jpg,glass
archive/Garbage Classification\metal\metal58.jpg,metal
archive/Garbage Classification\metal\metal284.jpg,metal
archive/Garbage Classification\plastic\plastic9.jpg,plastic
archive/Garbage Classification\cardboard\cardboard337.jpg,cardboard
archive/Garbage Classification\glass\glass488.jpg,glass
archive/Garbage Classification\glass\glass434.jpg,glass
archive/Garbage Classification\metal\metal25.jpg,metal
archive/Garbage Classification\paper\paper487.jpg,paper
archive/Garbage Classification\glass\glass314.jpg,glass
archive/Garbage Classification\glass\glass243.jpg,glass
archive/Garbage Classification\paper\paper9.jpg,paper
archive/Garbage Classification\metal\metal343.jpg,metal
archive/Garbage Classification\metal\metal387.jpg,metal
archive/Garbage Classification\cardboard\cardboard79.jpg,cardboard
archive/Garbage Classification\cardboard\cardboard399.jpg,cardboard
archive/Garbage Classification\glass\glass387.jpg,glass
archive/Garbage Classification\plastic\plastic107.jpg,plastic
archive/Garbage Classification\cardboard\cardboard119.jpg,cardboard
archive/Garbage Classification\metal\metal187.jpg,metal
archive/Garbage Classification\glass\glass46.jpg,glass
archive/Garbage Classification\paper\paper241.jpg,paper
archive/Garbage Classification\trash\trash133.jpg,trash
archive/Garbage Classification\paper\paper109.jpg,paper
archive/Garbage Classification\glass\glass10.jpg,glass
archive/Garbage Classification\paper\paper229.jpg,paper
archive/Garbage Classification\metal\metal84.jpg,metal
archive/Garbage Classification\metal\metal230.jpg,metal
archive/Garbage Classification\plastic\plastic472.jpg,plastic
archive/Garbage Classification\metal\metal143.jpg,metal
archive/Garbage Classification\plastic\plastic88.jpg,plastic
archive/Garbage Classification\plastic\plastic481.jpg,plastic
archive/Garbage Classification\cardboard\cardboard275.jpg,cardboard
archive/Garbage Classification\glass\glass291.jpg,glass
archive/Garbage Classification\glass\glass381.jpg,glass
archive/Garbage Classification\glass\glass108.jpg,glass
archive/Garbage Classification\cardboard\cardboard74.jpg,cardboard
archive/Garbage Classification\cardboard\cardboard41.jpg,cardboard
archive/Garbage Classification\paper\paper128.jpg,paper
archive/Garbage Classification\plastic\plastic233.jpg,plastic
archive/Garbage Classification\cardboard\cardboard398.jpg,cardboard
archive/Garbage Classification\trash\trash60.jpg,trash
archive/Garbage Classification\plastic\plastic379.jpg,plastic
archive/Garbage Classification\trash\trash112.jpg,trash
archive/Garbage Classification\metal\metal54.jpg,metal
archive/Garbage Classification\metal\metal333.jpg,metal
archive/Garbage Classification\glass\glass212.jpg,glass
archive/Garbage Classification\plastic\plastic339.jpg,plastic
archive/Garbage Classification\plastic\plastic216.jpg,plastic
archive/Garbage Classification\paper\paper64.jpg,paper
archive/Garbage Classification\trash\trash117.jpg,trash
archive/Garbage Classification\cardboard\cardboard208.jpg,cardboard
archive/Garbage Classification\cardboard\cardboard116.jpg,cardboard
archive/Garbage Classification\metal\metal403.jpg,metal
archive/Garbage Classification\paper\paper119.jpg,paper
archive/Garbage Classification\cardboard\cardboard126.jpg,cardboard
archive/Garbage Classification\metal\metal104.jpg,metal
archive/Garbage Classification\glass\glass335.jpg,glass
archive/Garbage Classification\glass\glass198.jpg,glass
archive/Garbage Classification\metal\metal138.jpg,metal
archive/Garbage Classification\metal\metal130.jpg,metal
archive/Garbage Classification\cardboard\cardboard71.jpg,cardboard
archive/Garbage Classification\glass\glass104.jpg,glass
archive/Garbage Classification\paper\paper57.jpg,paper
archive/Garbage Classification\plastic\plastic33.jpg,plastic
archive/Garbage Classification\plastic\plastic265.jpg,plastic
archive/Garbage Classification\paper\paper583.jpg,paper
archive/Garbage Classification\paper\paper585.jpg,paper
archive/Garbage Classification\plastic\plastic150.jpg,plastic
archive/Garbage Classification\paper\paper515.jpg,paper
archive/Garbage Classification\paper\paper2.jpg,paper
archive/Garbage Classification\plastic\plastic328.jpg,plastic
archive/Garbage Classification\paper\paper531.jpg,paper
archive/Garbage Classification\glass\glass1.jpg,glass
archive/Garbage Classification\glass\glass93.jpg,glass
archive/Garbage Classification\paper\paper157.jpg,paper
archive/Garbage Classification\cardboard\cardboard89.jpg,cardboard
archive/Garbage Classification\paper\paper78.jpg,paper
archive/Garbage Classification\glass\glass128.jpg,glass
archive/Garbage Classification\cardboard\cardboard101.jpg,cardboard
archive/Garbage Classification\metal\metal394.jpg,metal
archive/Garbage Classification\paper\paper166.jpg,paper
archive/Garbage Classification\plastic\plastic215.jpg,plastic
archive/Garbage Classification\paper\paper150.jpg,paper
archive/Garbage Classification\paper\paper338.jpg,paper
archive/Garbage Classification\cardboard\cardboard306.jpg,cardboard
archive/Garbage Classification\glass\glass406.jpg,glass
archive/Garbage Classification\glass\glass294.jpg,glass
archive/Garbage Classification\plastic\plastic59.jpg,plastic
archive/Garbage Classification\paper\paper224.jpg,paper
archive/Garbage Classification\metal\metal119.jpg,metal
archive/Garbage Classification\metal\metal71.jpg,metal
archive/Garbage Classification\trash\trash127.jpg,trash
archive/Garbage Classification\plastic\plastic138.jpg,plastic
archive/Garbage Classification\cardboard\cardboard154.jpg,cardboard
archive/Garbage Classification\paper\paper340.jpg,paper
archive/Garbage Classification\glass\glass362.jpg,glass
archive/Garbage Classification\paper\paper557.jpg,paper
archive/Garbage Classification\metal\metal348.jpg,metal
archive/Garbage Classification\plastic\plastic144.jpg,plastic
archive/Garbage Classification\plastic\plastic299.jpg,plastic
archive/Garbage Classification\plastic\plastic283.jpg,plastic
archive/Garbage Classification\plastic\plastic166.jpg,plastic
archive/Garbage Classification\trash\trash22.jpg,trash
archive/Garbage Classification\glass\glass45.jpg,glass
archive/Garbage Classification\metal\metal148.jpg,metal
archive/Garbage Classification\plastic\plastic165.jpg,plastic
archive/Garbage Classification\glass\glass23.jpg,glass
archive/Garbage Classification\trash\trash58.jpg,trash
archive/Garbage Classification\metal\metal206.jpg,metal
archive/Garbage Classification\metal\metal195.jpg,metal
archive/Garbage Classification\metal\metal96.jpg,metal
archive/Garbage Classification\plastic\plastic95.jpg,plastic
archive/Garbage Classification\paper\paper291.jpg,paper
archive/Garbage Classification\glass\glass393.jpg,glass
archive/Garbage Classification\paper\paper102.jpg,paper
archive/Garbage Classification\metal\metal253.jpg,metal
archive/Garbage Classification\trash\trash34.jpg,trash
archive/Garbage Classification\paper\paper195.jpg,paper
archive/Garbage Classification\paper\paper591.jpg,paper
archive/Garbage Classification\glass\glass205.jpg,glass
archive/Garbage Classification\cardboard\cardboard352.jpg,cardboard
archive/Garbage Classification\cardboard\cardboard319.jpg,cardboard
archive/Garbage Classification\paper\paper153.jpg,paper
archive/Garbage Classification\cardboard\cardboard59.jpg,cardboard
archive/Garbage Classification\metal\metal118.jpg,metal
archive/Garbage Classification\trash\trash102.jpg,trash
archive/Garbage Classification\metal\metal384.jpg,metal
archive/Garbage Classification\plastic\plastic184.jpg,plastic
archive/Garbage Classification\glass\glass151.jpg,glass
archive/Garbage Classification\paper\paper106.jpg,paper
archive/Garbage Classification\paper\paper203.jpg,paper
archive/Garbage Classification\plastic\plastic5.jpg,plastic
archive/Garbage Classification\plastic\plastic100.jpg,plastic
archive/Garbage Classification\metal\metal208.jpg,metal
archive/Garbage Classification\glass\glass120.jpg,glass
archive/Garbage Classification\metal\metal346.jpg,metal
archive/Garbage Classification\trash\trash82.jpg,trash
archive/Garbage Classification\cardboard\cardboard229.jpg,cardboard
archive/Garbage Classification\plastic\plastic142.jpg,plastic
archive/Garbage Classification\trash\trash71.jpg,trash
archive/Garbage Classification\metal\metal368.jpg,metal
archive/Garbage Classification\cardboard\cardboard367.jpg,cardboard
archive/Garbage Classification\metal\metal153.jpg,metal
archive/Garbage Classification\metal\metal360.jpg,metal
archive/Garbage Classification\metal\metal341.jpg,metal
archive/Garbage Classification\metal\metal145.jpg,metal
archive/Garbage Classification\cardboard\cardboard122.jpg,cardboard
archive/Garbage Classification\plastic\plastic318.jpg,plastic
archive/Garbage Classification\glass\glass331.jpg,glass
archive/Garbage Classification\paper\paper323.jpg,paper
archive/Garbage Classification\cardboard\cardboard49.jpg,cardboard
archive/Garbage Classification\paper\paper142.jpg,paper
archive/Garbage Classification\cardboard\cardboard334.jpg,cardboard
archive/Garbage Classification\metal\metal215.jpg,metal
archive/Garbage Classification\plastic\plastic92.jpg,plastic
archive/Garbage Classification\cardboard\cardboard31.jpg,cardboard
archive/Garbage Classification\paper\paper24.jpg,paper
archive/Garbage Classification\trash\trash27.jpg,trash
archive/Garbage Classification\glass\glass458.jpg,glass
archive/Garbage Classification\paper\paper177.jpg,paper
archive/Garbage Classification\glass\glass365.jpg,glass
archive/Garbage Classification\glass\glass326.jpg,glass
archive/Garbage Classification\paper\paper357.jpg,paper
archive/Garbage Classification\paper\paper502.jpg,paper
archive/Garbage Classification\metal\metal102.jpg,metal
archive/Garbage Classification\cardboard\cardboard359.jpg,cardboard
archive/Garbage Classification\paper\paper453.jpg,paper
archive/Garbage Classification\glass\glass218.jpg,glass
archive/Garbage Classification\metal\metal87.jpg,metal
archive/Garbage Classification\cardboard\cardboard246.jpg,cardboard
archive/Garbage Classification\plastic\plastic436.jpg,plastic
archive/Garbage Classification\paper\paper199.jpg,paper
archive/Garbage Classification\glass\glass323.jpg,glass
archive/Garbage Classification\metal\metal385.jpg,metal
archive/Garbage Classification\cardboard\cardboard215.jpg,cardboard
archive/Garbage Classification\metal\metal85.jpg,metal
archive/Garbage Classification\glass\glass74.jpg,glass
archive/Garbage Classification\plastic\plastic11.jpg,plastic
archive/Garbage Classification\cardboard\cardboard44.jpg,cardboard
archive/Garbage Classification\glass\glass456.jpg,glass
archive/Garbage Classification\metal\metal50.jpg,metal
archive/Garbage Classification\glass\glass338.jpg,glass
archive/Garbage Classification\trash\trash16.jpg,trash
archive/Garbage Classification\cardboard\cardboard140.jpg,cardboard
archive/Garbage Classification\glass\glass137.jpg,glass
archive/Garbage Classification\metal\metal281.jpg,metal
archive/Garbage Classification\paper\paper461.jpg,paper
archive/Garbage Classification\metal\metal282.jpg,metal
archive/Garbage Classification\cardboard\cardboard326.jpg,cardboard
archive/Garbage Classification\paper\paper82.jpg,paper
archive/Garbage Classification\glass\glass102.jpg,glass
archive/Garbage Classification\paper\paper95.jpg,paper
archive/Garbage Classification\metal\metal150.jpg,metal
archive/Garbage Classification\plastic\plastic355.jpg,plastic
archive/Garbage Classification\paper\paper348.jpg,paper
archive/Garbage Classification\glass\glass51.jpg,glass
archive/Garbage Classification\metal\metal382.jpg,metal
archive/Garbage Classification\glass\glass478.jpg,glass
archive/Garbage Classification\metal\metal186.jpg,metal
archive/Garbage Classification\glass\glass75.jpg,glass
archive/Garbage Classification\glass\glass55.jpg,glass
archive/Garbage Classification\plastic\plastic446.jpg,plastic
archive/Garbage Classification\paper\paper462.jpg,paper
archive/Garbage Classification\paper\paper25.jpg,paper
archive/Garbage Classification\plastic\plastic113.jpg,plastic
archive/Garbage Classification\glass\glass110.jpg,glass
archive/Garbage Classification\plastic\plastic183.jpg,plastic
archive/Garbage Classification\plastic\plastic221.jpg,plastic
archive/Garbage Classification\trash\trash94.jpg,trash
archive/Garbage Classification\glass\glass276.jpg,glass
archive/Garbage Classification\plastic\plastic301.jpg,plastic
archive/Garbage Classification\cardboard\cardboard206.jpg,cardboard
archive/Garbage Classification\cardboard\cardboard151.jpg,cardboard
archive/Garbage Classification\paper\paper7.jpg,paper
archive/Garbage Classification\cardboard\cardboard227.jpg,cardboard
archive/Garbage Classification\paper\paper1.jpg,paper
archive/Garbage Classification\glass\glass195.jpg,glass
archive/Garbage Classification\paper\paper309.jpg,paper
archive/Garbage Classification\metal\metal398.jpg,metal
archive/Garbage Classification\metal\metal302.jpg,metal
archive/Garbage Classification\plastic\plastic2.jpg,plastic
archive/Garbage Classification\cardboard\cardboard256.jpg,cardboard
archive/Garbage Classification\glass\glass355.jpg,glass
archive/Garbage Classification\paper\paper415.jpg,paper
archive/Garbage Classification\paper\paper361.jpg,paper
archive/Garbage Classification\glass\glass31.jpg,glass
archive/Garbage Classification\metal\metal273.jpg,metal
archive/Garbage Classification\glass\glass391.jpg,glass
archive/Garbage Classification\cardboard\cardboard73.jpg,cardboard
archive/Garbage Classification\plastic\plastic452.jpg,plastic
archive/Garbage Classification\plastic\plastic214.jpg,plastic
archive/Garbage Classification\paper\paper243.jpg,paper
archive/Garbage Classification\metal\metal31.jpg,metal
archive/Garbage Classification\metal\metal20.jpg,metal
archive/Garbage Classification\plastic\plastic364.jpg,plastic
archive/Garbage Classification\metal\metal250.jpg,metal
archive/Garbage Classification\cardboard\cardboard201.jpg,cardboard
archive/Garbage Classification\plastic\plastic387.jpg,plastic
archive/Garbage Classification\trash\trash55.jpg,trash
archive/Garbage Classification\metal\metal91.jpg,metal
archive/Garbage Classification\plastic\plastic474.jpg,plastic
archive/Garbage Classification\plastic\plastic243.jpg,plastic
archive/Garbage Classification\cardboard\cardboard60.jpg,cardboard
archive/Garbage Classification\plastic\plastic161.jpg,plastic
archive/Garbage Classification\glass\glass316.jpg,glass
archive/Garbage Classification\paper\paper326.jpg,paper
archive/Garbage Classification\cardboard\cardboard284.jpg,cardboard
archive/Garbage Classification\paper\paper290.jpg,paper
archive/Garbage Classification\glass\glass236.jpg,glass
archive/Garbage Classification\paper\paper206.jpg,paper
archive/Garbage Classification\glass\glass170.jpg,glass
archive/Garbage Classification\cardboard\cardboard351.jpg,cardboard
archive/Garbage Classification\glass\glass380.jpg,glass
archive/Garbage Classification\paper\paper190.jpg,paper
archive/Garbage Classification\plastic\plastic350.jpg,plastic
archive/Garbage Classification\paper\paper263.jpg,paper
archive/Garbage Classification\glass\glass374.jpg,glass
archive/Garbage Classification\paper\paper473.jpg,paper
archive/Garbage Classification\metal\metal399.jpg,metal
archive/Garbage Classification\paper\paper83.jpg,paper
archive/Garbage Classification\plastic\plastic324.jpg,plastic
archive/Garbage Classification\metal\metal83.jpg,metal
archive/Garbage Classification\paper\paper74.jpg,paper
archive/Garbage Classification\plastic\plastic40.jpg,plastic
archive/Garbage Classification\paper\paper275.jpg,paper
archive/Garbage Classification\metal\metal41.jpg,metal
archive/Garbage Classification\metal\metal276.jpg,metal
archive/Garbage Classification\cardboard\cardboard309.jpg,cardboard
archive/Garbage Classification\paper\paper116.jpg,paper
archive/Garbage Classification\paper\paper288.jpg,paper
archive/Garbage Classification\plastic\plastic19.jpg,plastic
archive/Garbage Classification\paper\paper217.jpg,paper
archive/Garbage Classification\paper\paper446.jpg,paper
archive/Garbage Classification\glass\glass449.jpg,glass
archive/Garbage Classification\glass\glass295.jpg,glass
archive/Garbage Classification\paper\paper455.jpg,paper
archive/Garbage Classification\paper\paper248.jpg,paper
archive/Garbage Classification\plastic\plastic119.jpg,plastic
archive/Garbage Classification\cardboard\cardboard13.jpg,cardboard
archive/Garbage Classification\glass\glass366.jpg,glass
archive/Garbage Classification\metal\metal410.jpg,metal
archive/Garbage Classification\metal\metal216.jpg,metal
archive/Garbage Classification\metal\metal332.jpg,metal
archive/Garbage Classification\trash\trash72.jpg,trash
archive/Garbage Classification\plastic\plastic480.jpg,plastic
archive/Garbage Classification\metal\metal144.jpg,metal
archive/Garbage Classification\metal\metal5.jpg,metal
archive/Garbage Classification\paper\paper465.jpg,paper
archive/Garbage Classification\cardboard\cardboard358.jpg,cardboard
archive/Garbage Classification\metal\metal70.jpg,metal
archive/Garbage Classification\plastic\plastic245.jpg,plastic
archive/Garbage Classification\paper\paper280.jpg,paper
archive/Garbage Classification\paper\paper443.jpg,paper
archive/Garbage Classification\paper\paper445.jpg,paper
archive/Garbage Classification\plastic\plastic146.jpg,plastic
archive/Garbage Classification\cardboard\cardboard75.jpg,cardboard
archive/Garbage Classification\paper\paper84.jpg,paper
archive/Garbage Classification\plastic\plastic427.jpg,plastic
archive/Garbage Classification\metal\metal254.jpg,metal
archive/Garbage Classification\plastic\plastic66.jpg,plastic
archive/Garbage Classification\cardboard\cardboard95.jpg,cardboard
archive/Garbage Classification\cardboard\cardboard204.jpg,cardboard
archive/Garbage Classification\plastic\plastic57.jpg,plastic
archive/Garbage Classification\cardboard\cardboard384.jpg,cardboard
archive/Garbage Classification\paper\paper244.jpg,paper
archive/Garbage Classification\plastic\plastic115.jpg,plastic
archive/Garbage Classification\paper\paper581.jpg,paper
archive/Garbage Classification\paper\paper62.jpg,paper
archive/Garbage Classification\cardboard\cardboard211.jpg,cardboard
archive/Garbage Classification\cardboard\cardboard274.jpg,cardboard
archive/Garbage Classification\cardboard\cardboard180.jpg,cardboard
archive/Garbage Classification\glass\glass246.jpg,glass
archive/Garbage Classification\cardboard\cardboard243.jpg,cardboard
archive/Garbage Classification\plastic\plastic158.jpg,plastic
archive/Garbage Classification\cardboard\cardboard303.jpg,cardboard
archive/Garbage Classification\plastic\plastic147.jpg,plastic
archive/Garbage Classification\glass\glass356.jpg,glass
archive/Garbage Classification\metal\metal363.jpg,metal
archive/Garbage Classification\glass\glass225.jpg,glass
archive/Garbage Classification\cardboard\cardboard2.jpg,cardboard
archive/Garbage Classification\cardboard\cardboard277.jpg,cardboard
archive/Garbage Classification\metal\metal141.jpg,metal
archive/Garbage Classification\glass\glass91.jpg,glass
archive/Garbage Classification\metal\metal325.jpg,metal
archive/Garbage Classification\glass\glass24.jpg,glass
archive/Garbage Classification\paper\paper87.jpg,paper
archive/Garbage Classification\glass\glass72.jpg,glass
archive/Garbage Classification\metal\metal209.jpg,metal
archive/Garbage Classification\cardboard\cardboard335.jpg,cardboard
archive/Garbage Classification\plastic\plastic466.jpg,plastic
archive/Garbage Classification\glass\glass133.jpg,glass
archive/Garbage Classification\trash\trash75.jpg,trash
archive/Garbage Classification\cardboard\cardboard14.jpg,cardboard
archive/Garbage Classification\cardboard\cardboard311.jpg,cardboard
archive/Garbage Classification\plastic\plastic286.jpg,plastic
archive/Garbage Classification\glass\glass412.jpg,glass
archive/Garbage Classification\glass\glass142.jpg,glass
archive/Garbage Classification\plastic\plastic236.jpg,plastic
archive/Garbage Classification\plastic\plastic135.jpg,plastic
archive/Garbage Classification\cardboard\cardboard142.jpg,cardboard
archive/Garbage Classification\glass\glass61.jpg,glass
archive/Garbage Classification\plastic\plastic169.jpg,plastic
archive/Garbage Classification\plastic\plastic455.jpg,plastic
archive/Garbage Classification\trash\trash3.jpg,trash
archive/Garbage Classification\glass\glass82.jpg,glass
archive/Garbage Classification\plastic\plastic208.jpg,plastic
archive/Garbage Classification\paper\paper115.jpg,paper
archive/Garbage Classification\paper\paper284.jpg,paper
archive/Garbage Classification\metal\metal80.jpg,metal
archive/Garbage Classification\plastic\plastic453.jpg,plastic
archive/Garbage Classification\cardboard\cardboard24.jpg,cardboard
archive/Garbage Classification\glass\glass84.jpg,glass
archive/Garbage Classification\cardboard\cardboard207.jpg,cardboard
archive/Garbage Classification\paper\paper558.jpg,paper
archive/Garbage Classification\paper\paper369.jpg,paper
archive/Garbage Classification\plastic\plastic348.jpg,plastic
archive/Garbage Classification\paper\paper79.jpg,paper
archive/Garbage Classification\cardboard\cardboard146.jpg,cardboard
archive/Garbage Classification\plastic\plastic356.jpg,plastic
archive/Garbage Classification\cardboard\cardboard341.jpg,cardboard
archive/Garbage Classification\trash\trash62.jpg,trash
archive/Garbage Classification\cardboard\cardboard110.jpg,cardboard
archive/Garbage Classification\paper\paper508.jpg,paper
archive/Garbage Classification\cardboard\cardboard261.jpg,cardboard
archive/Garbage Classification\glass\glass382.jpg,glass
archive/Garbage Classification\metal\metal67.jpg,metal
archive/Garbage Classification\paper\paper384.jpg,paper
archive/Garbage Classification\plastic\plastic437.jpg,plastic
archive/Garbage Classification\paper\paper505.jpg,paper
archive/Garbage Classification\trash\trash120.jpg,trash
archive/Garbage Classification\plastic\plastic448.jpg,plastic
archive/Garbage Classification\glass\glass484.jpg,glass
archive/Garbage Classification\plastic\plastic174.jpg,plastic
archive/Garbage Classification\paper\paper495.jpg,paper
archive/Garbage Classification\metal\metal194.jpg,metal
archive/Garbage Classification\plastic\plastic322.jpg,plastic
archive/Garbage Classification\metal\metal290.jpg,metal
archive/Garbage Classification\metal\metal362.jpg,metal
archive/Garbage Classification\plastic\plastic459.jpg,plastic
archive/Garbage Classification\paper\paper564.jpg,paper
archive/Garbage Classification\glass\glass180.jpg,glass
archive/Garbage Classification\paper\paper160.jpg,paper
archive/Garbage Classification\glass\glass279.jpg,glass
archive/Garbage Classification\plastic\plastic354.jpg,plastic
archive/Garbage Classification\paper\paper479.jpg,paper
archive/Garbage Classification\trash\trash44.jpg,trash
archive/Garbage Classification\paper\paper416.jpg,paper
archive/Garbage Classification\paper\paper32.jpg,paper
archive/Garbage Classification\glass\glass76.jpg,glass
archive/Garbage Classification\paper\paper318.jpg,paper
archive/Garbage Classification\glass\glass360.jpg,glass
archive/Garbage Classification\glass\glass337.jpg,glass
archive/Garbage Classification\plastic\plastic260.jpg,plastic
archive/Garbage Classification\cardboard\cardboard65.jpg,cardboard
archive/Garbage Classification\plastic\plastic407.jpg,plastic
archive/Garbage Classification\paper\paper58.jpg,paper
archive/Garbage Classification\cardboard\cardboard293.jpg,cardboard
archive/Garbage Classification\paper\paper70.jpg,paper
archive/Garbage Classification\paper\paper376.jpg,paper
archive/Garbage Classification\paper\paper520.jpg,paper
archive/Garbage Classification\metal\metal291.jpg,metal
archive/Garbage Classification\plastic\plastic276.jpg,plastic
archive/Garbage Classification\plastic\plastic285.jpg,plastic
archive/Garbage Classification\glass\glass395.jpg,glass
archive/Garbage Classification\glass\glass419.jpg,glass
archive/Garbage Classification\metal\metal389.jpg,metal
archive/Garbage Classification\cardboard\cardboard134.jpg,cardboard
archive/Garbage Classification\metal\metal407.jpg,metal
archive/Garbage Classification\paper\paper176.jpg,paper
archive/Garbage Classification\glass\glass414.jpg,glass
archive/Garbage Classification\glass\glass213.jpg,glass
archive/Garbage Classification\metal\metal316.jpg,metal
archive/Garbage Classification\paper\paper262.jpg,paper
archive/Garbage Classification\paper\paper481.jpg,paper
archive/Garbage Classification\glass\glass469.jpg,glass
archive/Garbage Classification\paper\paper4.jpg,paper
archive/Garbage Classification\glass\glass86.jpg,glass
archive/Garbage Classification\glass\glass62.jpg,glass
archive/Garbage Classification\paper\paper100.jpg,paper
archive/Garbage Classification\paper\paper504.jpg,paper
archive/Garbage Classification\paper\paper483.jpg,paper
archive/Garbage Classification\paper\paper360.jpg,paper
archive/Garbage Classification\metal\metal386.jpg,metal
archive/Garbage Classification\paper\paper188.jpg,paper
archive/Garbage Classification\metal\metal278.jpg,metal
archive/Garbage Classification\metal\metal298.jpg,metal
archive/Garbage Classification\glass\glass174.jpg,glass
archive/Garbage Classification\plastic\plastic302.jpg,plastic
archive/Garbage Classification\metal\metal201.jpg,metal
archive/Garbage Classification\paper\paper530.jpg,paper
archive/Garbage Classification\paper\paper165.jpg,paper
archive/Garbage Classification\cardboard\cardboard149.jpg,cardboard
archive/Garbage Classification\cardboard\cardboard23.jpg,cardboard
archive/Garbage Classification\metal\metal406.jpg,metal
archive/Garbage Classification\metal\metal51.jpg,metal
archive/Garbage Classification\plastic\plastic365.jpg,plastic
archive/Garbage Classification\plastic\plastic292.jpg,plastic
archive/Garbage Classification\metal\metal146.jpg,metal
archive/Garbage Classification\trash\trash104.jpg,trash
archive/Garbage Classification\plastic\plastic93.jpg,plastic
archive/Garbage Classification\metal\metal76.jpg,metal
archive/Garbage Classification\cardboard\cardboard39.jpg,cardboard
archive/Garbage Classification\plastic\plastic85.jpg,plastic
archive/Garbage Classification\glass\glass481.jpg,glass
archive/Garbage Classification\glass\glass443.jpg,glass
archive/Garbage Classification\paper\paper60.jpg,paper
archive/Garbage Classification\trash\trash21.jpg,trash
archive/Garbage Classification\plastic\plastic82.jpg,plastic
archive/Garbage Classification\glass\glass70.jpg,glass
archive/Garbage Classification\cardboard\cardboard162.jpg,cardboard
archive/Garbage Classification\cardboard\cardboard27.jpg,cardboard
archive/Garbage Classification\glass\glass285.jpg,glass
archive/Garbage Classification\plastic\plastic131.jpg,plastic
archive/Garbage Classification\cardboard\cardboard115.jpg,cardboard
archive/Garbage Classification\trash\trash110.jpg,trash
archive/Garbage Classification\paper\paper401.jpg,paper
archive/Garbage Classification\plastic\plastic51.jpg,plastic
archive/Garbage Classification\metal\metal94.jpg,metal
archive/Garbage Classification\metal\metal207.jpg,metal
archive/Garbage Classification\glass\glass444.jpg,glass
archive/Garbage Classification\cardboard\cardboard21.jpg,cardboard
archive/Garbage Classification\paper\paper140.jpg,paper
archive/Garbage Classification\paper\paper292.jpg,paper
archive/Garbage Classification\plastic\plastic78.jpg,plastic
archive/Garbage Classification\glass\glass69.jpg,glass
archive/Garbage Classification\trash\trash124.jpg,trash
archive/Garbage Classification\trash\trash86.jpg,trash
archive/Garbage Classification\paper\paper372.jpg,paper
archive/Garbage Classification\plastic\plastic134.jpg,plastic
archive/Garbage Classification\trash\trash123.jpg,trash
archive/Garbage Classification\plastic\plastic429.jpg,plastic
archive/Garbage Classification\glass\glass54.jpg,glass
archive/Garbage Classification\cardboard\cardboard8.jpg,cardboard
archive/Garbage Classification\glass\glass460.jpg,glass
archive/Garbage Classification\paper\paper86.jpg,paper
archive/Garbage Classification\paper\paper586.jpg,paper
archive/Garbage Classification\trash\trash119.jpg,trash
archive/Garbage Classification\paper\paper126.jpg,paper
archive/Garbage Classification\paper\paper164.jpg,paper
archive/Garbage Classification\plastic\plastic171.jpg,plastic
archive/Garbage Classification\plastic\plastic104.jpg,plastic
archive/Garbage Classification\plastic\plastic443.jpg,plastic
archive/Garbage Classification\cardboard\cardboard400.jpg,cardboard
archive/Garbage Classification\paper\paper266.jpg,paper
archive/Garbage Classification\paper\paper536.jpg,paper
archive/Garbage Classification\glass\glass489.jpg,glass
archive/Garbage Classification\metal\metal46.jpg,metal
archive/Garbage Classification\plastic\plastic464.jpg,plastic
archive/Garbage Classification\paper\paper388.jpg,paper
archive/Garbage Classification\plastic\plastic21.jpg,plastic
archive/Garbage Classification\glass\glass325.jpg,glass
archive/Garbage Classification\trash\trash65.jpg,trash
archive/Garbage Classification\trash\trash106.jpg,trash
archive/Garbage Classification\trash\trash4.jpg,trash
archive/Garbage Classification\plastic\plastic234.jpg,plastic
archive/Garbage Classification\trash\trash29.jpg,trash
archive/Garbage Classification\paper\paper73.jpg,paper
archive/Garbage Classification\metal\metal135.jpg,metal
archive/Garbage Classification\plastic\plastic99.jpg,plastic
archive/Garbage Classification\cardboard\cardboard318.jpg,cardboard
archive/Garbage Classification\paper\paper209.jpg,paper
archive/Garbage Classification\trash\trash17.jpg,trash
archive/Garbage Classification\paper\paper373.jpg,paper
archive/Garbage Classification\plastic\plastic244.jpg,plastic
archive/Garbage Classification\glass\glass249.jpg,glass
archive/Garbage Classification\paper\paper23.jpg,paper
archive/Garbage Classification\paper\paper16.jpg,paper
archive/Garbage Classification\paper\paper207.jpg,paper
archive/Garbage Classification\glass\glass175.jpg,glass
archive/Garbage Classification\paper\paper336.jpg,paper
archive/Garbage Classification\cardboard\cardboard281.jpg,cardboard
archive/Garbage Classification\trash\trash130.jpg,trash
archive/Garbage Classification\paper\paper408.jpg,paper
archive/Garbage Classification\glass\glass404.jpg,glass
archive/Garbage Classification\cardboard\cardboard308.jpg,cardboard
archive/Garbage Classification\paper\paper546.jpg,paper
archive/Garbage Classification\trash\trash7.jpg,trash
archive/Garbage Classification\paper\paper253.jpg,paper
archive/Garbage Classification\cardboard\cardboard29.jpg,cardboard
archive/Garbage Classification\glass\glass15.jpg,glass
archive/Garbage Classification\glass\glass52.jpg,glass
archive/Garbage Classification\paper\paper420.jpg,paper
archive/Garbage Classification\glass\glass307.jpg,glass
archive/Garbage Classification\cardboard\cardboard331.jpg,cardboard
archive/Garbage Classification\glass\glass206.jpg,glass
archive/Garbage Classification\paper\paper317.jpg,paper
archive/Garbage Classification\glass\glass30.jpg,glass
archive/Garbage Classification\glass\glass44.jpg,glass
archive/Garbage Classification\glass\glass48.jpg,glass
archive/Garbage Classification\cardboard\cardboard296.jpg,cardboard
archive/Garbage Classification\paper\paper293.jpg,paper
archive/Garbage Classification\glass\glass340.jpg,glass
archive/Garbage Classification\paper\paper514.jpg,paper
archive/Garbage Classification\paper\paper468.jpg,paper
archive/Garbage Classification\paper\paper510.jpg,paper
archive/Garbage Classification\glass\glass318.jpg,glass
archive/Garbage Classification\cardboard\cardboard364.jpg,cardboard
archive/Garbage Classification\glass\glass150.jpg,glass
archive/Garbage Classification\metal\metal65.jpg,metal
archive/Garbage Classification\paper\paper482.jpg,paper
archive/Garbage Classification\cardboard\cardboard137.jpg,cardboard
archive/Garbage Classification\cardboard\cardboard267.jpg,cardboard
archive/Garbage Classification\paper\paper470.jpg,paper
archive/Garbage Classification\plastic\plastic94.jpg,plastic
archive/Garbage Classification\paper\paper287.jpg,paper
archive/Garbage Classification\cardboard\cardboard7.jpg,cardboard
archive/Garbage Classification\metal\metal106.jpg,metal
archive/Garbage Classification\paper\paper594.jpg,paper
archive/Garbage Classification\cardboard\cardboard356.jpg,cardboard
archive/Garbage Classification\glass\glass172.jpg,glass
archive/Garbage Classification\paper\paper395.jpg,paper
archive/Garbage Classification\paper\paper299.jpg,paper
archive/Garbage Classification\metal\metal47.jpg,metal
archive/Garbage Classification\paper\paper149.jpg,paper
archive/Garbage Classification\glass\glass90.jpg,glass
archive/Garbage Classification\metal\metal189.jpg,metal
archive/Garbage Classification\paper\paper12.jpg,paper
archive/Garbage Classification\paper\paper110.jpg,paper
archive/Garbage Classification\paper\paper277.jpg,paper
archive/Garbage Classification\cardboard\cardboard129.jpg,cardboard
archive/Garbage Classification\metal\metal114.jpg,metal
archive/Garbage Classification\trash\trash90.jpg,trash
archive/Garbage Classification\glass\glass127.jpg,glass
archive/Garbage Classification\cardboard\cardboard329.jpg,cardboard
archive/Garbage Classification\plastic\plastic132.jpg,plastic
archive/Garbage Classification\paper\paper406.jpg,paper
archive/Garbage Classification\plastic\plastic372.jpg,plastic
archive/Garbage Classification\glass\glass256.jpg,glass
archive/Garbage Classification\plastic\plastic402.jpg,plastic
archive/Garbage Classification\metal\metal321.jpg,metal
archive/Garbage Classification\plastic\plastic173.jpg,plastic
archive/Garbage Classification\metal\metal221.jpg,metal
archive/Garbage Classification\metal\metal37.jpg,metal
archive/Garbage Classification\trash\trash39.jpg,trash
archive/Garbage Classification\cardboard\cardboard248.jpg,cardboard
archive/Garbage Classification\glass\glass122.jpg,glass
archive/Garbage Classification\paper\paper36.jpg,paper
archive/Garbage Classification\plastic\plastic172.jpg,plastic
archive/Garbage Classification\paper\paper472.jpg,paper
archive/Garbage Classification\cardboard\cardboard4.jpg,cardboard
archive/Garbage Classification\paper\paper152.jpg,paper
archive/Garbage Classification\metal\metal358.jpg,metal
archive/Garbage Classification\metal\metal197.jpg,metal
archive/Garbage Classification\glass\glass242.jpg,glass
archive/Garbage Classification\glass\glass183.jpg,glass
archive/Garbage Classification\glass\glass397.jpg,glass
archive/Garbage Classification\paper\paper561.jpg,paper
archive/Garbage Classification\glass\glass485.jpg,glass
archive/Garbage Classification\cardboard\cardboard159.jpg,cardboard
archive/Garbage Classification\paper\paper228.jpg,paper
archive/Garbage Classification\cardboard\cardboard117.jpg,cardboard
archive/Garbage Classification\glass\glass241.jpg,glass
archive/Garbage Classification\cardboard\cardboard3.jpg,cardboard
archive/Garbage Classification\glass\glass296.jpg,glass
archive/Garbage Classification\paper\paper130.jpg,paper
archive/Garbage Classification\glass\glass199.jpg,glass
archive/Garbage Classification\paper\paper362.jpg,paper
archive/Garbage Classification\metal\metal88.jpg,metal
archive/Garbage Classification\metal\metal219.jpg,metal
archive/Garbage Classification\cardboard\cardboard150.jpg,cardboard
archive/Garbage Classification\metal\metal154.jpg,metal
archive/Garbage Classification\cardboard\cardboard121.jpg,cardboard
archive/Garbage Classification\glass\glass202.jpg,glass
archive/Garbage Classification\plastic\plastic120.jpg,plastic
archive/Garbage Classification\glass\glass319.jpg,glass
archive/Garbage Classification\plastic\plastic343.jpg,plastic
archive/Garbage Classification\paper\paper426.jpg,paper
archive/Garbage Classification\paper\paper516.jpg,paper
archive/Garbage Classification\glass\glass162.jpg,glass
archive/Garbage Classification\paper\paper475.jpg,paper
archive/Garbage Classification\glass\glass250.jpg,glass
archive/Garbage Classification\paper\paper168.jpg,paper
archive/Garbage Classification\plastic\plastic182.jpg,plastic
archive/Garbage Classification\glass\glass428.jpg,glass
archive/Garbage Classification\glass\glass364.jpg,glass
archive/Garbage Classification\plastic\plastic188.jpg,plastic
archive/Garbage Classification\glass\glass367.jpg,glass
archive/Garbage Classification\metal\metal327.jpg,metal
archive/Garbage Classification\glass\glass43.jpg,glass
archive/Garbage Classification\plastic\plastic287.jpg,plastic
archive/Garbage Classification\glass\glass191.jpg,glass
archive/Garbage Classification\cardboard\cardboard158.jpg,cardboard
archive/Garbage Classification\metal\metal109.jpg,metal
archive/Garbage Classification\metal\metal117.jpg,metal
archive/Garbage Classification\plastic\plastic401.jpg,plastic
archive/Garbage Classification\paper\paper346.jpg,paper
archive/Garbage Classification\plastic\plastic281.jpg,plastic
archive/Garbage Classification\paper\paper521.jpg,paper
archive/Garbage Classification\cardboard\cardboard177.jpg,cardboard
archive/Garbage Classification\plastic\plastic91.jpg,plastic
archive/Garbage Classification\cardboard\cardboard164.jpg,cardboard
archive/Garbage Classification\trash\trash19.jpg,trash
archive/Garbage Classification\plastic\plastic306.jpg,plastic
archive/Garbage Classification\paper\paper337.jpg,paper
archive/Garbage Classification\glass\glass106.jpg,glass
archive/Garbage Classification\plastic\plastic266.jpg,plastic
archive/Garbage Classification\plastic\plastic75.jpg,plastic
archive/Garbage Classification\plastic\plastic123.jpg,plastic
archive/Garbage Classification\metal\metal160.jpg,metal
archive/Garbage Classification\plastic\plastic137.jpg,plastic
archive/Garbage Classification\metal\metal356.jpg,metal
archive/Garbage Classification\paper\paper155.jpg,paper
archive/Garbage Classification\plastic\plastic96.jpg,plastic
archive/Garbage Classification\cardboard\cardboard294.jpg,cardboard
archive/Garbage Classification\trash\trash129.jpg,trash
archive/Garbage Classification\plastic\plastic31.jpg,plastic
archive/Garbage Classification\plastic\plastic410.jpg,plastic
archive/Garbage Classification\metal\metal174.jpg,metal
archive/Garbage Classification\glass\glass216.jpg,glass
archive/Garbage Classification\plastic\plastic451.jpg,plastic
archive/Garbage Classification\paper\paper576.jpg,paper
archive/Garbage Classification\cardboard\cardboard111.jpg,cardboard
archive/Garbage Classification\glass\glass143.jpg,glass
archive/Garbage Classification\glass\glass209.jpg,glass
archive/Garbage Classification\cardboard\cardboard168.jpg,cardboard
archive/Garbage Classification\metal\metal29.jpg,metal
archive/Garbage Classification\paper\paper169.jpg,paper
archive/Garbage Classification\cardboard\cardboard170.jpg,cardboard
archive/Garbage Classification\metal\metal352.jpg,metal
archive/Garbage Classification\metal\metal326.jpg,metal
archive/Garbage Classification\plastic\plastic291.jpg,plastic
archive/Garbage Classification\plastic\plastic35.jpg,plastic
archive/Garbage Classification\plastic\plastic90.jpg,plastic
archive/Garbage Classification\metal\metal22.jpg,metal
archive/Garbage Classification\glass\glass238.jpg,glass
archive/Garbage Classification\glass\glass105.jpg,glass
archive/Garbage Classification\paper\paper492.jpg,paper
archive/Garbage Classification\trash\trash8.jpg,trash
archive/Garbage Classification\cardboard\cardboard183.jpg,cardboard
archive/Garbage Classification\cardboard\cardboard297.jpg,cardboard
archive/Garbage Classification\cardboard\cardboard102.jpg,cardboard
archive/Garbage Classification\paper\paper29.jpg,paper
archive/Garbage Classification\metal\metal294.jpg,metal
archive/Garbage Classification\trash\trash77.jpg,trash
archive/Garbage Classification\glass\glass187.jpg,glass
archive/Garbage Classification\paper\paper466.jpg,paper
archive/Garbage Classification\metal\metal15.jpg,metal
archive/Garbage Classification\glass\glass455.jpg,glass
archive/Garbage Classification\glass\glass476.jpg,glass
archive/Garbage Classification\paper\paper69.jpg,paper
archive/Garbage Classification\cardboard\cardboard379.jpg,cardboard
archive/Garbage Classification\metal\metal90.jpg,metal
archive/Garbage Classification\glass\glass408.jpg,glass
archive/Garbage Classification\plastic\plastic222.jpg,plastic
archive/Garbage Classification\paper\paper186.jpg,paper
archive/Garbage Classification\cardboard\cardboard345.jpg,cardboard
archive/Garbage Classification\metal\metal168.jpg,metal
archive/Garbage Classification\metal\metal190.jpg,metal
archive/Garbage Classification\cardboard\cardboard291.jpg,cardboard
archive/Garbage Classification\trash\trash80.jpg,trash
archive/Garbage Classification\metal\metal217.jpg,metal
archive/Garbage Classification\plastic\plastic98.jpg,plastic
archive/Garbage Classification\plastic\plastic240.jpg,plastic
archive/Garbage Classification\glass\glass347.jpg,glass
archive/Garbage Classification\glass\glass130.jpg,glass
archive/Garbage Classification\glass\glass165.jpg,glass
archive/Garbage Classification\glass\glass282.jpg,glass
archive/Garbage Classification\glass\glass258.jpg,glass
archive/Garbage Classification\cardboard\cardboard363.jpg,cardboard
archive/Garbage Classification\cardboard\cardboard355.jpg,cardboard
archive/Garbage Classification\paper\paper365.jpg,paper
archive/Garbage Classification\plastic\plastic315.jpg,plastic
archive/Garbage Classification\glass\glass339.jpg,glass
archive/Garbage Classification\paper\paper56.jpg,paper
archive/Garbage Classification\paper\paper146.jpg,paper
archive/Garbage Classification\cardboard\cardboard197.jpg,cardboard
archive/Garbage Classification\glass\glass342.jpg,glass
archive/Garbage Classification\plastic\plastic363.jpg,plastic
archive/Garbage Classification\trash\trash30.jpg,trash
archive/Garbage Classification\plastic\plastic114.jpg,plastic
archive/Garbage Classification\paper\paper321.jpg,paper
archive/Garbage Classification\glass\glass85.jpg,glass
archive/Garbage Classification\metal\metal322.jpg,metal
archive/Garbage Classification\glass\glass269.jpg,glass
archive/Garbage Classification\paper\paper506.jpg,paper
archive/Garbage Classification\paper\paper44.jpg,paper
archive/Garbage Classification\cardboard\cardboard120.jpg,cardboard
archive/Garbage Classification\paper\paper274.jpg,paper
archive/Garbage Classification\paper\paper127.jpg,paper
archive/Garbage Classification\paper\paper374.jpg,paper
archive/Garbage Classification\metal\metal390.jpg,metal
archive/Garbage Classification\plastic\plastic149.jpg,plastic
archive/Garbage Classification\trash\trash33.jpg,trash
archive/Garbage Classification\plastic\plastic469.jpg,plastic
archive/Garbage Classification\paper\paper324.jpg,paper
archive/Garbage Classification\glass\glass270.jpg,glass
archive/Garbage Classification\paper\paper417.jpg,paper
archive/Garbage Classification\paper\paper428.jpg,paper
archive/Garbage Classification\plastic\plastic65.jpg,plastic
archive/Garbage Classification\cardboard\cardboard235.jpg,cardboard
archive/Garbage Classification\paper\paper366.jpg,paper
archive/Garbage Classification\paper\paper51.jpg,paper
archive/Garbage Classification\paper\paper398.jpg,paper
archive/Garbage Classification\cardboard\cardboard139.jpg,cardboard
archive/Garbage Classification\trash\trash63.jpg,trash
archive/Garbage Classification\paper\paper28.jpg,paper
archive/Garbage Classification\cardboard\cardboard402.jpg,cardboard
archive/Garbage Classification\plastic\plastic460.jpg,plastic
archive/Garbage Classification\paper\paper593.jpg,paper
archive/Garbage Classification\glass\glass377.jpg,glass
archive/Garbage Classification\paper\paper42.jpg,paper
archive/Garbage Classification\cardboard\cardboard242.jpg,cardboard
archive/Garbage Classification\paper\paper435.jpg,paper
archive/Garbage Classification\metal\metal236.jpg,metal
archive/Garbage Classification\paper\paper503.jpg,paper
archive/Garbage Classification\trash\trash36.jpg,trash
archive/Garbage Classification\metal\metal202.jpg,metal
archive/Garbage Classification\metal\metal44.jpg,metal
archive/Garbage Classification\glass\glass201.jpg,glass
archive/Garbage Classification\paper\paper410.jpg,paper
archive/Garbage Classification\paper\paper476.jpg,paper
archive/Garbage Classification\metal\metal372.jpg,metal
archive/Garbage Classification\glass\glass284.jpg,glass
archive/Garbage Classification\metal\metal21.jpg,metal
archive/Garbage Classification\cardboard\cardboard278.jpg,cardboard
archive/Garbage Classification\plastic\plastic344.jpg,plastic
archive/Garbage Classification\paper\paper430.jpg,paper
archive/Garbage Classification\glass\glass483.jpg,glass
archive/Garbage Classification\cardboard\cardboard282.jpg,cardboard
archive/Garbage Classification\cardboard\cardboard348.jpg,cardboard
archive/Garbage Classification\cardboard\cardboard368.jpg,cardboard
archive/Garbage Classification\paper\paper525.jpg,paper
archive/Garbage Classification\glass\glass224.jpg,glass
archive/Garbage Classification\glass\glass259.jpg,glass
archive/Garbage Classification\cardboard\cardboard32.jpg,cardboard
archive/Garbage Classification\cardboard\cardboard118.jpg,cardboard
archive/Garbage Classification\plastic\plastic13.jpg,plastic
archive/Garbage Classification\glass\glass479.jpg,glass
archive/Garbage Classification\metal\metal92.jpg,metal
archive/Garbage Classification\trash\trash95.jpg,trash
archive/Garbage Classification\metal\metal268.jpg,metal
archive/Garbage Classification\plastic\plastic89.jpg,plastic
archive/Garbage Classification\trash\trash98.jpg,trash
archive/Garbage Classification\glass\glass440.jpg,glass
archive/Garbage Classification\trash\trash6.jpg,trash
archive/Garbage Classification\metal\metal357.jpg,metal
archive/Garbage Classification\cardboard\cardboard30.jpg,cardboard
archive/Garbage Classification\paper\paper537.jpg,paper
archive/Garbage Classification\trash\trash89.jpg,trash
archive/Garbage Classification\plastic\plastic205.jpg,plastic
archive/Garbage Classification\paper\paper315.jpg,paper
archive/Garbage Classification\paper\paper331.jpg,paper
archive/Garbage Classification\cardboard\cardboard232.jpg,cardboard
archive/Garbage Classification\paper\paper590.jpg,paper
archive/Garbage Classification\cardboard\cardboard386.jpg,cardboard
archive/Garbage Classification\plastic\plastic403.jpg,plastic
archive/Garbage Classification\glass\glass267.jpg,glass
archive/Garbage Classification\glass\glass171.jpg,glass
archive/Garbage Classification\glass\glass20.jpg,glass
archive/Garbage Classification\paper\paper104.jpg,paper
archive/Garbage Classification\cardboard\cardboard160.jpg,cardboard
archive/Garbage Classification\plastic\plastic305.jpg,plastic
archive/Garbage Classification\metal\metal156.jpg,metal
archive/Garbage Classification\paper\paper469.jpg,paper
archive/Garbage Classification\plastic\plastic279.jpg,plastic
archive/Garbage Classification\metal\metal36.jpg,metal
archive/Garbage Classification\glass\glass265.jpg,glass
archive/Garbage Classification\plastic\plastic148.jpg,plastic
archive/Garbage Classification\trash\trash31.jpg,trash
archive/Garbage Classification\paper\paper250.jpg,paper
archive/Garbage Classification\paper\paper302.jpg,paper
archive/Garbage Classification\metal\metal13.jpg,metal
archive/Garbage Classification\cardboard\cardboard202.jpg,cardboard
archive/Garbage Classification\paper\paper436.jpg,paper
archive/Garbage Classification\glass\glass40.jpg,glass
archive/Garbage Classification\plastic\plastic398.jpg,plastic
archive/Garbage Classification\metal\metal376.jpg,metal
archive/Garbage Classification\paper\paper560.jpg,paper
archive/Garbage Classification\cardboard\cardboard161.jpg,cardboard
archive/Garbage Classification\trash\trash84.jpg,trash
archive/Garbage Classification\paper\paper378.jpg,paper
archive/Garbage Classification\plastic\plastic308.jpg,plastic
archive/Garbage Classification\glass\glass124.jpg,glass
archive/Garbage Classification\paper\paper20.jpg,paper
archive/Garbage Classification\metal\metal52.jpg,metal
archive/Garbage Classification\metal\metal334.jpg,metal
archive/Garbage Classification\plastic\plastic103.jpg,plastic
archive/Garbage Classification\plastic\plastic432.jpg,plastic
archive/Garbage Classification\paper\paper66.jpg,paper
archive/Garbage Classification\glass\glass192.jpg,glass
archive/Garbage Classification\cardboard\cardboard385.jpg,cardboard
archive/Garbage Classification\cardboard\cardboard72.jpg,cardboard
archive/Garbage Classification\metal\metal312.jpg,metal
archive/Garbage Classification\plastic\plastic462.jpg,plastic
archive/Garbage Classification\paper\paper77.jpg,paper
archive/Garbage Classification\metal\metal139.jpg,metal
archive/Garbage Classification\metal\metal323.jpg,metal
archive/Garbage Classification\paper\paper181.jpg,paper
archive/Garbage Classification\cardboard\cardboard143.jpg,cardboard
archive/Garbage Classification\cardboard\cardboard16.jpg,cardboard
archive/Garbage Classification\plastic\plastic428.jpg,plastic
archive/Garbage Classification\paper\paper377.jpg,paper
archive/Garbage Classification\glass\glass403.jpg,glass
archive/Garbage Classification\metal\metal178.jpg,metal
archive/Garbage Classification\cardboard\cardboard105.jpg,cardboard
archive/Garbage Classification\metal\metal211.jpg,metal
archive/Garbage Classification\paper\paper544.jpg,paper
archive/Garbage Classification\cardboard\cardboard317.jpg,cardboard
archive/Garbage Classification\glass\glass386.jpg,glass
archive/Garbage Classification\trash\trash12.jpg,trash
archive/Garbage Classification\metal\metal361.jpg,metal
archive/Garbage Classification\plastic\plastic431.jpg,plastic
archive/Garbage Classification\metal\metal264.jpg,metal
archive/Garbage Classification\paper\paper213.jpg,paper
archive/Garbage Classification\glass\glass492.jpg,glass
archive/Garbage Classification\metal\metal163.jpg,metal
archive/Garbage Classification\metal\metal210.jpg,metal
archive/Garbage Classification\cardboard\cardboard68.jpg,cardboard
archive/Garbage Classification\trash\trash53.jpg,trash
archive/Garbage Classification\cardboard\cardboard198.jpg,cardboard
archive/Garbage Classification\metal\metal7.jpg,metal
archive/Garbage Classification\glass\glass111.jpg,glass
archive/Garbage Classification\paper\paper491.jpg,paper
archive/Garbage Classification\paper\paper5.jpg,paper
archive/Garbage Classification\cardboard\cardboard373.jpg,cardboard
archive/Garbage Classification\metal\metal345.jpg,metal
archive/Garbage Classification\plastic\plastic360.jpg,plastic
archive/Garbage Classification\cardboard\cardboard56.jpg,cardboard
archive/Garbage Classification\cardboard\cardboard200.jpg,cardboard
archive/Garbage Classification\plastic\plastic411.jpg,plastic
archive/Garbage Classification\glass\glass237.jpg,glass
archive/Garbage Classification\glass\glass272.jpg,glass
archive/Garbage Classification\paper\paper297.jpg,paper
archive/Garbage Classification\glass\glass36.jpg,glass
archive/Garbage Classification\plastic\plastic141.jpg,plastic
archive/Garbage Classification\glass\glass47.jpg,glass
archive/Garbage Classification\paper\paper35.jpg,paper
archive/Garbage Classification\trash\trash67.jpg,trash
archive/Garbage Classification\cardboard\cardboard279.jpg,cardboard
archive/Garbage Classification\glass\glass376.jpg,glass
archive/Garbage Classification\cardboard\cardboard324.jpg,cardboard
archive/Garbage Classification\plastic\plastic478.jpg,plastic
archive/Garbage Classification\plastic\plastic130.jpg,plastic
archive/Garbage Classification\plastic\plastic204.jpg,plastic
archive/Garbage Classification\glass\glass11.jpg,glass
archive/Garbage Classification\plastic\plastic53.jpg,plastic
archive/Garbage Classification\metal\metal375.jpg,metal
archive/Garbage Classification\plastic\plastic386.jpg,plastic
archive/Garbage Classification\cardboard\cardboard153.jpg,cardboard
archive/Garbage Classification\cardboard\cardboard130.jpg,cardboard
archive/Garbage Classification\plastic\plastic378.jpg,plastic
archive/Garbage Classification\metal\metal228.jpg,metal
archive/Garbage Classification\paper\paper580.jpg,paper
archive/Garbage Classification\paper\paper22.jpg,paper
archive/Garbage Classification\plastic\plastic10.jpg,plastic
archive/Garbage Classification\glass\glass333.jpg,glass
archive/Garbage Classification\glass\glass306.jpg,glass
archive/Garbage Classification\trash\trash35.jpg,trash
archive/Garbage Classification\glass\glass42.jpg,glass
archive/Garbage Classification\paper\paper350.jpg,paper
archive/Garbage Classification\paper\paper193.jpg,paper
archive/Garbage Classification\plastic\plastic340.jpg,plastic
archive/Garbage Classification\trash\trash9.jpg,trash
archive/Garbage Classification\plastic\plastic207.jpg,plastic
archive/Garbage Classification\plastic\plastic18.jpg,plastic
archive/Garbage Classification\cardboard\cardboard38.jpg,cardboard
archive/Garbage Classification\cardboard\cardboard230.jpg,cardboard
archive/Garbage Classification\plastic\plastic351.jpg,plastic
archive/Garbage Classification\paper\paper325.jpg,paper
archive/Garbage Classification\paper\paper363.jpg,paper
archive/Garbage Classification\plastic\plastic333.jpg,plastic
archive/Garbage Classification\glass\glass392.jpg,glass
archive/Garbage Classification\trash\trash91.jpg,trash
archive/Garbage Classification\plastic\plastic294.jpg,plastic
archive/Garbage Classification\glass\glass140.jpg,glass
archive/Garbage Classification\glass\glass112.jpg,glass
archive/Garbage Classification\paper\paper540.jpg,paper
archive/Garbage Classification\cardboard\cardboard300.jpg,cardboard
archive/Garbage Classification\metal\metal77.jpg,metal
archive/Garbage Classification\plastic\plastic439.jpg,plastic
archive/Garbage Classification\glass\glass349.jpg,glass
archive/Garbage Classification\cardboard\cardboard51.jpg,cardboard
archive/Garbage Classification\glass\glass301.jpg,glass
archive/Garbage Classification\cardboard\cardboard103.jpg,cardboard
archive/Garbage Classification\paper\paper566.jpg,paper
archive/Garbage Classification\glass\glass329.jpg,glass
archive/Garbage Classification\paper\paper501.jpg,paper
archive/Garbage Classification\trash\trash85.jpg,trash
archive/Garbage Classification\trash\trash59.jpg,trash
archive/Garbage Classification\cardboard\cardboard80.jpg,cardboard
archive/Garbage Classification\metal\metal280.jpg,metal
archive/Garbage Classification\plastic\plastic376.jpg,plastic
archive/Garbage Classification\glass\glass35.jpg,glass
archive/Garbage Classification\glass\glass12.jpg,glass
archive/Garbage Classification\metal\metal383.jpg,metal
archive/Garbage Classification\plastic\plastic430.jpg,plastic
archive/Garbage Classification\metal\metal79.jpg,metal
archive/Garbage Classification\trash\trash64.jpg,trash
archive/Garbage Classification\cardboard\cardboard372.jpg,cardboard
archive/Garbage Classification\plastic\plastic250.jpg,plastic
archive/Garbage Classification\paper\paper528.jpg,paper
archive/Garbage Classification\plastic\plastic311.jpg,plastic
archive/Garbage Classification\paper\paper122.jpg,paper
archive/Garbage Classification\paper\paper589.jpg,paper
archive/Garbage Classification\paper\paper519.jpg,paper
archive/Garbage Classification\cardboard\cardboard369.jpg,cardboard
archive/Garbage Classification\cardboard\cardboard333.jpg,cardboard
archive/Garbage Classification\paper\paper113.jpg,paper
archive/Garbage Classification\cardboard\cardboard340.jpg,cardboard
archive/Garbage Classification\glass\glass254.jpg,glass
archive/Garbage Classification\trash\trash46.jpg,trash
archive/Garbage Classification\plastic\plastic334.jpg,plastic
archive/Garbage Classification\cardboard\cardboard145.jpg,cardboard
archive/Garbage Classification\cardboard\cardboard377.jpg,cardboard
archive/Garbage Classification\metal\metal125.jpg,metal
archive/Garbage Classification\metal\metal370.jpg,metal
archive/Garbage Classification\glass\glass345.jpg,glass
archive/Garbage Classification\plastic\plastic377.jpg,plastic
archive/Garbage Classification\glass\glass453.jpg,glass
archive/Garbage Classification\plastic\plastic394.jpg,plastic
archive/Garbage Classification\glass\glass22.jpg,glass
archive/Garbage Classification\cardboard\cardboard239.jpg,cardboard
archive/Garbage Classification\plastic\plastic449.jpg,plastic
archive/Garbage Classification\metal\metal40.jpg,metal
archive/Garbage Classification\glass\glass207.jpg,glass
archive/Garbage Classification\cardboard\cardboard9.jpg,cardboard
archive/Garbage Classification\metal\metal66.jpg,metal
archive/Garbage Classification\plastic\plastic272.jpg,plastic
archive/Garbage Classification\cardboard\cardboard262.jpg,cardboard
archive/Garbage Classification\plastic\plastic195.jpg,plastic
archive/Garbage Classification\metal\metal78.jpg,metal
archive/Garbage Classification\paper\paper579.jpg,paper
archive/Garbage Classification\plastic\plastic304.jpg,plastic
archive/Garbage Classification\cardboard\cardboard353.jpg,cardboard
archive/Garbage Classification\paper\paper380.jpg,paper
archive/Garbage Classification\cardboard\cardboard128.jpg,cardboard
archive/Garbage Classification\glass\glass344.jpg,glass
archive/Garbage Classification\plastic\plastic479.jpg,plastic
archive/Garbage Classification\paper\paper368.jpg,paper
archive/Garbage Classification\glass\glass3.jpg,glass
archive/Garbage Classification\paper\paper138.jpg,paper
archive/Garbage Classification\plastic\plastic7.jpg,plastic
archive/Garbage Classification\plastic\plastic271.jpg,plastic
archive/Garbage Classification\metal\metal27.jpg,metal
archive/Garbage Classification\glass\glass274.jpg,glass
archive/Garbage Classification\paper\paper158.jpg,paper
archive/Garbage Classification\glass\glass315.jpg,glass
archive/Garbage Classification\plastic\plastic246.jpg,plastic
archive/Garbage Classification\paper\paper245.jpg,paper
archive/Garbage Classification\metal\metal256.jpg,metal
archive/Garbage Classification\plastic\plastic252.jpg,plastic
archive/Garbage Classification\plastic\plastic231.jpg,plastic
archive/Garbage Classification\paper\paper307.jpg,paper
archive/Garbage Classification\paper\paper121.jpg,paper
archive/Garbage Classification\metal\metal245.jpg,metal
archive/Garbage Classification\trash\trash45.jpg,trash
archive/Garbage Classification\paper\paper403.jpg,paper
archive/Garbage Classification\paper\paper133.jpg,paper
archive/Garbage Classification\trash\trash103.jpg,trash
archive/Garbage Classification\paper\paper235.jpg,paper
archive/Garbage Classification\trash\trash81.jpg,trash
archive/Garbage Classification\trash\trash70.jpg,trash
archive/Garbage Classification\trash\trash76.jpg,trash
archive/Garbage Classification\cardboard\cardboard263.jpg,cardboard
archive/Garbage Classification\glass\glass470.jpg,glass
archive/Garbage Classification\metal\metal369.jpg,metal
archive/Garbage Classification\glass\glass302.jpg,glass
archive/Garbage Classification\glass\glass252.jpg,glass
archive/Garbage Classification\plastic\plastic39.jpg,plastic
archive/Garbage Classification\glass\glass34.jpg,glass
archive/Garbage Classification\plastic\plastic156.jpg,plastic
archive/Garbage Classification\plastic\plastic393.jpg,plastic
archive/Garbage Classification\metal\metal162.jpg,metal
archive/Garbage Classification\plastic\plastic106.jpg,plastic
archive/Garbage Classification\metal\metal193.jpg,metal
archive/Garbage Classification\cardboard\cardboard272.jpg,cardboard
archive/Garbage Classification\metal\metal374.jpg,metal
archive/Garbage Classification\trash\trash51.jpg,trash
archive/Garbage Classification\trash\trash43.jpg,trash
archive/Garbage Classification\trash\trash101.jpg,trash
archive/Garbage Classification\paper\paper370.jpg,paper
archive/Garbage Classification\cardboard\cardboard305.jpg,cardboard
archive/Garbage Classification\metal\metal205.jpg,metal
archive/Garbage Classification\glass\glass92.jpg,glass
archive/Garbage Classification\glass\glass454.jpg,glass
archive/Garbage Classification\glass\glass352.jpg,glass
archive/Garbage Classification\paper\paper548.jpg,paper
archive/Garbage Classification\metal\metal171.jpg,metal
archive/Garbage Classification\paper\paper569.jpg,paper
archive/Garbage Classification\metal\metal310.jpg,metal
archive/Garbage Classification\metal\metal14.jpg,metal
archive/Garbage Classification\cardboard\cardboard295.jpg,cardboard
archive/Garbage Classification\plastic\plastic127.jpg,plastic
archive/Garbage Classification\metal\metal402.jpg,metal
archive/Garbage Classification\cardboard\cardboard125.jpg,cardboard
archive/Garbage Classification\metal\metal309.jpg,metal
archive/Garbage Classification\plastic\plastic342.jpg,plastic
archive/Garbage Classification\cardboard\cardboard210.jpg,cardboard
archive/Garbage Classification\plastic\plastic267.jpg,plastic
archive/Garbage Classification\metal\metal24.jpg,metal
archive/Garbage Classification\paper\paper450.jpg,paper
archive/Garbage Classification\paper\paper117.jpg,paper
archive/Garbage Classification\metal\metal299.jpg,metal
archive/Garbage Classification\glass\glass288.jpg,glass
archive/Garbage Classification\paper\paper364.jpg,paper
archive/Garbage Classification\metal\metal340.jpg,metal
archive/Garbage Classification\glass\glass322.jpg,glass
archive/Garbage Classification\plastic\plastic338.jpg,plastic
archive/Garbage Classification\cardboard\cardboard209.jpg,cardboard
archive/Garbage Classification\plastic\plastic454.jpg,plastic
archive/Garbage Classification\paper\paper351.jpg,paper
archive/Garbage Classification\metal\metal226.jpg,metal
archive/Garbage Classification\glass\glass311.jpg,glass
archive/Garbage Classification\plastic\plastic23.jpg,plastic
archive/Garbage Classification\cardboard\cardboard148.jpg,cardboard
archive/Garbage Classification\plastic\plastic374.jpg,plastic
archive/Garbage Classification\metal\metal170.jpg,metal
archive/Garbage Classification\plastic\plastic341.jpg,plastic
archive/Garbage Classification\cardboard\cardboard269.jpg,cardboard
archive/Garbage Classification\paper\paper486.jpg,paper
archive/Garbage Classification\glass\glass217.jpg,glass
archive/Garbage Classification\glass\glass190.jpg,glass
archive/Garbage Classification\paper\paper246.jpg,paper
archive/Garbage Classification\paper\paper91.jpg,paper
archive/Garbage Classification\paper\paper132.jpg,paper
archive/Garbage Classification\glass\glass204.jpg,glass
archive/Garbage Classification\plastic\plastic230.jpg,plastic
archive/Garbage Classification\plastic\plastic262.jpg,plastic
archive/Garbage Classification\plastic\plastic154.jpg,plastic
archive/Garbage Classification\cardboard\cardboard93.jpg,cardboard
archive/Garbage Classification\glass\glass357.jpg,glass
archive/Garbage Classification\metal\metal338.jpg,metal
archive/Garbage Classification\paper\paper247.jpg,paper
archive/Garbage Classification\trash\trash114.jpg,trash
archive/Garbage Classification\glass\glass87.jpg,glass
archive/Garbage Classification\plastic\plastic167.jpg,plastic
archive/Garbage Classification\metal\metal140.jpg,metal
archive/Garbage Classification\cardboard\cardboard185.jpg,cardboard
archive/Garbage Classification\metal\metal308.jpg,metal
archive/Garbage Classification\metal\metal161.jpg,metal
archive/Garbage Classification\paper\paper30.jpg,paper
archive/Garbage Classification\paper\paper563.jpg,paper
archive/Garbage Classification\plastic\plastic42.jpg,plastic
archive/Garbage Classification\plastic\plastic300.jpg,plastic
archive/Garbage Classification\glass\glass493.jpg,glass
archive/Garbage Classification\metal\metal200.jpg,metal
archive/Garbage Classification\cardboard\cardboard264.jpg,cardboard
archive/Garbage Classification\plastic\plastic160.jpg,plastic
archive/Garbage Classification\metal\metal232.jpg,metal
archive/Garbage Classification\plastic\plastic273.jpg,plastic
archive/Garbage Classification\paper\paper238.jpg,paper
archive/Garbage Classification\paper\paper93.jpg,paper
archive/Garbage Classification\metal\metal388.jpg,metal
archive/Garbage Classification\glass\glass445.jpg,glass
archive/Garbage Classification\glass\glass98.jpg,glass
archive/Garbage Classification\glass\glass4.jpg,glass
archive/Garbage Classification\glass\glass119.jpg,glass
archive/Garbage Classification\glass\glass83.jpg,glass
archive/Garbage Classification\glass\glass330.jpg,glass
archive/Garbage Classification\paper\paper156.jpg,paper
archive/Garbage Classification\plastic\plastic111.jpg,plastic
archive/Garbage Classification\cardboard\cardboard383.jpg,cardboard
archive/Garbage Classification\cardboard\cardboard245.jpg,cardboard
archive/Garbage Classification\plastic\plastic383.jpg,plastic
archive/Garbage Classification\plastic\plastic24.jpg,plastic
archive/Garbage Classification\paper\paper286.jpg,paper
archive/Garbage Classification\plastic\plastic400.jpg,plastic
archive/Garbage Classification\plastic\plastic280.jpg,plastic
archive/Garbage Classification\metal\metal127.jpg,metal
archive/Garbage Classification\paper\paper234.jpg,paper
archive/Garbage Classification\paper\paper184.jpg,paper
archive/Garbage Classification\plastic\plastic347.jpg,plastic
archive/Garbage Classification\plastic\plastic49.jpg,plastic
archive/Garbage Classification\plastic\plastic28.jpg,plastic
archive/Garbage Classification\plastic\plastic288.jpg,plastic
archive/Garbage Classification\metal\metal274.jpg,metal
archive/Garbage Classification\cardboard\cardboard225.jpg,cardboard
archive/Garbage Classification\paper\paper61.jpg,paper
archive/Garbage Classification\cardboard\cardboard218.jpg,cardboard
archive/Garbage Classification\cardboard\cardboard224.jpg,cardboard
archive/Garbage Classification\paper\paper359.jpg,paper
archive/Garbage Classification\plastic\plastic421.jpg,plastic
archive/Garbage Classification\paper\paper256.jpg,paper
archive/Garbage Classification\glass\glass293.jpg,glass
archive/Garbage Classification\glass\glass157.jpg,glass
archive/Garbage Classification\glass\glass385.jpg,glass
archive/Garbage Classification\metal\metal157.jpg,metal
archive/Garbage Classification\metal\metal115.jpg,metal
archive/Garbage Classification\cardboard\cardboard403.jpg,cardboard
archive/Garbage Classification\glass\glass49.jpg,glass
archive/Garbage Classification\paper\paper478.jpg,paper
archive/Garbage Classification\plastic\plastic468.jpg,plastic
archive/Garbage Classification\paper\paper471.jpg,paper
archive/Garbage Classification\plastic\plastic352.jpg,plastic
archive/Garbage Classification\cardboard\cardboard304.jpg,cardboard
archive/Garbage Classification\paper\paper393.jpg,paper
archive/Garbage Classification\paper\paper411.jpg,paper
archive/Garbage Classification\cardboard\cardboard370.jpg,cardboard
archive/Garbage Classification\glass\glass379.jpg,glass
archive/Garbage Classification\cardboard\cardboard196.jpg,cardboard
archive/Garbage Classification\trash\trash131.jpg,trash
archive/Garbage Classification\plastic\plastic101.jpg,plastic
archive/Garbage Classification\plastic\plastic133.jpg,plastic
archive/Garbage Classification\paper\paper10.jpg,paper
archive/Garbage Classification\paper\paper545.jpg,paper
archive/Garbage Classification\metal\metal101.jpg,metal
archive/Garbage Classification\plastic\plastic14.jpg,plastic
archive/Garbage Classification\glass\glass475.jpg,glass
archive/Garbage Classification\metal\metal75.jpg,metal
archive/Garbage Classification\paper\paper273.jpg,paper
archive/Garbage Classification\glass\glass417.jpg,glass
archive/Garbage Classification\metal\metal251.jpg,metal
archive/Garbage Classification\metal\metal306.jpg,metal
archive/Garbage Classification\plastic\plastic254.jpg,plastic
archive/Garbage Classification\metal\metal121.jpg,metal
archive/Garbage Classification\metal\metal42.jpg,metal
archive/Garbage Classification\cardboard\cardboard327.jpg,cardboard
archive/Garbage Classification\glass\glass135.jpg,glass
archive/Garbage Classification\glass\glass179.jpg,glass
archive/Garbage Classification\plastic\plastic423.jpg,plastic
archive/Garbage Classification\plastic\plastic473.jpg,plastic
archive/Garbage Classification\plastic\plastic251.jpg,plastic
archive/Garbage Classification\paper\paper493.jpg,paper
archive/Garbage Classification\paper\paper257.jpg,paper
archive/Garbage Classification\metal\metal11.jpg,metal
archive/Garbage Classification\cardboard\cardboard187.jpg,cardboard
archive/Garbage Classification\metal\metal181.jpg,metal
archive/Garbage Classification\plastic\plastic412.jpg,plastic
archive/Garbage Classification\trash\trash49.jpg,trash
archive/Garbage Classification\glass\glass161.jpg,glass
archive/Garbage Classification\glass\glass390.jpg,glass
archive/Garbage Classification\trash\trash135.jpg,trash
archive/Garbage Classification\cardboard\cardboard332.jpg,cardboard
archive/Garbage Classification\plastic\plastic293.jpg,plastic
archive/Garbage Classification\plastic\plastic74.jpg,plastic
archive/Garbage Classification\paper\paper534.jpg,paper
archive/Garbage Classification\glass\glass155.jpg,glass
archive/Garbage Classification\plastic\plastic220.jpg,plastic
archive/Garbage Classification\paper\paper18.jpg,paper
archive/Garbage Classification\paper\paper432.jpg,paper
archive/Garbage Classification\metal\metal242.jpg,metal
archive/Garbage Classification\metal\metal350.jpg,metal
archive/Garbage Classification\trash\trash26.jpg,trash
archive/Garbage Classification\glass\glass439.jpg,glass
archive/Garbage Classification\paper\paper111.jpg,paper
archive/Garbage Classification\paper\paper418.jpg,paper
archive/Garbage Classification\paper\paper441.jpg,paper
archive/Garbage Classification\cardboard\cardboard88.jpg,cardboard
archive/Garbage Classification\glass\glass369.jpg,glass
archive/Garbage Classification\metal\metal60.jpg,metal
archive/Garbage Classification\glass\glass425.jpg,glass
archive/Garbage Classification\plastic\plastic467.jpg,plastic
archive/Garbage Classification\paper\paper575.jpg,paper
archive/Garbage Classification\plastic\plastic177.jpg,plastic
archive/Garbage Classification\cardboard\cardboard393.jpg,cardboard
archive/Garbage Classification\paper\paper268.jpg,paper
archive/Garbage Classification\paper\paper137.jpg,paper
archive/Garbage Classification\paper\paper327.jpg,paper
archive/Garbage Classification\plastic\plastic406.jpg,plastic
archive/Garbage Classification\paper\paper523.jpg,paper
archive/Garbage Classification\paper\paper180.jpg,paper
archive/Garbage Classification\glass\glass368.jpg,glass
archive/Garbage Classification\plastic\plastic194.jpg,plastic
archive/Garbage Classification\cardboard\cardboard285.jpg,cardboard
archive/Garbage Classification\glass\glass235.jpg,glass
archive/Garbage Classification\metal\metal120.jpg,metal
archive/Garbage Classification\metal\metal287.jpg,metal
archive/Garbage Classification\plastic\plastic321.jpg,plastic
archive/Garbage Classification\metal\metal179.jpg,metal
archive/Garbage Classification\cardboard\cardboard97.jpg,cardboard
archive/Garbage Classification\trash\trash15.jpg,trash
archive/Garbage Classification\plastic\plastic362.jpg,plastic
archive/Garbage Classification\cardboard\cardboard397.jpg,cardboard
archive/Garbage Classification\cardboard\cardboard191.jpg,cardboard
archive/Garbage Classification\paper\paper457.jpg,paper
archive/Garbage Classification\metal\metal269.jpg,metal
archive/Garbage Classification\paper\paper578.jpg,paper
archive/Garbage Classification\plastic\plastic345.jpg,plastic
archive/Garbage Classification\trash\trash54.jpg,trash
archive/Garbage Classification\trash\trash48.jpg,trash
archive/Garbage Classification\glass\glass221.jpg,glass
archive/Garbage Classification\paper\paper459.jpg,paper
archive/Garbage Classification\paper\paper573.jpg,paper
archive/Garbage Classification\paper\paper103.jpg,paper
archive/Garbage Classification\metal\metal59.jpg,metal
archive/Garbage Classification\metal\metal93.jpg,metal
archive/Garbage Classification\cardboard\cardboard91.jpg,cardboard
archive/Garbage Classification\glass\glass145.jpg,glass
archive/Garbage Classification\plastic\plastic126.jpg,plastic
archive/Garbage Classification\cardboard\cardboard287.jpg,cardboard
archive/Garbage Classification\glass\glass17.jpg,glass
archive/Garbage Classification\metal\metal86.jpg,metal
archive/Garbage Classification\trash\trash115.jpg,trash
archive/Garbage Classification\paper\paper320.jpg,paper
archive/Garbage Classification\metal\metal304.jpg,metal
archive/Garbage Classification\paper\paper498.jpg,paper
archive/Garbage Classification\cardboard\cardboard401.jpg,cardboard
archive/Garbage Classification\paper\paper518.jpg,paper
archive/Garbage Classification\glass\glass423.jpg,glass
archive/Garbage Classification\trash\trash118.jpg,trash
archive/Garbage Classification\plastic\plastic80.jpg,plastic
archive/Garbage Classification\metal\metal212.jpg,metal
archive/Garbage Classification\paper\paper162.jpg,paper
archive/Garbage Classification\trash\trash96.jpg,trash
archive/Garbage Classification\metal\metal23.jpg,metal
archive/Garbage Classification\metal\metal10.jpg,metal
archive/Garbage Classification\glass\glass313.jpg,glass
archive/Garbage Classification\plastic\plastic399.jpg,plastic
archive/Garbage Classification\cardboard\cardboard26.jpg,cardboard
archive/Garbage Classification\paper\paper198.jpg,paper
archive/Garbage Classification\cardboard\cardboard354.jpg,cardboard
archive/Garbage Classification\cardboard\cardboard387.jpg,cardboard
archive/Garbage Classification\metal\metal222.jpg,metal
archive/Garbage Classification\glass\glass181.jpg,glass
archive/Garbage Classification\trash\trash92.jpg,trash
archive/Garbage Classification\cardboard\cardboard157.jpg,cardboard
archive/Garbage Classification\paper\paper49.jpg,paper
archive/Garbage Classification\plastic\plastic227.jpg,plastic
archive/Garbage Classification\plastic\plastic181.jpg,plastic
archive/Garbage Classification\plastic\plastic332.jpg,plastic
archive/Garbage Classification\cardboard\cardboard90.jpg,cardboard
archive/Garbage Classification\trash\trash18.jpg,trash
archive/Garbage Classification\plastic\plastic189.jpg,plastic
archive/Garbage Classification\metal\metal317.jpg,metal
archive/Garbage Classification\metal\metal233.jpg,metal
archive/Garbage Classification\paper\paper272.jpg,paper
archive/Garbage Classification\paper\paper314.jpg,paper
archive/Garbage Classification\glass\glass289.jpg,glass
archive/Garbage Classification\glass\glass255.jpg,glass
archive/Garbage Classification\glass\glass126.jpg,glass
archive/Garbage Classification\metal\metal180.jpg,metal
archive/Garbage Classification\paper\paper582.jpg,paper
archive/Garbage Classification\paper\paper167.jpg,paper
archive/Garbage Classification\plastic\plastic320.jpg,plastic
archive/Garbage Classification\plastic\plastic420.jpg,plastic
archive/Garbage Classification\plastic\plastic112.jpg,plastic
archive/Garbage Classification\plastic\plastic139.jpg,plastic
archive/Garbage Classification\cardboard\cardboard292.jpg,cardboard
archive/Garbage Classification\paper\paper308.jpg,paper
archive/Garbage Classification\metal\metal231.jpg,metal
archive/Garbage Classification\cardboard\cardboard380.jpg,cardboard
archive/Garbage Classification\cardboard\cardboard99.jpg,cardboard
archive/Garbage Classification\cardboard\cardboard172.jpg,cardboard
archive/Garbage Classification\glass\glass500.jpg,glass
archive/Garbage Classification\metal\metal214.jpg,metal
archive/Garbage Classification\metal\metal126.jpg,metal
archive/Garbage Classification\glass\glass227.jpg,glass
archive/Garbage Classification\paper\paper267.jpg,paper
archive/Garbage Classification\glass\glass378.jpg,glass
archive/Garbage Classification\metal\metal191.jpg,metal
archive/Garbage Classification\glass\glass220.jpg,glass
archive/Garbage Classification\metal\metal39.jpg,metal
archive/Garbage Classification\paper\paper205.jpg,paper
archive/Garbage Classification\cardboard\cardboard339.jpg,cardboard
archive/Garbage Classification\glass\glass156.jpg,glass
archive/Garbage Classification\plastic\plastic408.jpg,plastic
archive/Garbage Classification\cardboard\cardboard70.jpg,cardboard
archive/Garbage Classification\cardboard\cardboard228.jpg,cardboard
archive/Garbage Classification\metal\metal329.jpg,metal
archive/Garbage Classification\glass\glass309.jpg,glass
archive/Garbage Classification\cardboard\cardboard135.jpg,cardboard
archive/Garbage Classification\cardboard\cardboard114.jpg,cardboard
archive/Garbage Classification\glass\glass89.jpg,glass
archive/Garbage Classification\paper\paper311.jpg,paper
archive/Garbage Classification\paper\paper120.jpg,paper
archive/Garbage Classification\cardboard\cardboard18.jpg,cardboard
archive/Garbage Classification\glass\glass372.jpg,glass
archive/Garbage Classification\metal\metal330.jpg,metal
archive/Garbage Classification\paper\paper230.jpg,paper
archive/Garbage Classification\cardboard\cardboard104.jpg,cardboard
archive/Garbage Classification\paper\paper211.jpg,paper
archive/Garbage Classification\paper\paper371.jpg,paper
archive/Garbage Classification\glass\glass436.jpg,glass
archive/Garbage Classification\glass\glass176.jpg,glass
archive/Garbage Classification\cardboard\cardboard221.jpg,cardboard
archive/Garbage Classification\plastic\plastic108.jpg,plastic
archive/Garbage Classification\paper\paper312.jpg,paper
archive/Garbage Classification\cardboard\cardboard388.jpg,cardboard
archive/Garbage Classification\paper\paper13.jpg,paper
archive/Garbage Classification\glass\glass184.jpg,glass
archive/Garbage Classification\trash\trash69.jpg,trash
archive/Garbage Classification\glass\glass490.jpg,glass
archive/Garbage Classification\plastic\plastic259.jpg,plastic
archive/Garbage Classification\plastic\plastic367.jpg,plastic
archive/Garbage Classification\metal\metal38.jpg,metal
archive/Garbage Classification\plastic\plastic303.jpg,plastic
archive/Garbage Classification\metal\metal364.jpg,metal
archive/Garbage Classification\plastic\plastic385.jpg,plastic
archive/Garbage Classification\metal\metal108.jpg,metal
archive/Garbage Classification\glass\glass433.jpg,glass
archive/Garbage Classification\glass\glass424.jpg,glass
archive/Garbage Classification\paper\paper231.jpg,paper
archive/Garbage Classification\plastic\plastic223.jpg,plastic
archive/Garbage Classification\plastic\plastic128.jpg,plastic
archive/Garbage Classification\cardboard\cardboard188.jpg,cardboard
archive/Garbage Classification\metal\metal175.jpg,metal
archive/Garbage Classification\glass\glass320.jpg,glass
archive/Garbage Classification\metal\metal297.jpg,metal
archive/Garbage Classification\metal\metal262.jpg,metal
archive/Garbage Classification\cardboard\cardboard163.jpg,cardboard
archive/Garbage Classification\metal\metal61.jpg,metal
archive/Garbage Classification\glass\glass375.jpg,glass
archive/Garbage Classification\paper\paper173.jpg,paper
archive/Garbage Classification\glass\glass116.jpg,glass
archive/Garbage Classification\plastic\plastic295.jpg,plastic
archive/Garbage Classification\plastic\plastic237.jpg,plastic
archive/Garbage Classification\cardboard\cardboard106.jpg,cardboard
archive/Garbage Classification\cardboard\cardboard205.jpg,cardboard
archive/Garbage Classification\plastic\plastic278.jpg,plastic
archive/Garbage Classification\cardboard\cardboard253.jpg,cardboard
archive/Garbage Classification\paper\paper391.jpg,paper
archive/Garbage Classification\metal\metal392.jpg,metal
archive/Garbage Classification\metal\metal129.jpg,metal
archive/Garbage Classification\paper\paper467.jpg,paper
archive/Garbage Classification\glass\glass131.jpg,glass
archive/Garbage Classification\plastic\plastic275.jpg,plastic
archive/Garbage Classification\metal\metal48.jpg,metal
archive/Garbage Classification\plastic\plastic312.jpg,plastic
archive/Garbage Classification\glass\glass359.jpg,glass
archive/Garbage Classification\glass\glass68.jpg,glass
archive/Garbage Classification\paper\paper105.jpg,paper
archive/Garbage Classification\glass\glass398.jpg,glass
archive/Garbage Classification\paper\paper456.jpg,paper
archive/Garbage Classification\cardboard\cardboard376.jpg,cardboard
archive/Garbage Classification\cardboard\cardboard28.jpg,cardboard
archive/Garbage Classification\cardboard\cardboard222.jpg,cardboard
archive/Garbage Classification\glass\glass409.jpg,glass
archive/Garbage Classification\glass\glass9.jpg,glass
archive/Garbage Classification\plastic\plastic274.jpg,plastic
archive/Garbage Classification\glass\glass499.jpg,glass
archive/Garbage Classification\paper\paper330.jpg,paper
archive/Garbage Classification\paper\paper329.jpg,paper
archive/Garbage Classification\glass\glass383.jpg,glass
archive/Garbage Classification\cardboard\cardboard250.jpg,cardboard
archive/Garbage Classification\cardboard\cardboard57.jpg,cardboard
archive/Garbage Classification\cardboard\cardboard144.jpg,cardboard
archive/Garbage Classification\plastic\plastic482.jpg,plastic
archive/Garbage Classification\metal\metal237.jpg,metal
archive/Garbage Classification\plastic\plastic298.jpg,plastic
archive/Garbage Classification\glass\glass346.jpg,glass
archive/Garbage Classification\paper\paper509.jpg,paper
archive/Garbage Classification\plastic\plastic50.jpg,plastic
archive/Garbage Classification\cardboard\cardboard85.jpg,cardboard
archive/Garbage Classification\glass\glass473.jpg,glass
archive/Garbage Classification\paper\paper202.jpg,paper
archive/Garbage Classification\paper\paper532.jpg,paper
archive/Garbage Classification\metal\metal295.jpg,metal
archive/Garbage Classification\metal\metal255.jpg,metal
archive/Garbage Classification\cardboard\cardboard166.jpg,cardboard
archive/Garbage Classification\paper\paper295.jpg,paper
archive/Garbage Classification\cardboard\cardboard328.jpg,cardboard
archive/Garbage Classification\paper\paper538.jpg,paper
archive/Garbage Classification\paper\paper107.jpg,paper
archive/Garbage Classification\paper\paper54.jpg,paper
archive/Garbage Classification\glass\glass132.jpg,glass
archive/Garbage Classification\paper\paper474.jpg,paper
archive/Garbage Classification\paper\paper219.jpg,paper
archive/Garbage Classification\paper\paper226.jpg,paper
archive/Garbage Classification\cardboard\cardboard147.jpg,cardboard
archive/Garbage Classification\trash\trash113.jpg,trash
archive/Garbage Classification\metal\metal203.jpg,metal
archive/Garbage Classification\glass\glass19.jpg,glass
archive/Garbage Classification\metal\metal393.jpg,metal
archive/Garbage Classification\paper\paper178.jpg,paper
archive/Garbage Classification\plastic\plastic396.jpg,plastic
archive/Garbage Classification\paper\paper390.jpg,paper
archive/Garbage Classification\trash\trash100.jpg,trash
archive/Garbage Classification\paper\paper27.jpg,paper
archive/Garbage Classification\paper\paper131.jpg,paper
archive/Garbage Classification\glass\glass163.jpg,glass
archive/Garbage Classification\paper\paper171.jpg,paper
archive/Garbage Classification\plastic\plastic242.jpg,plastic
archive/Garbage Classification\paper\paper381.jpg,paper
archive/Garbage Classification\metal\metal279.jpg,metal
archive/Garbage Classification\glass\glass153.jpg,glass
archive/Garbage Classification\cardboard\cardboard42.jpg,cardboard
archive/Garbage Classification\plastic\plastic64.jpg,plastic
archive/Garbage Classification\cardboard\cardboard66.jpg,cardboard
archive/Garbage Classification\glass\glass67.jpg,glass
archive/Garbage Classification\cardboard\cardboard212.jpg,cardboard
archive/Garbage Classification\plastic\plastic45.jpg,plastic
archive/Garbage Classification\cardboard\cardboard113.jpg,cardboard
archive/Garbage Classification\paper\paper431.jpg,paper
archive/Garbage Classification\paper\paper449.jpg,paper
archive/Garbage Classification\paper\paper301.jpg,paper
archive/Garbage Classification\paper\paper170.jpg,paper
archive/Garbage Classification\plastic\plastic151.jpg,plastic
archive/Garbage Classification\metal\metal43.jpg,metal
archive/Garbage Classification\paper\paper511.jpg,paper
archive/Garbage Classification\trash\trash93.jpg,trash
archive/Garbage Classification\metal\metal166.jpg,metal
archive/Garbage Classification\glass\glass324.jpg,glass
archive/Garbage Classification\metal\metal149.jpg,metal
archive/Garbage Classification\plastic\plastic55.jpg,plastic
archive/Garbage Classification\glass\glass59.jpg,glass
archive/Garbage Classification\metal\metal344.jpg,metal
archive/Garbage Classification\plastic\plastic326.jpg,plastic
archive/Garbage Classification\paper\paper201.jpg,paper
archive/Garbage Classification\glass\glass278.jpg,glass
archive/Garbage Classification\plastic\plastic413.jpg,plastic
archive/Garbage Classification\paper\paper6.jpg,paper
archive/Garbage Classification\metal\metal319.jpg,metal
archive/Garbage Classification\paper\paper196.jpg,paper
archive/Garbage Classification\glass\glass16.jpg,glass
archive/Garbage Classification\metal\metal408.jpg,metal
archive/Garbage Classification\plastic\plastic224.jpg,plastic
archive/Garbage Classification\paper\paper65.jpg,paper
archive/Garbage Classification\metal\metal6.jpg,metal
archive/Garbage Classification\metal\metal328.jpg,metal
archive/Garbage Classification\paper\paper154.jpg,paper
archive/Garbage Classification\plastic\plastic77.jpg,plastic
archive/Garbage Classification\paper\paper375.jpg,paper
archive/Garbage Classification\paper\paper356.jpg,paper
archive/Garbage Classification\cardboard\cardboard15.jpg,cardboard
archive/Garbage Classification\metal\metal335.jpg,metal
archive/Garbage Classification\glass\glass312.jpg,glass
archive/Garbage Classification\glass\glass273.jpg,glass
archive/Garbage Classification\glass\glass459.jpg,glass
archive/Garbage Classification\metal\metal224.jpg,metal
archive/Garbage Classification\glass\glass33.jpg,glass
archive/Garbage Classification\metal\metal164.jpg,metal
archive/Garbage Classification\cardboard\cardboard299.jpg,cardboard
archive/Garbage Classification\plastic\plastic373.jpg,plastic
archive/Garbage Classification\paper\paper227.jpg,paper
archive/Garbage Classification\paper\paper313.jpg,paper
archive/Garbage Classification\metal\metal311.jpg,metal
archive/Garbage Classification\plastic\plastic417.jpg,plastic
archive/Garbage Classification\glass\glass219.jpg,glass
archive/Garbage Classification\plastic\plastic465.jpg,plastic
archive/Garbage Classification\cardboard\cardboard320.jpg,cardboard
archive/Garbage Classification\plastic\plastic124.jpg,plastic
archive/Garbage Classification\metal\metal49.jpg,metal
archive/Garbage Classification\cardboard\cardboard252.jpg,cardboard
archive/Garbage Classification\paper\paper215.jpg,paper
archive/Garbage Classification\trash\trash126.jpg,trash
archive/Garbage Classification\metal\metal19.jpg,metal
archive/Garbage Classification\glass\glass298.jpg,glass
archive/Garbage Classification\cardboard\cardboard76.jpg,cardboard
archive/Garbage Classification\plastic\plastic17.jpg,plastic
archive/Garbage Classification\plastic\plastic70.jpg,plastic
archive/Garbage Classification\glass\glass154.jpg,glass
archive/Garbage Classification\glass\glass77.jpg,glass
archive/Garbage Classification\glass\glass196.jpg,glass
archive/Garbage Classification\metal\metal336.jpg,metal
archive/Garbage Classification\paper\paper444.jpg,paper
archive/Garbage Classification\cardboard\cardboard179.jpg,cardboard
archive/Garbage Classification\plastic\plastic314.jpg,plastic
archive/Garbage Classification\glass\glass21.jpg,glass
archive/Garbage Classification\metal\metal159.jpg,metal
archive/Garbage Classification\glass\glass407.jpg,glass
archive/Garbage Classification\paper\paper52.jpg,paper
archive/Garbage Classification\glass\glass328.jpg,glass
archive/Garbage Classification\glass\glass384.jpg,glass
archive/Garbage Classification\paper\paper17.jpg,paper
archive/Garbage Classification\paper\paper40.jpg,paper
archive/Garbage Classification\glass\glass430.jpg,glass
archive/Garbage Classification\glass\glass229.jpg,glass
archive/Garbage Classification\plastic\plastic438.jpg,plastic
archive/Garbage Classification\trash\trash116.jpg,trash
archive/Garbage Classification\plastic\plastic153.jpg,plastic
archive/Garbage Classification\cardboard\cardboard251.jpg,cardboard
archive/Garbage Classification\metal\metal142.jpg,metal
archive/Garbage Classification\glass\glass495.jpg,glass
archive/Garbage Classification\paper\paper382.jpg,paper
archive/Garbage Classification\glass\glass8.jpg,glass
archive/Garbage Classification\paper\paper383.jpg,paper
archive/Garbage Classification\plastic\plastic307.jpg,plastic
archive/Garbage Classification\metal\metal73.jpg,metal
archive/Garbage Classification\plastic\plastic81.jpg,plastic
archive/Garbage Classification\paper\paper334.jpg,paper
archive/Garbage Classification\paper\paper26.jpg,paper
archive/Garbage Classification\glass\glass118.jpg,glass
archive/Garbage Classification\plastic\plastic284.jpg,plastic
archive/Garbage Classification\metal\metal342.jpg,metal
archive/Garbage Classification\plastic\plastic461.jpg,plastic
archive/Garbage Classification\metal\metal243.jpg,metal
archive/Garbage Classification\cardboard\cardboard343.jpg,cardboard
archive/Garbage Classification\metal\metal395.jpg,metal
archive/Garbage Classification\plastic\plastic441.jpg,plastic
archive/Garbage Classification\metal\metal405.jpg,metal
archive/Garbage Classification\plastic\plastic168.jpg,plastic
archive/Garbage Classification\paper\paper433.jpg,paper
archive/Garbage Classification\metal\metal272.jpg,metal
archive/Garbage Classification\paper\paper212.jpg,paper
archive/Garbage Classification\plastic\plastic381.jpg,plastic
archive/Garbage Classification\paper\paper463.jpg,paper
archive/Garbage Classification\cardboard\cardboard307.jpg,cardboard
archive/Garbage Classification\plastic\plastic329.jpg,plastic
archive/Garbage Classification\glass\glass413.jpg,glass
archive/Garbage Classification\paper\paper92.jpg,paper
archive/Garbage Classification\paper\paper191.jpg,paper
archive/Garbage Classification\paper\paper37.jpg,paper
archive/Garbage Classification\metal\metal289.jpg,metal
archive/Garbage Classification\paper\paper296.jpg,paper
archive/Garbage Classification\plastic\plastic391.jpg,plastic
archive/Garbage Classification\paper\paper527.jpg,paper
archive/Garbage Classification\metal\metal198.jpg,metal
archive/Garbage Classification\paper\paper500.jpg,paper
archive/Garbage Classification\metal\metal34.jpg,metal
archive/Garbage Classification\trash\trash24.jpg,trash
archive/Garbage Classification\plastic\plastic16.jpg,plastic
archive/Garbage Classification\paper\paper394.jpg,paper
archive/Garbage Classification\plastic\plastic170.jpg,plastic
archive/Garbage Classification\trash\trash108.jpg,trash
archive/Garbage Classification\paper\paper409.jpg,paper
archive/Garbage Classification\paper\paper21.jpg,paper
archive/Garbage Classification\glass\glass262.jpg,glass
archive/Garbage Classification\paper\paper281.jpg,paper
archive/Garbage Classification\plastic\plastic232.jpg,plastic
archive/Garbage Classification\glass\glass5.jpg,glass
archive/Garbage Classification\paper\paper424.jpg,paper
archive/Garbage Classification\cardboard\cardboard108.jpg,cardboard
archive/Garbage Classification\cardboard\cardboard226.jpg,cardboard
archive/Garbage Classification\trash\trash56.jpg,trash
archive/Garbage Classification\paper\paper421.jpg,paper
archive/Garbage Classification\plastic\plastic47.jpg,plastic
archive/Garbage Classification\trash\trash122.jpg,trash
archive/Garbage Classification\metal\metal188.jpg,metal
archive/Garbage Classification\paper\paper496.jpg,paper
archive/Garbage Classification\cardboard\cardboard283.jpg,cardboard
archive/Garbage Classification\cardboard\cardboard346.jpg,cardboard
archive/Garbage Classification\glass\glass222.jpg,glass
archive/Garbage Classification\glass\glass29.jpg,glass
archive/Garbage Classification\glass\glass64.jpg,glass
archive/Garbage Classification\plastic\plastic447.jpg,plastic
archive/Garbage Classification\metal\metal53.jpg,metal
archive/Garbage Classification\plastic\plastic63.jpg,plastic
archive/Garbage Classification\paper\paper38.jpg,paper
archive/Garbage Classification\cardboard\cardboard77.jpg,cardboard
archive/Garbage Classification\plastic\plastic200.jpg,plastic
archive/Garbage Classification\plastic\plastic277.jpg,plastic
archive/Garbage Classification\paper\paper358.jpg,paper
archive/Garbage Classification\trash\trash40.jpg,trash
archive/Garbage Classification\plastic\plastic270.jpg,plastic
archive/Garbage Classification\cardboard\cardboard64.jpg,cardboard
archive/Garbage Classification\glass\glass422.jpg,glass
archive/Garbage Classification\metal\metal33.jpg,metal
archive/Garbage Classification\cardboard\cardboard36.jpg,cardboard
archive/Garbage Classification\paper\paper572.jpg,paper
archive/Garbage Classification\paper\paper220.jpg,paper
archive/Garbage Classification\cardboard\cardboard92.jpg,cardboard
archive/Garbage Classification\paper\paper41.jpg,paper
archive/Garbage Classification\metal\metal270.jpg,metal
archive/Garbage Classification\plastic\plastic470.jpg,plastic
archive/Garbage Classification\glass\glass78.jpg,glass
archive/Garbage Classification\trash\trash78.jpg,trash
archive/Garbage Classification\cardboard\cardboard361.jpg,cardboard
archive/Garbage Classification\glass\glass334.jpg,glass
archive/Garbage Classification\cardboard\cardboard47.jpg,cardboard
archive/Garbage Classification\cardboard\cardboard83.jpg,cardboard
archive/Garbage Classification\plastic\plastic353.jpg,plastic
archive/Garbage Classification\paper\paper452.jpg,paper
archive/Garbage Classification\glass\glass25.jpg,glass
archive/Garbage Classification\glass\glass308.jpg,glass
archive/Garbage Classification\glass\glass58.jpg,glass
archive/Garbage Classification\trash\trash20.jpg,trash
archive/Garbage Classification\plastic\plastic122.jpg,plastic
archive/Garbage Classification\plastic\plastic247.jpg,plastic
archive/Garbage Classification\paper\paper143.jpg,paper
archive/Garbage Classification\paper\paper187.jpg,paper
archive/Garbage Classification\plastic\plastic121.jpg,plastic
archive/Garbage Classification\glass\glass447.jpg,glass
archive/Garbage Classification\paper\paper279.jpg,paper
archive/Garbage Classification\trash\trash83.jpg,trash
archive/Garbage Classification\glass\glass415.jpg,glass
archive/Garbage Classification\plastic\plastic422.jpg,plastic
archive/Garbage Classification\glass\glass437.jpg,glass
archive/Garbage Classification\glass\glass208.jpg,glass
archive/Garbage Classification\metal\metal89.jpg,metal
archive/Garbage Classification\paper\paper258.jpg,paper
archive/Garbage Classification\paper\paper526.jpg,paper
archive/Garbage Classification\plastic\plastic359.jpg,plastic
archive/Garbage Classification\plastic\plastic366.jpg,plastic
archive/Garbage Classification\cardboard\cardboard35.jpg,cardboard
archive/Garbage Classification\cardboard\cardboard138.jpg,cardboard
archive/Garbage Classification\metal\metal81.jpg,metal
archive/Garbage Classification\cardboard\cardboard266.jpg,cardboard
archive/Garbage Classification\glass\glass305.jpg,glass
archive/Garbage Classification\glass\glass400.jpg,glass
archive/Garbage Classification\metal\metal2.jpg,metal
archive/Garbage Classification\plastic\plastic409.jpg,plastic
archive/Garbage Classification\cardboard\cardboard20.jpg,cardboard
archive/Garbage Classification\plastic\plastic219.jpg,plastic
archive/Garbage Classification\plastic\plastic8.jpg,plastic
archive/Garbage Classification\cardboard\cardboard107.jpg,cardboard
archive/Garbage Classification\paper\paper48.jpg,paper
archive/Garbage Classification\trash\trash134.jpg,trash
